1Custom SA02	crinacle	711	crinacle/711%20in-ear/1Custom%20SA02
1Custom SA03	crinacle	711	crinacle/711%20in-ear/1Custom%20SA03
1Custom SA05	crinacle	711	crinacle/711%20in-ear/1Custom%20SA05
1MORE Aero (ANC Off)	HypetheSonics	GRAS RA0045	HypetheSonics/GRAS%20RA0045%20in-ear/1MORE%20Aero%20(ANC%20Off)
1MORE Aero (ANC On)	HypetheSonics	GRAS RA0045	HypetheSonics/GRAS%20RA0045%20in-ear/1MORE%20Aero%20(ANC%20On)
1MORE Aero (transparency mode)	HypetheSonics	GRAS RA0045	HypetheSonics/GRAS%20RA0045%20in-ear/1MORE%20Aero%20(transparency%20mode)
1MORE ComfoBuds Mini	DHRME		DHRME/in-ear/1MORE%20ComfoBuds%20Mini
1MORE Crystal Piston	Innerfidelity		Innerfidelity/in-ear/1MORE%20Crystal%20Piston
1MORE Dual Driver	crinacle	711	crinacle/711%20in-ear/1MORE%20Dual%20Driver
1MORE EVO	HypetheSonics	GRAS RA0045	HypetheSonics/GRAS%20RA0045%20in-ear/1MORE%20EVO
1MORE Fit Open Earbuds S50	HypetheSonics	GRAS RA0045	HypetheSonics/GRAS%20RA0045%20in-ear/1MORE%20Fit%20Open%20Earbuds%20S50
1MORE Fit Open Earbuds S50	Regan Cipher		Regan%20Cipher/in-ear/1MORE%20Fit%20Open%20Earbuds%20S50
1MORE Fit SE S30	HypetheSonics	GRAS RA0045	HypetheSonics/GRAS%20RA0045%20in-ear/1MORE%20Fit%20SE%20S30
1MORE MK801	crinacle	GRAS 43AG-7	crinacle/GRAS%2043AG-7%20over-ear/1MORE%20MK801
1MORE MK801	Innerfidelity		Innerfidelity/over-ear/1MORE%20MK801
1MORE Multi Unit Earphones	Innerfidelity		Innerfidelity/in-ear/1MORE%20Multi%20Unit%20Earphones
1MORE Omthing Airfree 2	Regan Cipher		Regan%20Cipher/in-ear/1MORE%20Omthing%20Airfree%202
1MORE Penta Driver	HypetheSonics	GRAS RA0045	HypetheSonics/GRAS%20RA0045%20in-ear/1MORE%20Penta%20Driver
1MORE Piston Classic	Rtings	HMS II.3	Rtings/HMS%20II.3%20in-ear/1MORE%20Piston%20Classic
1MORE Piston Fit	Rtings	HMS II.3	Rtings/HMS%20II.3%20in-ear/1MORE%20Piston%20Fit
1MORE Piston	crinacle	711	crinacle/711%20in-ear/1MORE%20Piston
1MORE PistonBuds Pro Q30	Regan Cipher		Regan%20Cipher/in-ear/1MORE%20PistonBuds%20Pro%20Q30
1MORE PistonBuds Pro	HypetheSonics	GRAS RA0045	HypetheSonics/GRAS%20RA0045%20in-ear/1MORE%20PistonBuds%20Pro
1MORE Quad Driver	crinacle	711	crinacle/711%20in-ear/1MORE%20Quad%20Driver
1MORE Quad Driver	HypetheSonics	Bruel & Kjaer 5128	HypetheSonics/Bruel%20&%20Kjaer%205128%20in-ear/1MORE%20Quad%20Driver
1MORE Quad Driver	oratory1990		oratory1990/in-ear/1MORE%20Quad%20Driver
1MORE Quad Driver	Rtings	HMS II.3	Rtings/HMS%20II.3%20in-ear/1MORE%20Quad%20Driver
1MORE Single Driver	crinacle	711	crinacle/711%20in-ear/1MORE%20Single%20Driver
1MORE Single Driver	oratory1990		oratory1990/in-ear/1MORE%20Single%20Driver
1MORE SonoFlow	oratory1990		oratory1990/over-ear/1MORE%20SonoFlow
1MORE Stylish	crinacle	711	crinacle/711%20in-ear/1MORE%20Stylish
1MORE Triple Driver LTNG	oratory1990		oratory1990/in-ear/1MORE%20Triple%20Driver%20LTNG
1MORE Triple Driver Over Ear	Innerfidelity		Innerfidelity/over-ear/1MORE%20Triple%20Driver%20Over%20Ear
1MORE Triple Driver Over Ear	oratory1990		oratory1990/over-ear/1MORE%20Triple%20Driver%20Over%20Ear
1MORE Triple Driver	crinacle	711	crinacle/711%20in-ear/1MORE%20Triple%20Driver
1MORE Triple Driver	HypetheSonics	Bruel & Kjaer 5128	HypetheSonics/Bruel%20&%20Kjaer%205128%20in-ear/1MORE%20Triple%20Driver
1MORE Triple Driver	Innerfidelity		Innerfidelity/in-ear/1MORE%20Triple%20Driver
1MORE Triple Driver	Rtings	HMS II.3	Rtings/HMS%20II.3%20in-ear/1MORE%20Triple%20Driver
1MORE Voice of China	Innerfidelity		Innerfidelity/in-ear/1MORE%20Voice%20of%20China
634ears MIROAK-II	Super Review		Super%20Review/in-ear/634ears%20MIROAK-II
64 Audio A12t (CIEM)	crinacle	711	crinacle/711%20in-ear/64%20Audio%20A12t%20(CIEM)
64 Audio A12t (m15 Apex module)	freeryder05		freeryder05/in-ear/64%20Audio%20A12t%20(m15%20Apex%20module)
64 Audio A12t (m15 Apex module)	oratory1990		oratory1990/in-ear/64%20Audio%20A12t%20(m15%20Apex%20module)
64 Audio A12t (m15 Apex module)	Super Review		Super%20Review/in-ear/64%20Audio%20A12t%20(m15%20Apex%20module)
64 Audio A12t (m20 Apex module)	freeryder05		freeryder05/in-ear/64%20Audio%20A12t%20(m20%20Apex%20module)
64 Audio A12t (m20 Apex module)	oratory1990		oratory1990/in-ear/64%20Audio%20A12t%20(m20%20Apex%20module)
64 Audio A12t (m20 Apex module)	Super Review		Super%20Review/in-ear/64%20Audio%20A12t%20(m20%20Apex%20module)
64 Audio A12t (mX Apex module)	freeryder05		freeryder05/in-ear/64%20Audio%20A12t%20(mX%20Apex%20module)
64 Audio A12t (mX Apex module)	Super Review		Super%20Review/in-ear/64%20Audio%20A12t%20(mX%20Apex%20module)
64 Audio A12t	crinacle	711	crinacle/711%20in-ear/64%20Audio%20A12t
64 Audio A18s (CIEM)	crinacle	711	crinacle/711%20in-ear/64%20Audio%20A18s%20(CIEM)
64 Audio A2e	crinacle	711	crinacle/711%20in-ear/64%20Audio%20A2e
64 Audio A4t	crinacle	711	crinacle/711%20in-ear/64%20Audio%20A4t
64 Audio A6	crinacle	711	crinacle/711%20in-ear/64%20Audio%20A6
64 Audio A6t (m20 Apex module)	crinacle	711	crinacle/711%20in-ear/64%20Audio%20A6t%20(m20%20Apex%20module)
64 Audio A6t	crinacle	711	crinacle/711%20in-ear/64%20Audio%20A6t
64 Audio Aspire 1	Super Review		Super%20Review/in-ear/64%20Audio%20Aspire%201
64 Audio Aspire 2	Super Review		Super%20Review/in-ear/64%20Audio%20Aspire%202
64 Audio Aspire 3	Super Review		Super%20Review/in-ear/64%20Audio%20Aspire%203
64 Audio Aspire 4	Super Review		Super%20Review/in-ear/64%20Audio%20Aspire%204
64 Audio Duo	crinacle	711	crinacle/711%20in-ear/64%20Audio%20Duo
64 Audio Duo	Kazi		Kazi/in-ear/64%20Audio%20Duo
64 Audio Duo	Super Review		Super%20Review/in-ear/64%20Audio%20Duo
64 Audio Fourte Blanc	Super Review		Super%20Review/in-ear/64%20Audio%20Fourte%20Blanc
64 Audio N8  (CIEM)	crinacle	711	crinacle/711%20in-ear/64%20Audio%20N8%20%20(CIEM)
64 Audio N8  (m15 Apex module)	crinacle	711	crinacle/711%20in-ear/64%20Audio%20N8%20%20(m15%20Apex%20module)
64 Audio N8  (m15 Apex module)	freeryder05		freeryder05/in-ear/64%20Audio%20N8%20%20(m15%20Apex%20module)
64 Audio N8 (CIEM, m15 Apex module)	crinacle	711	crinacle/711%20in-ear/64%20Audio%20N8%20(CIEM,%20m15%20Apex%20module)
64 Audio N8 (CIEM, m20 Apex module)	crinacle	711	crinacle/711%20in-ear/64%20Audio%20N8%20(CIEM,%20m20%20Apex%20module)
64 Audio N8 (dd disabled)	crinacle	711	crinacle/711%20in-ear/64%20Audio%20N8%20(dd%20disabled)
64 Audio N8 (m2 Apex module)	freeryder05		freeryder05/in-ear/64%20Audio%20N8%20(m2%20Apex%20module)
64 Audio N8 (m20 Apex module, modded)	crinacle	711	crinacle/711%20in-ear/64%20Audio%20N8%20(m20%20Apex%20module,%20modded)
64 Audio N8 (modded)	crinacle	711	crinacle/711%20in-ear/64%20Audio%20N8%20(modded)
64 Audio N8 (MX Apex module)	freeryder05		freeryder05/in-ear/64%20Audio%20N8%20(MX%20Apex%20module)
64 Audio N8 (vent blocked)	crinacle	711	crinacle/711%20in-ear/64%20Audio%20N8%20(vent%20blocked)
64 Audio N8t (m15 Apex module)	crinacle	711	crinacle/711%20in-ear/64%20Audio%20N8t%20(m15%20Apex%20module)
64 Audio Nio (Fir Audio black module)	Super Review		Super%20Review/in-ear/64%20Audio%20Nio%20(Fir%20Audio%20black%20module)
64 Audio Nio (Fir Audio red module)	Super Review		Super%20Review/in-ear/64%20Audio%20Nio%20(Fir%20Audio%20red%20module)
64 Audio Nio (m12 Apex module)	Super Review		Super%20Review/in-ear/64%20Audio%20Nio%20(m12%20Apex%20module)
64 Audio Nio (m15 Apex module)	crinacle	711	crinacle/711%20in-ear/64%20Audio%20Nio%20(m15%20Apex%20module)
64 Audio Nio (m15 Apex module)	HypetheSonics	GRAS RA0045	HypetheSonics/GRAS%20RA0045%20in-ear/64%20Audio%20Nio%20(m15%20Apex%20module)
64 Audio Nio (m15 Apex module)	Super Review		Super%20Review/in-ear/64%20Audio%20Nio%20(m15%20Apex%20module)
64 Audio Nio (m20 Apex module)	crinacle	711	crinacle/711%20in-ear/64%20Audio%20Nio%20(m20%20Apex%20module)
64 Audio Nio (m20 Apex module)	crinacle	Bruel & Kjaer 4620	crinacle/Bruel%20&%20Kjaer%204620%20in-ear/64%20Audio%20Nio%20(m20%20Apex%20module)
64 Audio Nio (m20 Apex module)	HypetheSonics	GRAS RA0045	HypetheSonics/GRAS%20RA0045%20in-ear/64%20Audio%20Nio%20(m20%20Apex%20module)
64 Audio Nio (m20 Apex module)	Super Review		Super%20Review/in-ear/64%20Audio%20Nio%20(m20%20Apex%20module)
64 Audio Nio (mX Apex module)	crinacle	711	crinacle/711%20in-ear/64%20Audio%20Nio%20(mX%20Apex%20module)
64 Audio Nio (mX Apex module)	HypetheSonics	GRAS RA0045	HypetheSonics/GRAS%20RA0045%20in-ear/64%20Audio%20Nio%20(mX%20Apex%20module)
64 Audio Nio (mX Apex module)	Super Review		Super%20Review/in-ear/64%20Audio%20Nio%20(mX%20Apex%20module)
64 Audio Solo	Jaytiss		Jaytiss/in-ear/64%20Audio%20Solo
64 Audio Solo	Super Review		Super%20Review/in-ear/64%20Audio%20Solo
64 Audio Tia Fourte Noir	crinacle	711	crinacle/711%20in-ear/64%20Audio%20Tia%20Fourte%20Noir
64 Audio Tia Fourte Noir	HypetheSonics	GRAS RA0045	HypetheSonics/GRAS%20RA0045%20in-ear/64%20Audio%20Tia%20Fourte%20Noir
64 Audio Tia Fourte	crinacle	711	crinacle/711%20in-ear/64%20Audio%20Tia%20Fourte
64 Audio Tia Fourte	HypetheSonics	GRAS RA0045	HypetheSonics/GRAS%20RA0045%20in-ear/64%20Audio%20Tia%20Fourte
64 Audio Tia Fourte	Super Review		Super%20Review/in-ear/64%20Audio%20Tia%20Fourte
64 Audio Tia Trio	crinacle	711	crinacle/711%20in-ear/64%20Audio%20Tia%20Trio
64 Audio Tia Trio	Harpo		Harpo/in-ear/64%20Audio%20Tia%20Trio
64 Audio Tia Trio	Kazi		Kazi/in-ear/64%20Audio%20Tia%20Trio
64 Audio Tia Trio	Super Review		Super%20Review/in-ear/64%20Audio%20Tia%20Trio
64 Audio U12t (Fir Audio red module)	Super Review		Super%20Review/in-ear/64%20Audio%20U12t%20(Fir%20Audio%20red%20module)
64 Audio U12t (m12 Apex module)	Super Review		Super%20Review/in-ear/64%20Audio%20U12t%20(m12%20Apex%20module)
64 Audio U12t (m15 Apex module)	HypetheSonics	GRAS RA0045	HypetheSonics/GRAS%20RA0045%20in-ear/64%20Audio%20U12t%20(m15%20Apex%20module)
64 Audio U12t (m15 Apex module)	Super Review		Super%20Review/in-ear/64%20Audio%20U12t%20(m15%20Apex%20module)
64 Audio U12t (m15 Apex module)	ToneDeafMonk		ToneDeafMonk/in-ear/64%20Audio%20U12t%20(m15%20Apex%20module)
64 Audio U12t (m20 Apex module)	HypetheSonics	GRAS RA0045	HypetheSonics/GRAS%20RA0045%20in-ear/64%20Audio%20U12t%20(m20%20Apex%20module)
64 Audio U12t (m20 Apex module)	Super Review		Super%20Review/in-ear/64%20Audio%20U12t%20(m20%20Apex%20module)
64 Audio U12t (m20 Apex module)	ToneDeafMonk		ToneDeafMonk/in-ear/64%20Audio%20U12t%20(m20%20Apex%20module)
64 Audio U12t (mX Apex module)	HypetheSonics	GRAS RA0045	HypetheSonics/GRAS%20RA0045%20in-ear/64%20Audio%20U12t%20(mX%20Apex%20module)
64 Audio U12t (mX Apex module)	Super Review		Super%20Review/in-ear/64%20Audio%20U12t%20(mX%20Apex%20module)
64 Audio U12t (mX Apex module)	ToneDeafMonk		ToneDeafMonk/in-ear/64%20Audio%20U12t%20(mX%20Apex%20module)
64 Audio U12t	crinacle	711	crinacle/711%20in-ear/64%20Audio%20U12t
64 Audio U12t	Kazi		Kazi/in-ear/64%20Audio%20U12t
64 Audio U18s (m20 Apex module)	Super Review		Super%20Review/in-ear/64%20Audio%20U18s%20(m20%20Apex%20module)
64 Audio U18S	crinacle	711	crinacle/711%20in-ear/64%20Audio%20U18S
64 Audio U18t (2014)	crinacle	711	crinacle/711%20in-ear/64%20Audio%20U18t%20(2014)
64 Audio U18t (2017)	crinacle	711	crinacle/711%20in-ear/64%20Audio%20U18t%20(2017)
64 Audio U18t (m15 Apex module)	Super Review		Super%20Review/in-ear/64%20Audio%20U18t%20(m15%20Apex%20module)
64 Audio U18t (m20 apex module)	crinacle	711	crinacle/711%20in-ear/64%20Audio%20U18t%20(m20%20apex%20module)
64 Audio U18t (m20 Apex module)	Super Review		Super%20Review/in-ear/64%20Audio%20U18t%20(m20%20Apex%20module)
64 Audio U18t (mX Apex module)	Super Review		Super%20Review/in-ear/64%20Audio%20U18t%20(mX%20Apex%20module)
64 Audio U18t	crinacle	711	crinacle/711%20in-ear/64%20Audio%20U18t
64 Audio U18t	HypetheSonics	GRAS RA0045	HypetheSonics/GRAS%20RA0045%20in-ear/64%20Audio%20U18t
64 Audio U4S (Fir Audio black module)	Super Review		Super%20Review/in-ear/64%20Audio%20U4S%20(Fir%20Audio%20black%20module)
64 Audio U4S (Fir Audio red module)	Super Review		Super%20Review/in-ear/64%20Audio%20U4S%20(Fir%20Audio%20red%20module)
64 Audio U4S (m12 Apex module)	freeryder05		freeryder05/in-ear/64%20Audio%20U4S%20(m12%20Apex%20module)
64 Audio U4S (m12 Apex module)	Jaytiss		Jaytiss/in-ear/64%20Audio%20U4S%20(m12%20Apex%20module)
64 Audio U4S (m12 Apex module)	Super Review		Super%20Review/in-ear/64%20Audio%20U4S%20(m12%20Apex%20module)
64 Audio U4S (m15 Apex module)	freeryder05		freeryder05/in-ear/64%20Audio%20U4S%20(m15%20Apex%20module)
64 Audio U4S (m15 Apex module)	Super Review		Super%20Review/in-ear/64%20Audio%20U4S%20(m15%20Apex%20module)
64 Audio U4S (m20 Apex module)	freeryder05		freeryder05/in-ear/64%20Audio%20U4S%20(m20%20Apex%20module)
64 Audio U4S (m20 Apex module)	Super Review		Super%20Review/in-ear/64%20Audio%20U4S%20(m20%20Apex%20module)
64 Audio U4S (mX Apex module)	freeryder05		freeryder05/in-ear/64%20Audio%20U4S%20(mX%20Apex%20module)
64 Audio U4S (mX Apex module)	Super Review		Super%20Review/in-ear/64%20Audio%20U4S%20(mX%20Apex%20module)
64 Audio U6t (m15 Apex module)	Jaytiss		Jaytiss/in-ear/64%20Audio%20U6t%20(m15%20Apex%20module)
64 Audio U6t (m15 Apex module)	Super Review		Super%20Review/in-ear/64%20Audio%20U6t%20(m15%20Apex%20module)
64 Audio Volur (m12 Apex module)	Jaytiss		Jaytiss/in-ear/64%20Audio%20Volur%20(m12%20Apex%20module)
64 Audio Volur (m12 Apex module)	Super Review		Super%20Review/in-ear/64%20Audio%20Volur%20(m12%20Apex%20module)
64 Audio Volur (m12 Apex module)	ToneDeafMonk		ToneDeafMonk/in-ear/64%20Audio%20Volur%20(m12%20Apex%20module)
64 Audio Volur (m15 Apex module)	Jaytiss		Jaytiss/in-ear/64%20Audio%20Volur%20(m15%20Apex%20module)
64 Audio Volur (m15 Apex module)	Super Review		Super%20Review/in-ear/64%20Audio%20Volur%20(m15%20Apex%20module)
64 Audio Volur (m15 Apex module)	ToneDeafMonk		ToneDeafMonk/in-ear/64%20Audio%20Volur%20(m15%20Apex%20module)
64 Audio Volur (m20 Apex module)	Jaytiss		Jaytiss/in-ear/64%20Audio%20Volur%20(m20%20Apex%20module)
64 Audio Volur (m20 Apex module)	Super Review		Super%20Review/in-ear/64%20Audio%20Volur%20(m20%20Apex%20module)
64 Audio Volur (m20 Apex module)	ToneDeafMonk		ToneDeafMonk/in-ear/64%20Audio%20Volur%20(m20%20Apex%20module)
64 Audio Volur (mX Apex module)	Jaytiss		Jaytiss/in-ear/64%20Audio%20Volur%20(mX%20Apex%20module)
64 Audio Volur (mX Apex module)	Super Review		Super%20Review/in-ear/64%20Audio%20Volur%20(mX%20Apex%20module)
64 Audio Volur (mX Apex module)	ToneDeafMonk		ToneDeafMonk/in-ear/64%20Audio%20Volur%20(mX%20Apex%20module)
64 Audio Volur	HypetheSonics	GRAS RA0045	HypetheSonics/GRAS%20RA0045%20in-ear/64%20Audio%20Volur
64 Audio Volur	Jaytiss		Jaytiss/in-ear/64%20Audio%20Volur
7Hz Aurora	Jaytiss		Jaytiss/in-ear/7Hz%20Aurora
7Hz Eternal	crinacle	711	crinacle/711%20in-ear/7Hz%20Eternal
7Hz Eternal	crinacle	Bruel & Kjaer 4620	crinacle/Bruel%20&%20Kjaer%204620%20in-ear/7Hz%20Eternal
7Hz Eternal	Harpo		Harpo/in-ear/7Hz%20Eternal
7Hz Five	Jaytiss		Jaytiss/in-ear/7Hz%20Five
7Hz G1	Hi End Portable		Hi%20End%20Portable/in-ear/7Hz%20G1
7Hz G1	Jaytiss		Jaytiss/in-ear/7Hz%20G1
7Hz Legato	Fahryst		Fahryst/in-ear/7Hz%20Legato
7Hz Legato	Harpo		Harpo/in-ear/7Hz%20Legato
7Hz Legato	Hi End Portable		Hi%20End%20Portable/in-ear/7Hz%20Legato
7Hz Legato	RikudouGoku		RikudouGoku/in-ear/7Hz%20Legato
7Hz Legato	ToneDeafMonk		ToneDeafMonk/in-ear/7Hz%20Legato
7Hz Salnotes Dioko Spring	kr0mka		kr0mka/in-ear/7Hz%20Salnotes%20Dioko%20Spring
7Hz Salnotes Dioko	crinacle	711	crinacle/711%20in-ear/7Hz%20Salnotes%20Dioko
7Hz Salnotes Dioko	Filk		Filk/in-ear/7Hz%20Salnotes%20Dioko
7Hz Salnotes Dioko	Jaytiss		Jaytiss/in-ear/7Hz%20Salnotes%20Dioko
7Hz Salnotes Dioko	kr0mka		kr0mka/in-ear/7Hz%20Salnotes%20Dioko
7Hz Salnotes Dioko	oratory1990		oratory1990/in-ear/7Hz%20Salnotes%20Dioko
7Hz Salnotes Dioko	Ted's Squig Hoard		Ted's%20Squig%20Hoard/in-ear/7Hz%20Salnotes%20Dioko
7Hz Salnotes Zero 2	ToneDeafMonk		ToneDeafMonk/in-ear/7Hz%20Salnotes%20Zero%202
7Hz Salnotes Zero	Auriculares Argentina		Auriculares%20Argentina/in-ear/7Hz%20Salnotes%20Zero
7Hz Salnotes Zero	crinacle	711	crinacle/711%20in-ear/7Hz%20Salnotes%20Zero
7Hz Salnotes Zero	crinacle	Bruel & Kjaer 4620	crinacle/Bruel%20&%20Kjaer%204620%20in-ear/7Hz%20Salnotes%20Zero
7Hz Salnotes Zero	Fahryst		Fahryst/in-ear/7Hz%20Salnotes%20Zero
7Hz Salnotes Zero	freeryder05		freeryder05/in-ear/7Hz%20Salnotes%20Zero
7Hz Salnotes Zero	Harpo		Harpo/in-ear/7Hz%20Salnotes%20Zero
7Hz Salnotes Zero	HypetheSonics	GRAS RA0045	HypetheSonics/GRAS%20RA0045%20in-ear/7Hz%20Salnotes%20Zero
7Hz Salnotes Zero	Jaytiss		Jaytiss/in-ear/7Hz%20Salnotes%20Zero
7Hz Salnotes Zero	oratory1990		oratory1990/in-ear/7Hz%20Salnotes%20Zero
7Hz Salnotes Zero	Super Review		Super%20Review/in-ear/7Hz%20Salnotes%20Zero
7Hz Salnotes Zero	Ted's Squig Hoard		Ted's%20Squig%20Hoard/in-ear/7Hz%20Salnotes%20Zero
7Hz Sonus	Harpo		Harpo/in-ear/7Hz%20Sonus
7Hz Sonus	Hi End Portable		Hi%20End%20Portable/in-ear/7Hz%20Sonus
7Hz Sonus	Jaytiss		Jaytiss/in-ear/7Hz%20Sonus
7Hz Sonus	ToneDeafMonk		ToneDeafMonk/in-ear/7Hz%20Sonus
7Hz Timeless AE	crinacle	Bruel & Kjaer 4620	crinacle/Bruel%20&%20Kjaer%204620%20in-ear/7Hz%20Timeless%20AE
7Hz Timeless AE	Fahryst		Fahryst/in-ear/7Hz%20Timeless%20AE
7Hz Timeless II (bullet gold nozzle)	Hi End Portable		Hi%20End%20Portable/in-ear/7Hz%20Timeless%20II%20(bullet%20gold%20nozzle)
7Hz Timeless II (bullet silver nozzle)	Hi End Portable		Hi%20End%20Portable/in-ear/7Hz%20Timeless%20II%20(bullet%20silver%20nozzle)
7Hz Timeless II (flat gold nozzle)	Hi End Portable		Hi%20End%20Portable/in-ear/7Hz%20Timeless%20II%20(flat%20gold%20nozzle)
7Hz Timeless II (flat silver nozzle)	Hi End Portable		Hi%20End%20Portable/in-ear/7Hz%20Timeless%20II%20(flat%20silver%20nozzle)
7Hz Timeless II	Jaytiss		Jaytiss/in-ear/7Hz%20Timeless%20II
7Hz Timeless	crinacle	711	crinacle/711%20in-ear/7Hz%20Timeless
7Hz Timeless	Fahryst		Fahryst/in-ear/7Hz%20Timeless
7Hz Timeless	Filk		Filk/in-ear/7Hz%20Timeless
7Hz Timeless	Harpo		Harpo/in-ear/7Hz%20Timeless
7Hz Timeless	kr0mka		kr0mka/in-ear/7Hz%20Timeless
7Hz Timeless	oratory1990		oratory1990/in-ear/7Hz%20Timeless
7Hz Timeless	RikudouGoku		RikudouGoku/in-ear/7Hz%20Timeless
7Hz Timeless	Rtings	HMS II.3	Rtings/HMS%20II.3%20in-ear/7Hz%20Timeless
7Hz Timeless	Super Review		Super%20Review/in-ear/7Hz%20Timeless
7Hz Timless II	Jaytiss		Jaytiss/in-ear/7Hz%20Timless%20II
7Hz x Crinacle Zero 2	crinacle	711	crinacle/711%20in-ear/7Hz%20x%20Crinacle%20Zero%202
7Hz x Crinacle Zero 2	crinacle	Bruel & Kjaer 4620	crinacle/Bruel%20&%20Kjaer%204620%20in-ear/7Hz%20x%20Crinacle%20Zero%202
7Hz x Crinacle Zero 2	Hi End Portable		Hi%20End%20Portable/in-ear/7Hz%20x%20Crinacle%20Zero%202
7Hz x Crinacle Zero 2	Jaytiss		Jaytiss/in-ear/7Hz%20x%20Crinacle%20Zero%202
7Hz x Crinacle Zero 2	Regan Cipher		Regan%20Cipher/in-ear/7Hz%20x%20Crinacle%20Zero%202
7Hz x Crinacle Zero 2	Super Review		Super%20Review/in-ear/7Hz%20x%20Crinacle%20Zero%202
7Hz x Crinacle Zero 2	ToneDeafMonk		ToneDeafMonk/in-ear/7Hz%20x%20Crinacle%20Zero%202
7Hz x HBB Elua	Jaytiss		Jaytiss/in-ear/7Hz%20x%20HBB%20Elua
7th Acoustics Proxima	Super Review		Super%20Review/in-ear/7th%20Acoustics%20Proxima
7th Acoustics Stargazer	Jaytiss		Jaytiss/in-ear/7th%20Acoustics%20Stargazer
7th Acoustics Stargazer	ToneDeafMonk		ToneDeafMonk/in-ear/7th%20Acoustics%20Stargazer
7th Acoustics Supernova	freeryder05		freeryder05/in-ear/7th%20Acoustics%20Supernova
7th Acoustics Supernova	Jaytiss		Jaytiss/in-ear/7th%20Acoustics%20Supernova
7th Acoustics Supernova	Super Review		Super%20Review/in-ear/7th%20Acoustics%20Supernova
A-Audio Elite (ANC on)	Innerfidelity		Innerfidelity/over-ear/A-Audio%20Elite%20(ANC%20on)
A-Audio Elite (bass mode)	Innerfidelity		Innerfidelity/over-ear/A-Audio%20Elite%20(bass%20mode)
A-Audio Elite (passive)	Innerfidelity		Innerfidelity/over-ear/A-Audio%20Elite%20(passive)
AAW (Advanced AcousticWerkes) ASH	crinacle	711	crinacle/711%20in-ear/AAW%20(Advanced%20AcousticWerkes)%20ASH
AAW (Advanced AcousticWerkes) Canary	crinacle	711	crinacle/711%20in-ear/AAW%20(Advanced%20AcousticWerkes)%20Canary
AAW A2H V2	crinacle	711	crinacle/711%20in-ear/AAW%20A2H%20V2
AAW A3H (2019)	crinacle	711	crinacle/711%20in-ear/AAW%20A3H%20(2019)
AAW A3H Plus	crinacle	711	crinacle/711%20in-ear/AAW%20A3H%20Plus
AAW A3H V2	crinacle	711	crinacle/711%20in-ear/AAW%20A3H%20V2
AAW A3H	crinacle	711	crinacle/711%20in-ear/AAW%20A3H
AAW ACH	crinacle	711	crinacle/711%20in-ear/AAW%20ACH
AAW AXH (2019)	crinacle	711	crinacle/711%20in-ear/AAW%20AXH%20(2019)
AAW AXH	crinacle	711	crinacle/711%20in-ear/AAW%20AXH
AAW AXH	HypetheSonics	GRAS RA0045	HypetheSonics/GRAS%20RA0045%20in-ear/AAW%20AXH
AAW Halcyon (bass filter)	crinacle	711	crinacle/711%20in-ear/AAW%20Halcyon%20(bass%20filter)
AAW Halcyon (norm filter)	crinacle	711	crinacle/711%20in-ear/AAW%20Halcyon%20(norm%20filter)
AAW Halcyon (Vokal filter)	crinacle	711	crinacle/711%20in-ear/AAW%20Halcyon%20(Vokal%20filter)
AAW Kingfisher	crinacle	711	crinacle/711%20in-ear/AAW%20Kingfisher
AAW Mockingbird	crinacle	711	crinacle/711%20in-ear/AAW%20Mockingbird
AAW Nightingale	crinacle	711	crinacle/711%20in-ear/AAW%20Nightingale
AAW W500	crinacle	711	crinacle/711%20in-ear/AAW%20W500
AAW W900	crinacle	711	crinacle/711%20in-ear/AAW%20W900
AAW W900	HypetheSonics	GRAS RA0045	HypetheSonics/GRAS%20RA0045%20in-ear/AAW%20W900
AAW x Custom Art Project 4+2 (bass filter)	crinacle	711	crinacle/711%20in-ear/AAW%20x%20Custom%20Art%20Project%204+2%20(bass%20filter)
AAW x Custom Art Project 4+2 (norm filter)	crinacle	711	crinacle/711%20in-ear/AAW%20x%20Custom%20Art%20Project%204+2%20(norm%20filter)
AAW x Custom Art Project 4+2 (Vokal filter)	crinacle	711	crinacle/711%20in-ear/AAW%20x%20Custom%20Art%20Project%204+2%20(Vokal%20filter)
AAW Z02	ToneDeafMonk		ToneDeafMonk/in-ear/AAW%20Z02
AAW Z06	ToneDeafMonk		ToneDeafMonk/in-ear/AAW%20Z06
Abyss AB-1266 Phi CC Lite	crinacle	EARS + 711	crinacle/EARS%20+%20711%20over-ear/Abyss%20AB-1266%20Phi%20CC%20Lite
Abyss AB-1266 Phi CC	crinacle	GRAS 43AG-7	crinacle/GRAS%2043AG-7%20over-ear/Abyss%20AB-1266%20Phi%20CC
Abyss AB1-266 Phi TC	Kuulokenurkka		Kuulokenurkka/over-ear/Abyss%20AB1-266%20Phi%20TC
Abyss AB1-266 Phi TC	oratory1990		oratory1990/over-ear/Abyss%20AB1-266%20Phi%20TC
Abyss AB-1266 Phi	crinacle	GRAS 43AG-7	crinacle/GRAS%2043AG-7%20over-ear/Abyss%20AB-1266%20Phi
Abyss AB-1266 Phi	Kuulokenurkka		Kuulokenurkka/over-ear/Abyss%20AB-1266%20Phi
Abyss AB-1266	Innerfidelity		Innerfidelity/over-ear/Abyss%20AB-1266
Abyss Diana MR	kr0mka		kr0mka/over-ear/Abyss%20Diana%20MR
Abyss Diana Phi	crinacle	EARS + 711	crinacle/EARS%20+%20711%20over-ear/Abyss%20Diana%20Phi
Abyss Diana Phi	crinacle	GRAS 43AG-7	crinacle/GRAS%2043AG-7%20over-ear/Abyss%20Diana%20Phi
Abyss Diana V2	crinacle	GRAS 43AG-7	crinacle/GRAS%2043AG-7%20over-ear/Abyss%20Diana%20V2
Accidentally Extraordinary 51st Studios	Innerfidelity		Innerfidelity/over-ear/Accidentally%20Extraordinary%2051st%20Studios
Accidentally Extraordinary Bamboo	Innerfidelity		Innerfidelity/in-ear/Accidentally%20Extraordinary%20Bamboo
ACEFAST Crystal T8	Kazi		Kazi/in-ear/ACEFAST%20Crystal%20T8
Acoustic Research AR-H1	crinacle	GRAS 43AG-7	crinacle/GRAS%2043AG-7%20over-ear/Acoustic%20Research%20AR-H1
Acoustic Research AR-H1	Innerfidelity		Innerfidelity/over-ear/Acoustic%20Research%20AR-H1
Acoustune HS1001	crinacle	711	crinacle/711%20in-ear/Acoustune%20HS1001
Acoustune HS1003	crinacle	711	crinacle/711%20in-ear/Acoustune%20HS1003
Acoustune HS1004	crinacle	711	crinacle/711%20in-ear/Acoustune%20HS1004
Acoustune HS1300	crinacle	711	crinacle/711%20in-ear/Acoustune%20HS1300
Acoustune HS1501	crinacle	711	crinacle/711%20in-ear/Acoustune%20HS1501
Acoustune HS1503	crinacle	711	crinacle/711%20in-ear/Acoustune%20HS1503
Acoustune HS1551	crinacle	711	crinacle/711%20in-ear/Acoustune%20HS1551
Acoustune HS1650	crinacle	711	crinacle/711%20in-ear/Acoustune%20HS1650
Acoustune HS1655	crinacle	711	crinacle/711%20in-ear/Acoustune%20HS1655
Acoustune HS1657	crinacle	711	crinacle/711%20in-ear/Acoustune%20HS1657
Acoustune HS1670	crinacle	711	crinacle/711%20in-ear/Acoustune%20HS1670
Acoustune HS1677	crinacle	711	crinacle/711%20in-ear/Acoustune%20HS1677
Acoustune HS1695	crinacle	711	crinacle/711%20in-ear/Acoustune%20HS1695
Acoustune HS1697	crinacle	711	crinacle/711%20in-ear/Acoustune%20HS1697
Acoustune HS1750	crinacle	711	crinacle/711%20in-ear/Acoustune%20HS1750
Acoustune HS1790	crinacle	711	crinacle/711%20in-ear/Acoustune%20HS1790
Acoustune HS2000MX	crinacle	711	crinacle/711%20in-ear/Acoustune%20HS2000MX
Acoustune RS ONE	Super Review		Super%20Review/in-ear/Acoustune%20RS%20ONE
Adam SP-5	oratory1990		oratory1990/over-ear/Adam%20SP-5
Advanced 747 (ANC off)	crinacle	711	crinacle/711%20in-ear/Advanced%20747%20(ANC%20off)
Advanced 747 (ANC on)	crinacle	711	crinacle/711%20in-ear/Advanced%20747%20(ANC%20on)
Advanced Alpha (shallow earpads)	Innerfidelity		Innerfidelity/over-ear/Advanced%20Alpha%20(shallow%20earpads)
Advanced Elise	crinacle	711	crinacle/711%20in-ear/Advanced%20Elise
Advanced Evo X	crinacle	711	crinacle/711%20in-ear/Advanced%20Evo%20X
Advanced Furai	crinacle	Bruel & Kjaer 4620	crinacle/Bruel%20&%20Kjaer%204620%20in-ear/Advanced%20Furai
Advanced GT3 (bass)	crinacle	711	crinacle/711%20in-ear/Advanced%20GT3%20(bass)
Advanced GT3 (ref)	crinacle	711	crinacle/711%20in-ear/Advanced%20GT3%20(ref)
Advanced GT3 (treble)	crinacle	711	crinacle/711%20in-ear/Advanced%20GT3%20(treble)
Advanced GT3 Superbass (bass)	crinacle	711	crinacle/711%20in-ear/Advanced%20GT3%20Superbass%20(bass)
Advanced GT3 Superbass (ref)	crinacle	711	crinacle/711%20in-ear/Advanced%20GT3%20Superbass%20(ref)
Advanced GT3 Superbass (treble)	crinacle	711	crinacle/711%20in-ear/Advanced%20GT3%20Superbass%20(treble)
Advanced GT-R	oratory1990		oratory1990/over-ear/Advanced%20GT-R
Advanced M3	crinacle	711	crinacle/711%20in-ear/Advanced%20M3
Advanced M4	crinacle	711	crinacle/711%20in-ear/Advanced%20M4
Advanced M4	HypetheSonics	GRAS RA0045	HypetheSonics/GRAS%20RA0045%20in-ear/Advanced%20M4
Advanced M4	Innerfidelity		Innerfidelity/in-ear/Advanced%20M4
Advanced M51D	crinacle	711	crinacle/711%20in-ear/Advanced%20M51D
Advanced M55D	crinacle	711	crinacle/711%20in-ear/Advanced%20M55D
Advanced Model X	crinacle	711	crinacle/711%20in-ear/Advanced%20Model%20X
Advanced S2000	crinacle	711	crinacle/711%20in-ear/Advanced%20S2000
Advanced Sleeper	crinacle	Bruel & Kjaer 4620	crinacle/Bruel%20&%20Kjaer%204620%20in-ear/Advanced%20Sleeper
Aedle VK1	Innerfidelity		Innerfidelity/over-ear/Aedle%20VK1
AfterShokz Aeropex	Rtings	HMS II.3	Rtings/HMS%20II.3%20earbud/AfterShokz%20Aeropex
AfterShokz Trekz Air	Rtings	HMS II.3	Rtings/HMS%20II.3%20earbud/AfterShokz%20Trekz%20Air
AFUL Acoustics Cantor	Super Review		Super%20Review/in-ear/AFUL%20Acoustics%20Cantor
AFUL Acoustics MagicOne	Filk		Filk/in-ear/AFUL%20Acoustics%20MagicOne
AFUL Acoustics MagicOne	Kazi		Kazi/in-ear/AFUL%20Acoustics%20MagicOne
AFUL Acoustics MagicOne	Super Review		Super%20Review/in-ear/AFUL%20Acoustics%20MagicOne
AFUL Acoustics Performer 5+2	Super Review		Super%20Review/in-ear/AFUL%20Acoustics%20Performer%205+2
AFUL Cantor	Jaytiss		Jaytiss/in-ear/AFUL%20Cantor
AFUL Cantor	ToneDeafMonk		ToneDeafMonk/in-ear/AFUL%20Cantor
AFUL Explorer 3	ToneDeafMonk		ToneDeafMonk/in-ear/AFUL%20Explorer%203
AFUL Explorer	Fahryst		Fahryst/in-ear/AFUL%20Explorer
AFUL Explorer	Jaytiss		Jaytiss/in-ear/AFUL%20Explorer
AFUL Explorer	Super Review		Super%20Review/in-ear/AFUL%20Explorer
AFUL MagicOne (foam eartips)	Jaytiss		Jaytiss/in-ear/AFUL%20MagicOne%20(foam%20eartips)
AFUL Performer 5	Jaytiss		Jaytiss/in-ear/AFUL%20Performer%205
AFUL Performer 5	Super Review		Super%20Review/in-ear/AFUL%20Performer%205
AFUL Performer 7	Jaytiss		Jaytiss/in-ear/AFUL%20Performer%207
AFUL Performer 7	ToneDeafMonk		ToneDeafMonk/in-ear/AFUL%20Performer%207
AFUL Performer 8	Jaytiss		Jaytiss/in-ear/AFUL%20Performer%208
AFUL Performer 8	kr0mka		kr0mka/in-ear/AFUL%20Performer%208
AFUL Performer 8	Super Review		Super%20Review/in-ear/AFUL%20Performer%208
AFUL Performer 8	ToneDeafMonk		ToneDeafMonk/in-ear/AFUL%20Performer%208
Agasound AGA ONE	ToneDeafMonk		ToneDeafMonk/in-ear/Agasound%20AGA%20ONE
Aiaiai TMA-1 Studio	Innerfidelity		Innerfidelity/over-ear/Aiaiai%20TMA-1%20Studio
Aiaiai TMA-1	Innerfidelity		Innerfidelity/over-ear/Aiaiai%20TMA-1
Aiaiai TMA-2 DJ	Rtings	Bruel & Kjaer 5128	Rtings/Bruel%20&%20Kjaer%205128%20over-ear/Aiaiai%20TMA-2%20DJ
Aiaiai TMA-2 HD Wireless	oratory1990		oratory1990/over-ear/Aiaiai%20TMA-2%20HD%20Wireless
Aiderlot M5 (bass filter)	RikudouGoku		RikudouGoku/in-ear/Aiderlot%20M5%20(bass%20filter)
Aiderlot M5 (no filter)	RikudouGoku		RikudouGoku/in-ear/Aiderlot%20M5%20(no%20filter)
Aiderlot M5 (reference filter)	RikudouGoku		RikudouGoku/in-ear/Aiderlot%20M5%20(reference%20filter)
Aiderlot M5 (treble filter)	RikudouGoku		RikudouGoku/in-ear/Aiderlot%20M5%20(treble%20filter)
Aiderlot M5 Pro	RikudouGoku		RikudouGoku/in-ear/Aiderlot%20M5%20Pro
Akai MPC	Innerfidelity		Innerfidelity/over-ear/Akai%20MPC
AKG K1000	Innerfidelity		Innerfidelity/over-ear/AKG%20K1000
AKG K167 Tiesto	Innerfidelity		Innerfidelity/over-ear/AKG%20K167%20Tiesto
AKG K240 MKII	Headphone.com Legacy		Headphone.com%20Legacy/over-ear/AKG%20K240%20MKII
AKG K240 MKII	oratory1990		oratory1990/over-ear/AKG%20K240%20MKII
AKG K240 MKII	Rtings	HMS II.3	Rtings/HMS%20II.3%20over-ear/AKG%20K240%20MKII
AKG K240 Monitor	Innerfidelity		Innerfidelity/over-ear/AKG%20K240%20Monitor
AKG K240 Sextett (Dekoni Choice Leather DT earpads)	oratory1990		oratory1990/over-ear/AKG%20K240%20Sextett%20(Dekoni%20Choice%20Leather%20DT%20earpads)
AKG K240 Sextett	Innerfidelity		Innerfidelity/over-ear/AKG%20K240%20Sextett
AKG K240 Sextett	oratory1990		oratory1990/over-ear/AKG%20K240%20Sextett
AKG K240 Studio	crinacle	GRAS 43AG-7	crinacle/GRAS%2043AG-7%20over-ear/AKG%20K240%20Studio
AKG K240 Studio	oratory1990		oratory1990/over-ear/AKG%20K240%20Studio
AKG K240DF	Innerfidelity		Innerfidelity/over-ear/AKG%20K240DF
AKG K250	oratory1990		oratory1990/over-ear/AKG%20K250
AKG K267 Tiesto (club)	Innerfidelity		Innerfidelity/over-ear/AKG%20K267%20Tiesto%20(club)
AKG K267 Tiesto (stage)	Innerfidelity		Innerfidelity/over-ear/AKG%20K267%20Tiesto%20(stage)
AKG K267 Tiesto (studio)	Innerfidelity		Innerfidelity/over-ear/AKG%20K267%20Tiesto%20(studio)
AKG K267	oratory1990		oratory1990/over-ear/AKG%20K267
AKG K271 MKII	Headphone.com Legacy		Headphone.com%20Legacy/over-ear/AKG%20K271%20MKII
AKG K271 MKII	Innerfidelity		Innerfidelity/over-ear/AKG%20K271%20MKII
AKG K271 MKII	oratory1990		oratory1990/over-ear/AKG%20K271%20MKII
AKG K272HD	Headphone.com Legacy		Headphone.com%20Legacy/over-ear/AKG%20K272HD
AKG K272HD	Innerfidelity		Innerfidelity/over-ear/AKG%20K272HD
AKG K280 Parabolic	oratory1990		oratory1990/over-ear/AKG%20K280%20Parabolic
AKG K3003 (bass boost filter)	Headphone.com Legacy		Headphone.com%20Legacy/in-ear/AKG%20K3003%20(bass%20boost%20filter)
AKG K3003 (bass boost filter)	Innerfidelity		Innerfidelity/in-ear/AKG%20K3003%20(bass%20boost%20filter)
AKG K3003 (high boost filter)	Headphone.com Legacy		Headphone.com%20Legacy/in-ear/AKG%20K3003%20(high%20boost%20filter)
AKG K3003 (high boost filter)	Innerfidelity		Innerfidelity/in-ear/AKG%20K3003%20(high%20boost%20filter)
AKG K3003 (reference filter)	Headphone.com Legacy		Headphone.com%20Legacy/in-ear/AKG%20K3003%20(reference%20filter)
AKG K3003 (reference filter)	Innerfidelity		Innerfidelity/in-ear/AKG%20K3003%20(reference%20filter)
AKG K3003	oratory1990		oratory1990/in-ear/AKG%20K3003
AKG K340	Innerfidelity		Innerfidelity/over-ear/AKG%20K340
AKG K361	Kuulokenurkka		Kuulokenurkka/over-ear/AKG%20K361
AKG K361	oratory1990		oratory1990/over-ear/AKG%20K361
AKG K361	Rtings	Bruel & Kjaer 5128	Rtings/Bruel%20&%20Kjaer%205128%20over-ear/AKG%20K361
AKG K371 (Brainwavz oval earpads)	oratory1990		oratory1990/over-ear/AKG%20K371%20(Brainwavz%20oval%20earpads)
AKG K371	crinacle	GRAS 43AG-7	crinacle/GRAS%2043AG-7%20over-ear/AKG%20K371
AKG K371	Filk		Filk/over-ear/AKG%20K371
AKG K371	oratory1990		oratory1990/over-ear/AKG%20K371
AKG K371	Rtings	HMS II.3	Rtings/HMS%20II.3%20over-ear/AKG%20K371
AKG K371	Super Review		Super%20Review/over-ear/AKG%20K371
AKG K376	Innerfidelity		Innerfidelity/in-ear/AKG%20K376
AKG K44	Rtings	HMS II.3	Rtings/HMS%20II.3%20over-ear/AKG%20K44
AKG K450	Innerfidelity		Innerfidelity/over-ear/AKG%20K450
AKG K501	Innerfidelity		Innerfidelity/over-ear/AKG%20K501
AKG K518LE	Innerfidelity		Innerfidelity/over-ear/AKG%20K518LE
AKG K52	Auriculares Argentina		Auriculares%20Argentina/over-ear/AKG%20K52
AKG K52	crinacle	GRAS 43AG-7	crinacle/GRAS%2043AG-7%20over-ear/AKG%20K52
AKG K52	oratory1990		oratory1990/over-ear/AKG%20K52
AKG K550	Headphone.com Legacy		Headphone.com%20Legacy/over-ear/AKG%20K550
AKG K550	Innerfidelity		Innerfidelity/over-ear/AKG%20K550
AKG K553	oratory1990		oratory1990/over-ear/AKG%20K553
AKG K601 (2007)	Innerfidelity		Innerfidelity/over-ear/AKG%20K601%20(2007)
AKG K601 (Dekoni sheepskin earpads)	oratory1990		oratory1990/over-ear/AKG%20K601%20(Dekoni%20sheepskin%20earpads)
AKG K601 (K701 earpads)	oratory1990		oratory1990/over-ear/AKG%20K601%20(K701%20earpads)
AKG K601	Headphone.com Legacy		Headphone.com%20Legacy/over-ear/AKG%20K601
AKG K601	oratory1990		oratory1990/over-ear/AKG%20K601
AKG K612 Pro	Auriculares Argentina		Auriculares%20Argentina/over-ear/AKG%20K612%20Pro
AKG K612 Pro	crinacle	GRAS 43AG-7	crinacle/GRAS%2043AG-7%20over-ear/AKG%20K612%20Pro
AKG K612	Innerfidelity		Innerfidelity/over-ear/AKG%20K612
AKG K612	oratory1990		oratory1990/over-ear/AKG%20K612
AKG K619	Innerfidelity		Innerfidelity/over-ear/AKG%20K619
AKG K67 Tiesto	Innerfidelity		Innerfidelity/over-ear/AKG%20K67%20Tiesto
AKG K701 (sample A)	Innerfidelity		Innerfidelity/over-ear/AKG%20K701%20(sample%20A)
AKG K701 (sample B)	Innerfidelity		Innerfidelity/over-ear/AKG%20K701%20(sample%20B)
AKG K701	Auriculares Argentina		Auriculares%20Argentina/over-ear/AKG%20K701
AKG K701	crinacle	GRAS 43AG-7	crinacle/GRAS%2043AG-7%20over-ear/AKG%20K701
AKG K701	Headphone.com Legacy		Headphone.com%20Legacy/over-ear/AKG%20K701
AKG K701	Innerfidelity		Innerfidelity/over-ear/AKG%20K701
AKG K701	oratory1990		oratory1990/over-ear/AKG%20K701
AKG K701	Rtings	HMS II.3	Rtings/HMS%20II.3%20over-ear/AKG%20K701
AKG K702 (Brainwavz XL earpads)	oratory1990		oratory1990/over-ear/AKG%20K702%20(Brainwavz%20XL%20earpads)
AKG K702 (Geekria earpads)	oratory1990		oratory1990/over-ear/AKG%20K702%20(Geekria%20earpads)
AKG K702 65th Anniversary Edition	Innerfidelity		Innerfidelity/over-ear/AKG%20K702%2065th%20Anniversary%20Edition
AKG K702 65th Anniversary Edition	oratory1990		oratory1990/over-ear/AKG%20K702%2065th%20Anniversary%20Edition
AKG K702	Auriculares Argentina		Auriculares%20Argentina/over-ear/AKG%20K702
AKG K702	crinacle	GRAS 43AG-7	crinacle/GRAS%2043AG-7%20over-ear/AKG%20K702
AKG K702	Headphone.com Legacy		Headphone.com%20Legacy/over-ear/AKG%20K702
AKG K702	Innerfidelity		Innerfidelity/over-ear/AKG%20K702
AKG K702	oratory1990		oratory1990/over-ear/AKG%20K702
AKG K702	Rtings	HMS II.3	Rtings/HMS%20II.3%20over-ear/AKG%20K702
AKG K712 (Dekoni sheepskin earpads)	oratory1990		oratory1990/over-ear/AKG%20K712%20(Dekoni%20sheepskin%20earpads)
AKG K712 PRO	Kuulokenurkka		Kuulokenurkka/over-ear/AKG%20K712%20PRO
AKG K712 PRO	Rtings	HMS II.3	Rtings/HMS%20II.3%20over-ear/AKG%20K712%20PRO
AKG K712	crinacle	GRAS 43AG-7	crinacle/GRAS%2043AG-7%20over-ear/AKG%20K712
AKG K712	Headphone.com Legacy		Headphone.com%20Legacy/over-ear/AKG%20K712
AKG K712	Innerfidelity		Innerfidelity/over-ear/AKG%20K712
AKG K712	oratory1990		oratory1990/over-ear/AKG%20K712
AKG K712	Super Review		Super%20Review/over-ear/AKG%20K712
AKG K72	crinacle	GRAS 43AG-7	crinacle/GRAS%2043AG-7%20over-ear/AKG%20K72
AKG K72	oratory1990		oratory1990/over-ear/AKG%20K72
AKG K7XX	crinacle	GRAS 43AG-7	crinacle/GRAS%2043AG-7%20over-ear/AKG%20K7XX
AKG K7XX	Innerfidelity		Innerfidelity/over-ear/AKG%20K7XX
AKG K7XX	oratory1990		oratory1990/over-ear/AKG%20K7XX
AKG K7XX	Super Review		Super%20Review/over-ear/AKG%20K7XX
AKG K81 DJ	Headphone.com Legacy		Headphone.com%20Legacy/over-ear/AKG%20K81%20DJ
AKG K81 DJ	Innerfidelity		Innerfidelity/over-ear/AKG%20K81%20DJ
AKG K812 (serial number 001130)	Innerfidelity		Innerfidelity/over-ear/AKG%20K812%20(serial%20number%20001130)
AKG K812	crinacle	GRAS 43AG-7	crinacle/GRAS%2043AG-7%20over-ear/AKG%20K812
AKG K812	Headphone.com Legacy		Headphone.com%20Legacy/over-ear/AKG%20K812
AKG K812	Innerfidelity		Innerfidelity/over-ear/AKG%20K812
AKG K812	oratory1990		oratory1990/over-ear/AKG%20K812
AKG K872 Pro	crinacle	GRAS 43AG-7	crinacle/GRAS%2043AG-7%20over-ear/AKG%20K872%20Pro
AKG K872	oratory1990		oratory1990/over-ear/AKG%20K872
AKG K92	crinacle	GRAS 43AG-7	crinacle/GRAS%2043AG-7%20over-ear/AKG%20K92
AKG K92	oratory1990		oratory1990/over-ear/AKG%20K92
AKG N20	oratory1990		oratory1990/in-ear/AKG%20N20
AKG N200	Rtings	HMS II.3	Rtings/HMS%20II.3%20in-ear/AKG%20N200
AKG N400	crinacle	711	crinacle/711%20in-ear/AKG%20N400
AKG N400	HypetheSonics	Bruel & Kjaer 5128	HypetheSonics/Bruel%20&%20Kjaer%205128%20in-ear/AKG%20N400
AKG N400	oratory1990		oratory1990/in-ear/AKG%20N400
AKG N5005 (bass boost)	crinacle	711	crinacle/711%20in-ear/AKG%20N5005%20(bass%20boost)
AKG N5005 (bass boost)	Fahryst		Fahryst/in-ear/AKG%20N5005%20(bass%20boost)
AKG N5005 (bass boost)	HypetheSonics	GRAS RA0045	HypetheSonics/GRAS%20RA0045%20in-ear/AKG%20N5005%20(bass%20boost)
AKG N5005 (high)	crinacle	711	crinacle/711%20in-ear/AKG%20N5005%20(high)
AKG N5005 (high)	Fahryst		Fahryst/in-ear/AKG%20N5005%20(high)
AKG N5005 (high)	HypetheSonics	GRAS RA0045	HypetheSonics/GRAS%20RA0045%20in-ear/AKG%20N5005%20(high)
AKG N5005 (mid high)	crinacle	711	crinacle/711%20in-ear/AKG%20N5005%20(mid%20high)
AKG N5005 (mid high)	Fahryst		Fahryst/in-ear/AKG%20N5005%20(mid%20high)
AKG N5005 (mid high)	HypetheSonics	GRAS RA0045	HypetheSonics/GRAS%20RA0045%20in-ear/AKG%20N5005%20(mid%20high)
AKG N5005 (reference)	crinacle	711	crinacle/711%20in-ear/AKG%20N5005%20(reference)
AKG N5005 (reference)	Fahryst		Fahryst/in-ear/AKG%20N5005%20(reference)
AKG N5005 (reference)	HypetheSonics	GRAS RA0045	HypetheSonics/GRAS%20RA0045%20in-ear/AKG%20N5005%20(reference)
AKG N5005	oratory1990		oratory1990/in-ear/AKG%20N5005
AKG N60 NC (wired, passive)	Innerfidelity		Innerfidelity/over-ear/AKG%20N60%20NC%20(wired,%20passive)
AKG N60 NC Wireless	oratory1990		oratory1990/over-ear/AKG%20N60%20NC%20Wireless
AKG N60 NC Wireless	Rtings	HMS II.3	Rtings/HMS%20II.3%20over-ear/AKG%20N60%20NC%20Wireless
AKG N700NC M2 (ANC on)	Filk		Filk/over-ear/AKG%20N700NC%20M2%20(ANC%20on)
AKG N700NC M2 (passive)	Filk		Filk/over-ear/AKG%20N700NC%20M2%20(passive)
AKG N700NC M2	crinacle	GRAS 43AG-7	crinacle/GRAS%2043AG-7%20over-ear/AKG%20N700NC%20M2
AKG N700NC M2	oratory1990		oratory1990/over-ear/AKG%20N700NC%20M2
AKG N700NC M2	Rtings	HMS II.3	Rtings/HMS%20II.3%20over-ear/AKG%20N700NC%20M2
AKG N700NC	Rtings	HMS II.3	Rtings/HMS%20II.3%20over-ear/AKG%20N700NC
AKG N9 Hybrid (ANC on)	Kuulokenurkka		Kuulokenurkka/over-ear/AKG%20N9%20Hybrid%20(ANC%20on)
AKG N9 Hybrid (ANC on, studio preset)	Kuulokenurkka		Kuulokenurkka/over-ear/AKG%20N9%20Hybrid%20(ANC%20on,%20studio%20preset)
AKG N9 Hybrid (passive)	Kuulokenurkka		Kuulokenurkka/over-ear/AKG%20N9%20Hybrid%20(passive)
AKG N9 Hybrid	Kuulokenurkka		Kuulokenurkka/over-ear/AKG%20N9%20Hybrid
AKG N90Q	Innerfidelity		Innerfidelity/over-ear/AKG%20N90Q
AKG Q350 Quincy Jones	Headphone.com Legacy		Headphone.com%20Legacy/in-ear/AKG%20Q350%20Quincy%20Jones
AKG Q350 Quincy Jones	Innerfidelity		Innerfidelity/in-ear/AKG%20Q350%20Quincy%20Jones
AKG Q460 Quincy Jones	Headphone.com Legacy		Headphone.com%20Legacy/over-ear/AKG%20Q460%20Quincy%20Jones
AKG Q460 Quincy Jones	Innerfidelity		Innerfidelity/over-ear/AKG%20Q460%20Quincy%20Jones
AKG Q701 Quincy Jones	Headphone.com Legacy		Headphone.com%20Legacy/over-ear/AKG%20Q701%20Quincy%20Jones
AKG Q701 Quincy Jones	Innerfidelity		Innerfidelity/over-ear/AKG%20Q701%20Quincy%20Jones
AKG Q701	oratory1990		oratory1990/over-ear/AKG%20Q701
AKG Q701	Rtings	HMS II.3	Rtings/HMS%20II.3%20over-ear/AKG%20Q701
AKG Q701	Super Review		Super%20Review/over-ear/AKG%20Q701
AKG Y50BT	oratory1990		oratory1990/over-ear/AKG%20Y50BT
Akoustyx R-120	Super Review		Super%20Review/in-ear/Akoustyx%20R-120
Akoustyx R-220	oratory1990		oratory1990/in-ear/Akoustyx%20R-220
Akoustyx R-220	Super Review		Super%20Review/in-ear/Akoustyx%20R-220
Akoustyx S-6	Super Review		Super%20Review/in-ear/Akoustyx%20S-6
Alclair Electro	crinacle	711	crinacle/711%20in-ear/Alclair%20Electro
Alclair Studio3	crinacle	711	crinacle/711%20in-ear/Alclair%20Studio3
Alclair Studio4	crinacle	711	crinacle/711%20in-ear/Alclair%20Studio4
Alclair Studio4	crinacle	Bruel & Kjaer 4620	crinacle/Bruel%20&%20Kjaer%204620%20in-ear/Alclair%20Studio4
Alclair Versa	crinacle	711	crinacle/711%20in-ear/Alclair%20Versa
Allen & Heath XD-53	oratory1990		oratory1990/over-ear/Allen%20&%20Heath%20XD-53
Alpha & Delta AD01	Innerfidelity		Innerfidelity/in-ear/Alpha%20&%20Delta%20AD01
Alpha & Delta D6	crinacle	Bruel & Kjaer 4620	crinacle/Bruel%20&%20Kjaer%204620%20in-ear/Alpha%20&%20Delta%20D6
Alpha & Delta KS1	ToneDeafMonk		ToneDeafMonk/in-ear/Alpha%20&%20Delta%20KS1
Alpha & Delta KS100	Regan Cipher		Regan%20Cipher/in-ear/Alpha%20&%20Delta%20KS100
Alpha & Delta KS3	crinacle	711	crinacle/711%20in-ear/Alpha%20&%20Delta%20KS3
Alpha & Delta KS3	crinacle	Bruel & Kjaer 4620	crinacle/Bruel%20&%20Kjaer%204620%20in-ear/Alpha%20&%20Delta%20KS3
Alpha & Delta KS3	ToneDeafMonk		ToneDeafMonk/in-ear/Alpha%20&%20Delta%20KS3
Alpha Design Labs H128	Innerfidelity		Innerfidelity/over-ear/Alpha%20Design%20Labs%20H128
Alpha Omega Omega (off-off-off)	Super Review		Super%20Review/in-ear/Alpha%20Omega%20Omega%20(off-off-off)
Alpha Omega Omega (off-off-off)	ToneDeafMonk		ToneDeafMonk/in-ear/Alpha%20Omega%20Omega%20(off-off-off)
Alpha Omega Omega (off-off-on)	ToneDeafMonk		ToneDeafMonk/in-ear/Alpha%20Omega%20Omega%20(off-off-on)
Alpha Omega Omega (off-on-off)	ToneDeafMonk		ToneDeafMonk/in-ear/Alpha%20Omega%20Omega%20(off-on-off)
Alpha Omega Omega (off-on-on)	ToneDeafMonk		ToneDeafMonk/in-ear/Alpha%20Omega%20Omega%20(off-on-on)
Alpha Omega Omega (on-off-off)	ToneDeafMonk		ToneDeafMonk/in-ear/Alpha%20Omega%20Omega%20(on-off-off)
Alpha Omega Omega (on-off-on)	ToneDeafMonk		ToneDeafMonk/in-ear/Alpha%20Omega%20Omega%20(on-off-on)
Alpha Omega Omega (on-on-off)	Super Review		Super%20Review/in-ear/Alpha%20Omega%20Omega%20(on-on-off)
Alpha Omega Omega (on-on-off)	ToneDeafMonk		ToneDeafMonk/in-ear/Alpha%20Omega%20Omega%20(on-on-off)
Alpha Omega Omega (on-on-on)	Super Review		Super%20Review/in-ear/Alpha%20Omega%20Omega%20(on-on-on)
Alpha Omega Omega (on-on-on)	ToneDeafMonk		ToneDeafMonk/in-ear/Alpha%20Omega%20Omega%20(on-on-on)
Alpha Omega Omega on-off-off)	Super Review		Super%20Review/in-ear/Alpha%20Omega%20Omega%20on-off-off)
Alpha Omega Ra	Super Review		Super%20Review/in-ear/Alpha%20Omega%20Ra
Altec Lansing True Evo	Rtings	HMS II.3	Rtings/HMS%20II.3%20in-ear/Altec%20Lansing%20True%20Evo
Altiat Cal.1H	crinacle	GRAS 43AG-7	crinacle/GRAS%2043AG-7%20over-ear/Altiat%20Cal.1H
Amazon Echo Buds Gen 2	Rtings	HMS II.3	Rtings/HMS%20II.3%20in-ear/Amazon%20Echo%20Buds%20Gen%202
Amazon Echo Buds Gen 3	Rtings	HMS II.3	Rtings/HMS%20II.3%20in-ear/Amazon%20Echo%20Buds%20Gen%203
Amazon Echo Buds	oratory1990		oratory1990/in-ear/Amazon%20Echo%20Buds
Amazon Echo Buds	Rtings	HMS II.3	Rtings/HMS%20II.3%20in-ear/Amazon%20Echo%20Buds
AmazonBasics Lightweight On Ear	Rtings	HMS II.3	Rtings/HMS%20II.3%20over-ear/AmazonBasics%20Lightweight%20On%20Ear
Ambient Acoustics AM16	crinacle	711	crinacle/711%20in-ear/Ambient%20Acoustics%20AM16
Ambient Acoustics AM24	crinacle	711	crinacle/711%20in-ear/Ambient%20Acoustics%20AM24
Ambient Acoustics AM7 (blue)	crinacle	711	crinacle/711%20in-ear/Ambient%20Acoustics%20AM7%20(blue)
Ambient Acoustics AM7 (red)	crinacle	711	crinacle/711%20in-ear/Ambient%20Acoustics%20AM7%20(red)
Ambient Acoustics AM7 (yellow)	crinacle	711	crinacle/711%20in-ear/Ambient%20Acoustics%20AM7%20(yellow)
Ambient Acoustics AM7	crinacle	711	crinacle/711%20in-ear/Ambient%20Acoustics%20AM7
Ambient Acoustics MAD16	crinacle	711	crinacle/711%20in-ear/Ambient%20Acoustics%20MAD16
Ambient Acoustics MAD24	crinacle	711	crinacle/711%20in-ear/Ambient%20Acoustics%20MAD24
Ambient Dynamics AD-006 Lyndale	crinacle	711	crinacle/711%20in-ear/Ambient%20Dynamics%20AD-006%20Lyndale
AME Aura	Jaytiss		Jaytiss/in-ear/AME%20Aura
AME Gaia	Jaytiss		Jaytiss/in-ear/AME%20Gaia
AME Mousa	Jaytiss		Jaytiss/in-ear/AME%20Mousa
AME Radioso	Jaytiss		Jaytiss/in-ear/AME%20Radioso
AME Raven KR version	Jaytiss		Jaytiss/in-ear/AME%20Raven%20KR%20version
Andover Audio PM-50 (medium squared earpads)	oratory1990		oratory1990/over-ear/Andover%20Audio%20PM-50%20(medium%20squared%20earpads)
Andover Audio PM-50 (small rounded earpads)	oratory1990		oratory1990/over-ear/Andover%20Audio%20PM-50%20(small%20rounded%20earpads)
Anew U1	Hi End Portable		Hi%20End%20Portable/in-ear/Anew%20U1
Anker Liberty 4 Pro	DHRME		DHRME/in-ear/Anker%20Liberty%204%20Pro
Anker Liberty 5	DHRME		DHRME/in-ear/Anker%20Liberty%205
Anker Life P2i	Regan Cipher		Regan%20Cipher/in-ear/Anker%20Life%20P2i
Anker P3i	Regan Cipher		Regan%20Cipher/in-ear/Anker%20P3i
Anker SoundBuds Curve Upgraded 2019	Rtings	HMS II.3	Rtings/HMS%20II.3%20in-ear/Anker%20SoundBuds%20Curve%20Upgraded%202019
Anker SoundBuds Curve	Rtings	HMS II.3	Rtings/HMS%20II.3%20in-ear/Anker%20SoundBuds%20Curve
Anker SoundBuds Life	Rtings	HMS II.3	Rtings/HMS%20II.3%20in-ear/Anker%20SoundBuds%20Life
Anker SoundBuds Sport	Rtings	HMS II.3	Rtings/HMS%20II.3%20in-ear/Anker%20SoundBuds%20Sport
Anker Soundcore Aerofit Pro	Regan Cipher		Regan%20Cipher/earbud/Anker%20Soundcore%20Aerofit%20Pro
Anker Soundcore C30i	Rtings	Bruel & Kjaer 5128	Rtings/Bruel%20&%20Kjaer%205128%20in-ear/Anker%20Soundcore%20C30i
Anker Soundcore Liberty 2 Pro	crinacle	711	crinacle/711%20in-ear/Anker%20Soundcore%20Liberty%202%20Pro
Anker Soundcore Liberty 2 Pro	oratory1990		oratory1990/in-ear/Anker%20Soundcore%20Liberty%202%20Pro
Anker Soundcore Liberty 2 Pro	Rtings	HMS II.3	Rtings/HMS%20II.3%20in-ear/Anker%20Soundcore%20Liberty%202%20Pro
Anker Soundcore Liberty 3 Pro	Harpo		Harpo/in-ear/Anker%20Soundcore%20Liberty%203%20Pro
Anker Soundcore Liberty 3 Pro	HypetheSonics	GRAS RA0045	HypetheSonics/GRAS%20RA0045%20in-ear/Anker%20Soundcore%20Liberty%203%20Pro
Anker Soundcore Liberty 3 Pro	Regan Cipher		Regan%20Cipher/in-ear/Anker%20Soundcore%20Liberty%203%20Pro
Anker Soundcore Liberty 3 Pro	Rtings	HMS II.3	Rtings/HMS%20II.3%20in-ear/Anker%20Soundcore%20Liberty%203%20Pro
Anker Soundcore Liberty 4 NC	DHRME		DHRME/in-ear/Anker%20Soundcore%20Liberty%204%20NC
Anker Soundcore Liberty 4 NC	Regan Cipher		Regan%20Cipher/in-ear/Anker%20Soundcore%20Liberty%204%20NC
Anker Soundcore Liberty 4 NC	Rtings	Bruel & Kjaer 5128	Rtings/Bruel%20&%20Kjaer%205128%20in-ear/Anker%20Soundcore%20Liberty%204%20NC
Anker Soundcore Liberty 4	Rtings	HMS II.3	Rtings/HMS%20II.3%20in-ear/Anker%20Soundcore%20Liberty%204
Anker Soundcore Liberty Air 2 Pro	Rtings	HMS II.3	Rtings/HMS%20II.3%20in-ear/Anker%20Soundcore%20Liberty%20Air%202%20Pro
Anker Soundcore Liberty Air 2	crinacle	711	crinacle/711%20in-ear/Anker%20Soundcore%20Liberty%20Air%202
Anker Soundcore Liberty Air 2	oratory1990		oratory1990/in-ear/Anker%20Soundcore%20Liberty%20Air%202
Anker Soundcore Liberty Air 2	Rtings	HMS II.3	Rtings/HMS%20II.3%20in-ear/Anker%20Soundcore%20Liberty%20Air%202
Anker Soundcore Liberty Air	Rtings	HMS II.3	Rtings/HMS%20II.3%20in-ear/Anker%20Soundcore%20Liberty%20Air
Anker Soundcore Liberty Lite	Rtings	HMS II.3	Rtings/HMS%20II.3%20in-ear/Anker%20Soundcore%20Liberty%20Lite
Anker Soundcore Life 2	Rtings	HMS II.3	Rtings/HMS%20II.3%20over-ear/Anker%20Soundcore%20Life%202
Anker Soundcore Life A2 NC	Rtings	HMS II.3	Rtings/HMS%20II.3%20in-ear/Anker%20Soundcore%20Life%20A2%20NC
Anker Soundcore Life Dot 2	Rtings	HMS II.3	Rtings/HMS%20II.3%20in-ear/Anker%20Soundcore%20Life%20Dot%202
Anker Soundcore Life P2	Rtings	HMS II.3	Rtings/HMS%20II.3%20in-ear/Anker%20Soundcore%20Life%20P2
Anker Soundcore Life P3	Rtings	HMS II.3	Rtings/HMS%20II.3%20in-ear/Anker%20Soundcore%20Life%20P3
Anker Soundcore Life Q20	Rtings	HMS II.3	Rtings/HMS%20II.3%20over-ear/Anker%20Soundcore%20Life%20Q20
Anker Soundcore Life Q30 (ANC off)	oratory1990		oratory1990/over-ear/Anker%20Soundcore%20Life%20Q30%20(ANC%20off)
Anker Soundcore Life Q30 (ANC on)	oratory1990		oratory1990/over-ear/Anker%20Soundcore%20Life%20Q30%20(ANC%20on)
Anker Soundcore Life Q30	Kuulokenurkka		Kuulokenurkka/over-ear/Anker%20Soundcore%20Life%20Q30
Anker Soundcore Life Q30	Rtings	Bruel & Kjaer 5128	Rtings/Bruel%20&%20Kjaer%205128%20over-ear/Anker%20Soundcore%20Life%20Q30
Anker Soundcore Life Q35 (ANC off)	oratory1990		oratory1990/over-ear/Anker%20Soundcore%20Life%20Q35%20(ANC%20off)
Anker Soundcore Life Q35 (ANC on)	oratory1990		oratory1990/over-ear/Anker%20Soundcore%20Life%20Q35%20(ANC%20on)
Anker Soundcore Life Q35 (wired, passive)	oratory1990		oratory1990/over-ear/Anker%20Soundcore%20Life%20Q35%20(wired,%20passive)
Anker Soundcore Life Q35	Rtings	HMS II.3	Rtings/HMS%20II.3%20over-ear/Anker%20Soundcore%20Life%20Q35
Anker Soundcore P25i	Rtings	Bruel & Kjaer 5128	Rtings/Bruel%20&%20Kjaer%205128%20in-ear/Anker%20Soundcore%20P25i
Anker Soundcore P40i	Rtings	Bruel & Kjaer 5128	Rtings/Bruel%20&%20Kjaer%205128%20in-ear/Anker%20Soundcore%20P40i
Anker Soundcore Sleep A20	DHRME		DHRME/in-ear/Anker%20Soundcore%20Sleep%20A20
Anker Soundcore Space A40	Regan Cipher		Regan%20Cipher/in-ear/Anker%20Soundcore%20Space%20A40
Anker Soundcore Space A40	Rtings	Bruel & Kjaer 5128	Rtings/Bruel%20&%20Kjaer%205128%20in-ear/Anker%20Soundcore%20Space%20A40
Anker Soundcore Space NC	Rtings	HMS II.3	Rtings/HMS%20II.3%20over-ear/Anker%20Soundcore%20Space%20NC
Anker Soundcore Space One	oratory1990		oratory1990/over-ear/Anker%20Soundcore%20Space%20One
Anker Soundcore Space One	Rtings	HMS II.3	Rtings/HMS%20II.3%20over-ear/Anker%20Soundcore%20Space%20One
Anker Soundcore Space Q45 (ANC on)	oratory1990		oratory1990/over-ear/Anker%20Soundcore%20Space%20Q45%20(ANC%20on)
Anker Soundcore Space Q45 (wired, passive)	oratory1990		oratory1990/over-ear/Anker%20Soundcore%20Space%20Q45%20(wired,%20passive)
Anker Soundcore Space Q45	Filk		Filk/over-ear/Anker%20Soundcore%20Space%20Q45
Anker Soundcore Space Q45	Kuulokenurkka		Kuulokenurkka/over-ear/Anker%20Soundcore%20Space%20Q45
Anker Soundcore Space Q45	Rtings	Bruel & Kjaer 5128	Rtings/Bruel%20&%20Kjaer%205128%20over-ear/Anker%20Soundcore%20Space%20Q45
Anker Soundcore Spirit X	Rtings	HMS II.3	Rtings/HMS%20II.3%20in-ear/Anker%20Soundcore%20Spirit%20X
Anker Zolo Liberty+	Rtings	HMS II.3	Rtings/HMS%20II.3%20in-ear/Anker%20Zolo%20Liberty+
Anthem Five E2 (CIEM)	crinacle	711	crinacle/711%20in-ear/Anthem%20Five%20E2%20(CIEM)
Anthem Five E4 (CIEM)	crinacle	711	crinacle/711%20in-ear/Anthem%20Five%20E4%20(CIEM)
AOSHIDA E20	Harpo		Harpo/in-ear/AOSHIDA%20E20
AOSHIDA E20	ToneDeafMonk		ToneDeafMonk/in-ear/AOSHIDA%20E20
Apevoix Grit	Hi End Portable		Hi%20End%20Portable/in-ear/Apevoix%20Grit
Apple AirPod 4 (transparency)	Regan Cipher		Regan%20Cipher/earbud/Apple%20AirPod%204%20(transparency)
Apple AirPods (1st generation)	oratory1990		oratory1990/earbud/Apple%20AirPods%20(1st%20generation)
Apple AirPods (1st generation)	Rtings	HMS II.3	Rtings/HMS%20II.3%20earbud/Apple%20AirPods%20(1st%20generation)
Apple AirPods (2nd generation)	Rtings	HMS II.3	Rtings/HMS%20II.3%20earbud/Apple%20AirPods%20(2nd%20generation)
Apple AirPods (3rd generation)	Rtings	Bruel & Kjaer 5128	Rtings/Bruel%20&%20Kjaer%205128%20earbud/Apple%20AirPods%20(3rd%20generation)
Apple AirPods 2	Super Review		Super%20Review/earbud/Apple%20AirPods%202
Apple AirPods 3	Super Review		Super%20Review/earbud/Apple%20AirPods%203
Apple AirPods 4 (ANC on)	Regan Cipher		Regan%20Cipher/earbud/Apple%20AirPods%204%20(ANC%20on)
Apple AirPods 4 (ANC on)	Rtings	Bruel & Kjaer 5128	Rtings/Bruel%20&%20Kjaer%205128%20earbud/Apple%20AirPods%204%20(ANC%20on)
Apple AirPods 4	Rtings	Bruel & Kjaer 5128	Rtings/Bruel%20&%20Kjaer%205128%20earbud/Apple%20AirPods%204
Apple AirPods Max (3rd party pleather earpads)	oratory1990		oratory1990/over-ear/Apple%20AirPods%20Max%20(3rd%20party%20pleather%20earpads)
Apple AirPods Max	crinacle	GRAS 43AG-7	crinacle/GRAS%2043AG-7%20over-ear/Apple%20AirPods%20Max
Apple AirPods Max	oratory1990		oratory1990/over-ear/Apple%20AirPods%20Max
Apple AirPods Max	Rtings	Bruel & Kjaer 5128	Rtings/Bruel%20&%20Kjaer%205128%20over-ear/Apple%20AirPods%20Max
Apple AirPods Pro 2 (51dB + ANC)	crinacle	711	crinacle/711%20in-ear/Apple%20AirPods%20Pro%202%20(51dB%20+%20ANC)
Apple AirPods Pro 2 (56dB + ANC)	crinacle	711	crinacle/711%20in-ear/Apple%20AirPods%20Pro%202%20(56dB%20+%20ANC)
Apple AirPods Pro 2 (60dB + ANC)	crinacle	711	crinacle/711%20in-ear/Apple%20AirPods%20Pro%202%20(60dB%20+%20ANC)
Apple AirPods Pro 2 (65dB + ANC)	crinacle	711	crinacle/711%20in-ear/Apple%20AirPods%20Pro%202%20(65dB%20+%20ANC)
Apple AirPods Pro 2 (69dB + ANC)	crinacle	711	crinacle/711%20in-ear/Apple%20AirPods%20Pro%202%20(69dB%20+%20ANC)
Apple AirPods Pro 2 (73dB + ANC)	crinacle	711	crinacle/711%20in-ear/Apple%20AirPods%20Pro%202%20(73dB%20+%20ANC)
Apple AirPods Pro 2 (77dB + ANC)	crinacle	711	crinacle/711%20in-ear/Apple%20AirPods%20Pro%202%20(77dB%20+%20ANC)
Apple AirPods Pro 2 (81dB + ANC)	crinacle	711	crinacle/711%20in-ear/Apple%20AirPods%20Pro%202%20(81dB%20+%20ANC)
Apple AirPods Pro 2 (84dB + ANC)	crinacle	711	crinacle/711%20in-ear/Apple%20AirPods%20Pro%202%20(84dB%20+%20ANC)
Apple AirPods Pro 2 (88dB + ANC)	crinacle	711	crinacle/711%20in-ear/Apple%20AirPods%20Pro%202%20(88dB%20+%20ANC)
Apple AirPods Pro 2 (91dB + ANC)	crinacle	711	crinacle/711%20in-ear/Apple%20AirPods%20Pro%202%20(91dB%20+%20ANC)
Apple AirPods Pro 2 (ANC mode)	crinacle	711	crinacle/711%20in-ear/Apple%20AirPods%20Pro%202%20(ANC%20mode)
Apple AirPods Pro 2 (passive mode)	crinacle	711	crinacle/711%20in-ear/Apple%20AirPods%20Pro%202%20(passive%20mode)
Apple AirPods Pro 2 (transparency mode)	crinacle	711	crinacle/711%20in-ear/Apple%20AirPods%20Pro%202%20(transparency%20mode)
Apple Airpods Pro 2	Filk		Filk/in-ear/Apple%20Airpods%20Pro%202
Apple Airpods Pro 2	Harpo		Harpo/in-ear/Apple%20Airpods%20Pro%202
Apple Airpods Pro 2	HypetheSonics	GRAS RA0045	HypetheSonics/GRAS%20RA0045%20in-ear/Apple%20Airpods%20Pro%202
Apple AirPods Pro	crinacle	711	crinacle/711%20in-ear/Apple%20AirPods%20Pro
Apple AirPods Pro	HypetheSonics	Bruel & Kjaer 5128	HypetheSonics/Bruel%20&%20Kjaer%205128%20in-ear/Apple%20AirPods%20Pro
Apple AirPods Pro	Rtings	HMS II.3	Rtings/HMS%20II.3%20in-ear/Apple%20AirPods%20Pro
Apple AirPods Pro	Super Review		Super%20Review/in-ear/Apple%20AirPods%20Pro
Apple AirPods Pro2	Rtings	Bruel & Kjaer 5128	Rtings/Bruel%20&%20Kjaer%205128%20in-ear/Apple%20AirPods%20Pro2
Apple EarPods	Headphone.com Legacy		Headphone.com%20Legacy/earbud/Apple%20EarPods
Apple EarPods	Innerfidelity		Innerfidelity/earbud/Apple%20EarPods
Apple EarPods	Rtings	HMS II.3	Rtings/HMS%20II.3%20earbud/Apple%20EarPods
Apple EarPods	Super Review		Super%20Review/earbud/Apple%20EarPods
Apple In-Ear (2013)	Innerfidelity		Innerfidelity/in-ear/Apple%20In-Ear%20(2013)
Apple iPod Ear Buds (sample A)	Innerfidelity		Innerfidelity/earbud/Apple%20iPod%20Ear%20Buds%20(sample%20A)
Apple iPod Ear Buds (sample B)	Innerfidelity		Innerfidelity/earbud/Apple%20iPod%20Ear%20Buds%20(sample%20B)
Apple iPod Ear Buds	Innerfidelity		Innerfidelity/earbud/Apple%20iPod%20Ear%20Buds
Apple ME186 In-Ear Headphones	oratory1990		oratory1990/in-ear/Apple%20ME186%20In-Ear%20Headphones
ARC Mira	crinacle	711	crinacle/711%20in-ear/ARC%20Mira
ARC Oculus	crinacle	711	crinacle/711%20in-ear/ARC%20Oculus
ARC Pollux	crinacle	711	crinacle/711%20in-ear/ARC%20Pollux
Aroma Audio Ace (off-off)	crinacle	711	crinacle/711%20in-ear/Aroma%20Audio%20Ace%20(off-off)
Aroma Audio Ace (off-on)	crinacle	711	crinacle/711%20in-ear/Aroma%20Audio%20Ace%20(off-on)
Aroma Audio Ace (on-off)	crinacle	711	crinacle/711%20in-ear/Aroma%20Audio%20Ace%20(on-off)
Aroma Audio Ace (on-on)	crinacle	711	crinacle/711%20in-ear/Aroma%20Audio%20Ace%20(on-on)
Aroma Audio Early	crinacle	711	crinacle/711%20in-ear/Aroma%20Audio%20Early
Aroma Audio Fei Wan	Fahryst		Fahryst/in-ear/Aroma%20Audio%20Fei%20Wan
Aroma Audio Fei Wan	Jaytiss		Jaytiss/in-ear/Aroma%20Audio%20Fei%20Wan
Aroma Audio Jewel	Fahryst		Fahryst/in-ear/Aroma%20Audio%20Jewel
Aroma Audio Shock	crinacle	711	crinacle/711%20in-ear/Aroma%20Audio%20Shock
Aroma Audio Star	crinacle	711	crinacle/711%20in-ear/Aroma%20Audio%20Star
Aroma Audio Thunder	ToneDeafMonk		ToneDeafMonk/in-ear/Aroma%20Audio%20Thunder
Aroma Audio Twins (bass)	crinacle	711	crinacle/711%20in-ear/Aroma%20Audio%20Twins%20(bass)
Aroma Audio Twins (treble)	crinacle	711	crinacle/711%20in-ear/Aroma%20Audio%20Twins%20(treble)
Aroma Audio Witch Girl Pro	crinacle	711	crinacle/711%20in-ear/Aroma%20Audio%20Witch%20Girl%20Pro
Aroma Audio Witch Girl S	crinacle	711	crinacle/711%20in-ear/Aroma%20Audio%20Witch%20Girl%20S
Aroma Audio Witch Girl W12	crinacle	711	crinacle/711%20in-ear/Aroma%20Audio%20Witch%20Girl%20W12
Aroma Audio Yao	crinacle	711	crinacle/711%20in-ear/Aroma%20Audio%20Yao
Arpegear Hane (off-off-off-off)	Super Review		Super%20Review/in-ear/Arpegear%20Hane%20(off-off-off-off)
Arpegear Hane (off-off-off-on)	Super Review		Super%20Review/in-ear/Arpegear%20Hane%20(off-off-off-on)
Arpegear Hane (off-off-on-off)	Super Review		Super%20Review/in-ear/Arpegear%20Hane%20(off-off-on-off)
Arpegear Hane (off-on-off-off)	Super Review		Super%20Review/in-ear/Arpegear%20Hane%20(off-on-off-off)
Arpegear Hane (on-off-off-off)	Super Review		Super%20Review/in-ear/Arpegear%20Hane%20(on-off-off-off)
ARTTI R1	Fahryst		Fahryst/in-ear/ARTTI%20R1
ARTTI R1	Jaytiss		Jaytiss/in-ear/ARTTI%20R1
ARTTI R1	ToneDeafMonk		ToneDeafMonk/in-ear/ARTTI%20R1
ARTTI R2	ToneDeafMonk		ToneDeafMonk/in-ear/ARTTI%20R2
ARTTI R3	ToneDeafMonk		ToneDeafMonk/in-ear/ARTTI%20R3
ARTTI R6	ToneDeafMonk		ToneDeafMonk/in-ear/ARTTI%20R6
ARTTI T10 Pro	Jaytiss		Jaytiss/in-ear/ARTTI%20T10%20Pro
ARTTI T10 Pro	ToneDeafMonk		ToneDeafMonk/in-ear/ARTTI%20T10%20Pro
ARTTI T10	Fahryst		Fahryst/in-ear/ARTTI%20T10
ARTTI T10	ToneDeafMonk		ToneDeafMonk/in-ear/ARTTI%20T10
Astell & Kern (Astell&Kern) T8iE	crinacle	711	crinacle/711%20in-ear/Astell%20&%20Kern%20(Astell&Kern)%20T8iE
Astell & Kern AURA	HypetheSonics	GRAS RA0045	HypetheSonics/GRAS%20RA0045%20in-ear/Astell%20&%20Kern%20AURA
Astell & Kern Odyssey	HypetheSonics	GRAS RA0045	HypetheSonics/GRAS%20RA0045%20in-ear/Astell%20&%20Kern%20Odyssey
Astell & Kern Rosie (2 o'clock)	crinacle	711	crinacle/711%20in-ear/Astell%20&%20Kern%20Rosie%20(2%20o'clock)
Astell & Kern Rosie (max)	crinacle	711	crinacle/711%20in-ear/Astell%20&%20Kern%20Rosie%20(max)
Astell & Kern Rosie (min)	crinacle	711	crinacle/711%20in-ear/Astell%20&%20Kern%20Rosie%20(min)
Astell & Kern T9iE	crinacle	711	crinacle/711%20in-ear/Astell%20&%20Kern%20T9iE
Astell & Kern x Empire Ears Novus	Fahryst		Fahryst/in-ear/Astell%20&%20Kern%20x%20Empire%20Ears%20Novus
ASTRO Gaming A10 (Gen 2)	Rtings	HMS II.3	Rtings/HMS%20II.3%20over-ear/ASTRO%20Gaming%20A10%20(Gen%202)
ASTRO Gaming A10	Rtings	HMS II.3	Rtings/HMS%20II.3%20over-ear/ASTRO%20Gaming%20A10
ASTRO Gaming A20 (Gen 2)	Rtings	HMS II.3	Rtings/HMS%20II.3%20over-ear/ASTRO%20Gaming%20A20%20(Gen%202)
ASTRO Gaming A20	Rtings	HMS II.3	Rtings/HMS%20II.3%20over-ear/ASTRO%20Gaming%20A20
ASTRO Gaming A30	Rtings	HMS II.3	Rtings/HMS%20II.3%20over-ear/ASTRO%20Gaming%20A30
ASTRO Gaming A40 TR	crinacle	GRAS 43AG-7	crinacle/GRAS%2043AG-7%20over-ear/ASTRO%20Gaming%20A40%20TR
ASTRO Gaming A40 TR	Rtings	Bruel & Kjaer 5128	Rtings/Bruel%20&%20Kjaer%205128%20over-ear/ASTRO%20Gaming%20A40%20TR
ASTRO Gaming A50 (Gen 3 2017)	Rtings	HMS II.3	Rtings/HMS%20II.3%20over-ear/ASTRO%20Gaming%20A50%20(Gen%203%202017)
ASTRO Gaming A50 (Gen 4 2019)	Rtings	Bruel & Kjaer 5128	Rtings/Bruel%20&%20Kjaer%205128%20over-ear/ASTRO%20Gaming%20A50%20(Gen%204%202019)
ASTRO Gaming A50 X	Filk		Filk/over-ear/ASTRO%20Gaming%20A50%20X
ASTRO Gaming A50 X	Rtings	Bruel & Kjaer 5128	Rtings/Bruel%20&%20Kjaer%205128%20over-ear/ASTRO%20Gaming%20A50%20X
Astrotec AM90	Innerfidelity		Innerfidelity/in-ear/Astrotec%20AM90
Astrotec Archimedes	Kazi		Kazi/in-ear/Astrotec%20Archimedes
Astrotec AX35	Innerfidelity		Innerfidelity/in-ear/Astrotec%20AX35
Astrotec AX7	Innerfidelity		Innerfidelity/in-ear/Astrotec%20AX7
Astrotec Delphinus 5	crinacle	711	crinacle/711%20in-ear/Astrotec%20Delphinus%205
Astrotec Lyra Nature (no foam)	Super Review		Super%20Review/earbud/Astrotec%20Lyra%20Nature%20(no%20foam)
Astrotec Lyra Nature	Super Review		Super%20Review/earbud/Astrotec%20Lyra%20Nature
Astrotec Volans	crinacle	711	crinacle/711%20in-ear/Astrotec%20Volans
ASUS ROG Cetra True Wireless SpeedNova	Rtings	Bruel & Kjaer 5128	Rtings/Bruel%20&%20Kjaer%205128%20in-ear/ASUS%20ROG%20Cetra%20True%20Wireless%20SpeedNova
ASUS ROG Delta S Core (fabric earpads)	Filk		Filk/over-ear/ASUS%20ROG%20Delta%20S%20Core%20(fabric%20earpads)
ASUS ROG Delta S Core (leather earpads)	Filk		Filk/over-ear/ASUS%20ROG%20Delta%20S%20Core%20(leather%20earpads)
Atomic Floyd SuperDarts	crinacle	711	crinacle/711%20in-ear/Atomic%20Floyd%20SuperDarts
Audeze CRBN	crinacle	GRAS 43AG-7	crinacle/GRAS%2043AG-7%20over-ear/Audeze%20CRBN
Audeze CRBN	oratory1990		oratory1990/over-ear/Audeze%20CRBN
Audeze EL-8 Closed Back	Innerfidelity		Innerfidelity/over-ear/Audeze%20EL-8%20Closed%20Back
Audeze EL-8 Open Back	Innerfidelity		Innerfidelity/over-ear/Audeze%20EL-8%20Open%20Back
Audeze Euclid	crinacle	711	crinacle/711%20in-ear/Audeze%20Euclid
Audeze Euclid	crinacle	Bruel & Kjaer 4620	crinacle/Bruel%20&%20Kjaer%204620%20in-ear/Audeze%20Euclid
Audeze Euclid	oratory1990		oratory1990/in-ear/Audeze%20Euclid
Audeze iSINE 10 (Cipher cable)	freeryder05		freeryder05/in-ear/Audeze%20iSINE%2010%20(Cipher%20cable)
Audeze iSINE 10	crinacle	711	crinacle/711%20in-ear/Audeze%20iSINE%2010
Audeze iSINE 10	freeryder05		freeryder05/in-ear/Audeze%20iSINE%2010
Audeze iSINE 10	oratory1990		oratory1990/in-ear/Audeze%20iSINE%2010
Audeze iSINE 20 (Cipher cable)	crinacle	711	crinacle/711%20in-ear/Audeze%20iSINE%2020%20(Cipher%20cable)
Audeze iSINE 20	crinacle	711	crinacle/711%20in-ear/Audeze%20iSINE%2020
Audeze iSINE 20	Innerfidelity		Innerfidelity/in-ear/Audeze%20iSINE%2020
Audeze iSINE 20	oratory1990		oratory1990/in-ear/Audeze%20iSINE%2020
Audeze LCD-1 (2009)	Innerfidelity		Innerfidelity/over-ear/Audeze%20LCD-1%20(2009)
Audeze LCD-1	crinacle	EARS + 711	crinacle/EARS%20+%20711%20over-ear/Audeze%20LCD-1
Audeze LCD-1	crinacle	GRAS 43AG-7	crinacle/GRAS%2043AG-7%20over-ear/Audeze%20LCD-1
Audeze LCD-1	oratory1990		oratory1990/over-ear/Audeze%20LCD-1
Audeze LCD-1	Rtings	HMS II.3	Rtings/HMS%20II.3%20over-ear/Audeze%20LCD-1
Audeze LCD-2 (Dekoni fenestrated sheepskin earpads)	crinacle	EARS + 711	crinacle/EARS%20+%20711%20over-ear/Audeze%20LCD-2%20(Dekoni%20fenestrated%20sheepskin%20earpads)
Audeze LCD-2 (Fazor)	Innerfidelity		Innerfidelity/over-ear/Audeze%20LCD-2%20(Fazor)
Audeze LCD-2 (Fazor)	oratory1990		oratory1990/over-ear/Audeze%20LCD-2%20(Fazor)
Audeze LCD-2 (pre-2017)	oratory1990		oratory1990/over-ear/Audeze%20LCD-2%20(pre-2017)
Audeze LCD-2 (Rev 2)	Headphone.com Legacy		Headphone.com%20Legacy/over-ear/Audeze%20LCD-2%20(Rev%202)
Audeze LCD-2 (Rev 2)	Innerfidelity		Innerfidelity/over-ear/Audeze%20LCD-2%20(Rev%202)
Audeze LCD-2 (sample 1)	Innerfidelity		Innerfidelity/over-ear/Audeze%20LCD-2%20(sample%201)
Audeze LCD-2 (serial number 5312123)	Innerfidelity		Innerfidelity/over-ear/Audeze%20LCD-2%20(serial%20number%205312123)
Audeze LCD-2 (serial number 53211704)	Innerfidelity		Innerfidelity/over-ear/Audeze%20LCD-2%20(serial%20number%2053211704)
Audeze LCD-2 (serial number 5325928)	Innerfidelity		Innerfidelity/over-ear/Audeze%20LCD-2%20(serial%20number%205325928)
Audeze LCD-2 Classic	crinacle	EARS + 711	crinacle/EARS%20+%20711%20over-ear/Audeze%20LCD-2%20Classic
Audeze LCD-2 Classic	crinacle	GRAS 43AG-7	crinacle/GRAS%2043AG-7%20over-ear/Audeze%20LCD-2%20Classic
Audeze LCD-2 Classic	Innerfidelity		Innerfidelity/over-ear/Audeze%20LCD-2%20Classic
Audeze LCD-2 Classic	Kuulokenurkka		Kuulokenurkka/over-ear/Audeze%20LCD-2%20Classic
Audeze LCD-2 Classic	oratory1990		oratory1990/over-ear/Audeze%20LCD-2%20Classic
Audeze LCD-2 Classic	Rtings	HMS II.3	Rtings/HMS%20II.3%20over-ear/Audeze%20LCD-2%20Classic
Audeze LCD-2 Closed Back	crinacle	EARS + 711	crinacle/EARS%20+%20711%20over-ear/Audeze%20LCD-2%20Closed%20Back
Audeze LCD-2 Closed Back	crinacle	GRAS 43AG-7	crinacle/GRAS%2043AG-7%20over-ear/Audeze%20LCD-2%20Closed%20Back
Audeze LCD-2 Closed Back	oratory1990		oratory1990/over-ear/Audeze%20LCD-2%20Closed%20Back
Audeze LCD-2 Closed Back	Super Review		Super%20Review/over-ear/Audeze%20LCD-2%20Closed%20Back
Audeze LCD-2	crinacle	GRAS 43AG-7	crinacle/GRAS%2043AG-7%20over-ear/Audeze%20LCD-2
Audeze LCD-2	Innerfidelity		Innerfidelity/over-ear/Audeze%20LCD-2
Audeze LCD-2	oratory1990		oratory1990/over-ear/Audeze%20LCD-2
Audeze LCD-24	crinacle	EARS + 711	crinacle/EARS%20+%20711%20over-ear/Audeze%20LCD-24
Audeze LCD-24	crinacle	GRAS 43AG-7	crinacle/GRAS%2043AG-7%20over-ear/Audeze%20LCD-24
Audeze LCD-24	oratory1990		oratory1990/over-ear/Audeze%20LCD-24
Audeze LCD-3 (Fazor)	Innerfidelity		Innerfidelity/over-ear/Audeze%20LCD-3%20(Fazor)
Audeze LCD-3 (Rev 2)	Innerfidelity		Innerfidelity/over-ear/Audeze%20LCD-3%20(Rev%202)
Audeze LCD-3 (serial number 2312260)	Innerfidelity		Innerfidelity/over-ear/Audeze%20LCD-3%20(serial%20number%202312260)
Audeze LCD-3 (serial number 2312341)	Innerfidelity		Innerfidelity/over-ear/Audeze%20LCD-3%20(serial%20number%202312341)
Audeze LCD-3 (serial number 2312454)	Innerfidelity		Innerfidelity/over-ear/Audeze%20LCD-3%20(serial%20number%202312454)
Audeze LCD-3 (serial number 2312488)	Innerfidelity		Innerfidelity/over-ear/Audeze%20LCD-3%20(serial%20number%202312488)
Audeze LCD-3 (serial number 2717210)	Innerfidelity		Innerfidelity/over-ear/Audeze%20LCD-3%20(serial%20number%202717210)
Audeze LCD-3	crinacle	GRAS 43AG-7	crinacle/GRAS%2043AG-7%20over-ear/Audeze%20LCD-3
Audeze LCD-3	Headphone.com Legacy		Headphone.com%20Legacy/over-ear/Audeze%20LCD-3
Audeze LCD-3	Innerfidelity		Innerfidelity/over-ear/Audeze%20LCD-3
Audeze LCD-3	oratory1990		oratory1990/over-ear/Audeze%20LCD-3
Audeze LCD-4	crinacle	EARS + 711	crinacle/EARS%20+%20711%20over-ear/Audeze%20LCD-4
Audeze LCD-4	crinacle	GRAS 43AG-7	crinacle/GRAS%2043AG-7%20over-ear/Audeze%20LCD-4
Audeze LCD-4	HypetheSonics		HypetheSonics/over-ear/Audeze%20LCD-4
Audeze LCD-4	Innerfidelity		Innerfidelity/over-ear/Audeze%20LCD-4
Audeze LCD-4	oratory1990		oratory1990/over-ear/Audeze%20LCD-4
Audeze LCD-4z	HypetheSonics		HypetheSonics/over-ear/Audeze%20LCD-4z
Audeze LCD-4z	oratory1990		oratory1990/over-ear/Audeze%20LCD-4z
Audeze LCD-5	crinacle	GRAS 43AG-7	crinacle/GRAS%2043AG-7%20over-ear/Audeze%20LCD-5
Audeze LCD-5	oratory1990		oratory1990/over-ear/Audeze%20LCD-5
Audeze LCD-GX	crinacle	GRAS 43AG-7	crinacle/GRAS%2043AG-7%20over-ear/Audeze%20LCD-GX
Audeze LCD-GX	HypetheSonics		HypetheSonics/over-ear/Audeze%20LCD-GX
Audeze LCD-GX	oratory1990		oratory1990/over-ear/Audeze%20LCD-GX
Audeze LCD-i3 (Cipher bluetooth)	crinacle	711	crinacle/711%20in-ear/Audeze%20LCD-i3%20(Cipher%20bluetooth)
Audeze LCD-i3	crinacle	711	crinacle/711%20in-ear/Audeze%20LCD-i3
Audeze LCD-i3	HypetheSonics	GRAS RA0045	HypetheSonics/GRAS%20RA0045%20in-ear/Audeze%20LCD-i3
Audeze LCD-i4	crinacle	711	crinacle/711%20in-ear/Audeze%20LCD-i4
Audeze LCD-i4	HypetheSonics	GRAS RA0045	HypetheSonics/GRAS%20RA0045%20in-ear/Audeze%20LCD-i4
Audeze LCD-MX4	crinacle	GRAS 43AG-7	crinacle/GRAS%2043AG-7%20over-ear/Audeze%20LCD-MX4
Audeze LCD-MX4	oratory1990		oratory1990/over-ear/Audeze%20LCD-MX4
Audeze LCD-R (bass boost)	Kuulokenurkka		Kuulokenurkka/over-ear/Audeze%20LCD-R%20(bass%20boost)
Audeze LCD-R	crinacle	GRAS 43AG-7	crinacle/GRAS%2043AG-7%20over-ear/Audeze%20LCD-R
Audeze LCD-R	Kuulokenurkka		Kuulokenurkka/over-ear/Audeze%20LCD-R
Audeze LCD-R	oratory1990		oratory1990/over-ear/Audeze%20LCD-R
Audeze LCD-X (2021)	crinacle	GRAS 43AG-7	crinacle/GRAS%2043AG-7%20over-ear/Audeze%20LCD-X%20(2021)
Audeze LCD-X (2021)	oratory1990		oratory1990/over-ear/Audeze%20LCD-X%20(2021)
Audeze LCD-X (Dekoni sheepskin Earpads)	oratory1990		oratory1990/over-ear/Audeze%20LCD-X%20(Dekoni%20sheepskin%20Earpads)
Audeze LCD-X (pre-2021) (worn earpads)	crinacle	GRAS 43AG-7	crinacle/GRAS%2043AG-7%20over-ear/Audeze%20LCD-X%20(pre-2021)%20(worn%20earpads)
Audeze LCD-X (pre-2021)	crinacle	GRAS 43AG-7	crinacle/GRAS%2043AG-7%20over-ear/Audeze%20LCD-X%20(pre-2021)
Audeze LCD-X (pre-2021)	oratory1990		oratory1990/over-ear/Audeze%20LCD-X%20(pre-2021)
Audeze LCD-X (sample 3)	Innerfidelity		Innerfidelity/over-ear/Audeze%20LCD-X%20(sample%203)
Audeze LCD-X (serial number 7454971)	Innerfidelity		Innerfidelity/over-ear/Audeze%20LCD-X%20(serial%20number%207454971)
Audeze LCD-X (serial number 7456406)	Innerfidelity		Innerfidelity/over-ear/Audeze%20LCD-X%20(serial%20number%207456406)
Audeze LCD-X	Auriculares Argentina		Auriculares%20Argentina/over-ear/Audeze%20LCD-X
Audeze LCD-X	crinacle	EARS + 711	crinacle/EARS%20+%20711%20over-ear/Audeze%20LCD-X
Audeze LCD-X	Headphone.com Legacy		Headphone.com%20Legacy/over-ear/Audeze%20LCD-X
Audeze LCD-X	HypetheSonics		HypetheSonics/over-ear/Audeze%20LCD-X
Audeze LCD-X	Innerfidelity		Innerfidelity/over-ear/Audeze%20LCD-X
Audeze LCD-X	Kuulokenurkka		Kuulokenurkka/over-ear/Audeze%20LCD-X
Audeze LCD-XC (pre-2021)	oratory1990		oratory1990/over-ear/Audeze%20LCD-XC%20(pre-2021)
Audeze LCD-XC (sample 1)	Innerfidelity		Innerfidelity/over-ear/Audeze%20LCD-XC%20(sample%201)
Audeze LCD-XC (sample 2)	Innerfidelity		Innerfidelity/over-ear/Audeze%20LCD-XC%20(sample%202)
Audeze LCD-XC	crinacle	GRAS 43AG-7	crinacle/GRAS%2043AG-7%20over-ear/Audeze%20LCD-XC
Audeze LCD-XC	Headphone.com Legacy		Headphone.com%20Legacy/over-ear/Audeze%20LCD-XC
Audeze LCD-XC	Innerfidelity		Innerfidelity/over-ear/Audeze%20LCD-XC
Audeze LCD-XC	oratory1990		oratory1990/over-ear/Audeze%20LCD-XC
Audeze Maxwell (Audeze preset)	Kuulokenurkka		Kuulokenurkka/over-ear/Audeze%20Maxwell%20(Audeze%20preset)
Audeze Maxwell (bass boost preset)	Kuulokenurkka		Kuulokenurkka/over-ear/Audeze%20Maxwell%20(bass%20boost%20preset)
Audeze Maxwell (competition preset)	Kuulokenurkka		Kuulokenurkka/over-ear/Audeze%20Maxwell%20(competition%20preset)
Audeze Maxwell (footsteps preset)	Kuulokenurkka		Kuulokenurkka/over-ear/Audeze%20Maxwell%20(footsteps%20preset)
Audeze Maxwell (immersive preset)	Kuulokenurkka		Kuulokenurkka/over-ear/Audeze%20Maxwell%20(immersive%20preset)
Audeze Maxwell (review eq)	Kuulokenurkka		Kuulokenurkka/over-ear/Audeze%20Maxwell%20(review%20eq)
Audeze Maxwell (treble boost preset)	Kuulokenurkka		Kuulokenurkka/over-ear/Audeze%20Maxwell%20(treble%20boost%20preset)
Audeze Maxwell	Rtings	Bruel & Kjaer 5128	Rtings/Bruel%20&%20Kjaer%205128%20over-ear/Audeze%20Maxwell
Audeze MM-100	Kuulokenurkka		Kuulokenurkka/over-ear/Audeze%20MM-100
Audeze MM-100	oratory1990		oratory1990/over-ear/Audeze%20MM-100
Audeze MM-100	Rtings	Bruel & Kjaer 5128	Rtings/Bruel%20&%20Kjaer%205128%20over-ear/Audeze%20MM-100
Audeze MM-500	crinacle	GRAS 43AG-7	crinacle/GRAS%2043AG-7%20over-ear/Audeze%20MM-500
Audeze MM-500	Kuulokenurkka		Kuulokenurkka/over-ear/Audeze%20MM-500
Audeze MM-500	oratory1990		oratory1990/over-ear/Audeze%20MM-500
Audeze MM-500	Super Review		Super%20Review/over-ear/Audeze%20MM-500
Audeze Mobius (ballistics preset)	crinacle	GRAS 43AG-7	crinacle/GRAS%2043AG-7%20over-ear/Audeze%20Mobius%20(ballistics%20preset)
Audeze Mobius (default preset)	crinacle	GRAS 43AG-7	crinacle/GRAS%2043AG-7%20over-ear/Audeze%20Mobius%20(default%20preset)
Audeze Mobius (default preset)	oratory1990		oratory1990/over-ear/Audeze%20Mobius%20(default%20preset)
Audeze Mobius (flat preset)	crinacle	GRAS 43AG-7	crinacle/GRAS%2043AG-7%20over-ear/Audeze%20Mobius%20(flat%20preset)
Audeze Mobius (footsteps preset)	crinacle	GRAS 43AG-7	crinacle/GRAS%2043AG-7%20over-ear/Audeze%20Mobius%20(footsteps%20preset)
Audeze Mobius (music preset)	crinacle	GRAS 43AG-7	crinacle/GRAS%2043AG-7%20over-ear/Audeze%20Mobius%20(music%20preset)
Audeze Mobius (racing preset)	crinacle	GRAS 43AG-7	crinacle/GRAS%2043AG-7%20over-ear/Audeze%20Mobius%20(racing%20preset)
Audeze Mobius (RPG preset)	crinacle	GRAS 43AG-7	crinacle/GRAS%2043AG-7%20over-ear/Audeze%20Mobius%20(RPG%20preset)
Audeze Mobius	Rtings	HMS II.3	Rtings/HMS%20II.3%20over-ear/Audeze%20Mobius
Audeze MX-4	crinacle	EARS + 711	crinacle/EARS%20+%20711%20over-ear/Audeze%20MX-4
Audeze Penrose	Rtings	HMS II.3	Rtings/HMS%20II.3%20over-ear/Audeze%20Penrose
Audeze SINE (Cipher cable)	oratory1990		oratory1990/over-ear/Audeze%20SINE%20(Cipher%20cable)
Audeze SINE (MSR-7 earpads)	oratory1990		oratory1990/over-ear/Audeze%20SINE%20(MSR-7%20earpads)
Audeze SINE DX	crinacle	GRAS 43AG-7	crinacle/GRAS%2043AG-7%20over-ear/Audeze%20SINE%20DX
Audeze SINE DX	Innerfidelity		Innerfidelity/over-ear/Audeze%20SINE%20DX
Audeze SINE	Innerfidelity		Innerfidelity/over-ear/Audeze%20SINE
Audeze SINE	oratory1990		oratory1990/over-ear/Audeze%20SINE
Audient EVO SR2000	Auriculares Argentina		Auriculares%20Argentina/over-ear/Audient%20EVO%20SR2000
Audio Genetic AG2	crinacle	711	crinacle/711%20in-ear/Audio%20Genetic%20AG2
Audio Zenith PMx2 (v1)	Innerfidelity		Innerfidelity/over-ear/Audio%20Zenith%20PMx2%20(v1)
Audio Zenith PMx2 (v1)	oratory1990		oratory1990/over-ear/Audio%20Zenith%20PMx2%20(v1)
Audio Zenith PMx2 (v2)	oratory1990		oratory1990/over-ear/Audio%20Zenith%20PMx2%20(v2)
AudioFly Adagio Club Life	Innerfidelity		Innerfidelity/in-ear/AudioFly%20Adagio%20Club%20Life
AudioFly AF140	Innerfidelity		Innerfidelity/in-ear/AudioFly%20AF140
AudioFly AF160	Innerfidelity		Innerfidelity/in-ear/AudioFly%20AF160
AudioFly AF180	Innerfidelity		Innerfidelity/in-ear/AudioFly%20AF180
AudioQuest NightHawk (Brainwavz HM5 hybrid earpads)	oratory1990		oratory1990/in-ear/AudioQuest%20NightHawk%20(Brainwavz%20HM5%20hybrid%20earpads)
AudioQuest NightHawk (Shure SRH1540 alcantara earpads)	oratory1990		oratory1990/in-ear/AudioQuest%20NightHawk%20(Shure%20SRH1540%20alcantara%20earpads)
AudioQuest NightHawk	crinacle	GRAS 43AG-7	crinacle/GRAS%2043AG-7%20over-ear/AudioQuest%20NightHawk
AudioQuest NightHawk	Innerfidelity		Innerfidelity/over-ear/AudioQuest%20NightHawk
AudioQuest NightHawk	oratory1990		oratory1990/over-ear/AudioQuest%20NightHawk
AudioQuest NightOwl	crinacle	GRAS 43AG-7	crinacle/GRAS%2043AG-7%20over-ear/AudioQuest%20NightOwl
AudioQuest NightOwl	Innerfidelity		Innerfidelity/over-ear/AudioQuest%20NightOwl
AudioQuest NightOwl	oratory1990		oratory1990/over-ear/AudioQuest%20NightOwl
Audiosense AQ3	crinacle	711	crinacle/711%20in-ear/Audiosense%20AQ3
Audiosense AQ3	crinacle	Bruel & Kjaer 4620	crinacle/Bruel%20&%20Kjaer%204620%20in-ear/Audiosense%20AQ3
Audiosense AQ4	crinacle	711	crinacle/711%20in-ear/Audiosense%20AQ4
Audiosense AQ4	crinacle	Bruel & Kjaer 4620	crinacle/Bruel%20&%20Kjaer%204620%20in-ear/Audiosense%20AQ4
Audiosense AQ4	Fahryst		Fahryst/in-ear/Audiosense%20AQ4
Audiosense AQ7	crinacle	711	crinacle/711%20in-ear/Audiosense%20AQ7
Audiosense AQ7	crinacle	Bruel & Kjaer 4620	crinacle/Bruel%20&%20Kjaer%204620%20in-ear/Audiosense%20AQ7
Audiosense AQ7	Super Review		Super%20Review/in-ear/Audiosense%20AQ7
Audiosense DT100	crinacle	711	crinacle/711%20in-ear/Audiosense%20DT100
Audiosense DT100	RikudouGoku		RikudouGoku/in-ear/Audiosense%20DT100
Audiosense DT200	crinacle	711	crinacle/711%20in-ear/Audiosense%20DT200
Audiosense DT200	Filk		Filk/in-ear/Audiosense%20DT200
Audiosense DT200	freeryder05		freeryder05/in-ear/Audiosense%20DT200
Audiosense DT200	Jaytiss		Jaytiss/in-ear/Audiosense%20DT200
Audiosense DT200	kr0mka		kr0mka/in-ear/Audiosense%20DT200
Audiosense DT200	RikudouGoku		RikudouGoku/in-ear/Audiosense%20DT200
Audiosense DT200	Super Review		Super%20Review/in-ear/Audiosense%20DT200
Audiosense DT300	RikudouGoku		RikudouGoku/in-ear/Audiosense%20DT300
Audiosense DT600 (80 ohm resistor)	crinacle	711	crinacle/711%20in-ear/Audiosense%20DT600%20(80%20ohm%20resistor)
Audiosense DT600	crinacle	711	crinacle/711%20in-ear/Audiosense%20DT600
Audiosense DT600	Fahryst		Fahryst/in-ear/Audiosense%20DT600
Audiosense DT600	Harpo		Harpo/in-ear/Audiosense%20DT600
Audiosense DT600	RikudouGoku		RikudouGoku/in-ear/Audiosense%20DT600
Audiosense T180 Pro	RikudouGoku		RikudouGoku/in-ear/Audiosense%20T180%20Pro
Audiosense T180	Super Review		Super%20Review/in-ear/Audiosense%20T180
Audiosense T800	crinacle	711	crinacle/711%20in-ear/Audiosense%20T800
Audiosense T800	RikudouGoku		RikudouGoku/in-ear/Audiosense%20T800
Audio-Technica ATH-A1000X	Innerfidelity		Innerfidelity/over-ear/Audio-Technica%20ATH-A1000X
Audio-Technica ATH-A1000Z	crinacle	GRAS 43AG-7	crinacle/GRAS%2043AG-7%20over-ear/Audio-Technica%20ATH-A1000Z
Audio-Technica ATH-A2000X	crinacle	GRAS 43AG-7	crinacle/GRAS%2043AG-7%20over-ear/Audio-Technica%20ATH-A2000X
Audio-Technica ATH-A2000Z	crinacle	GRAS 43AG-7	crinacle/GRAS%2043AG-7%20over-ear/Audio-Technica%20ATH-A2000Z
Audio-Technica ATH-A2000Z	Innerfidelity		Innerfidelity/over-ear/Audio-Technica%20ATH-A2000Z
Audio-Technica ATH-A2000Z	oratory1990		oratory1990/over-ear/Audio-Technica%20ATH-A2000Z
Audio-Technica ATH-A55	Headphone.com Legacy		Headphone.com%20Legacy/over-ear/Audio-Technica%20ATH-A55
Audio-Technica ATH-A700	Headphone.com Legacy		Headphone.com%20Legacy/over-ear/Audio-Technica%20ATH-A700
Audio-Technica ATH-A900	Headphone.com Legacy		Headphone.com%20Legacy/over-ear/Audio-Technica%20ATH-A900
Audio-Technica ATH-A900X	crinacle	GRAS 43AG-7	crinacle/GRAS%2043AG-7%20over-ear/Audio-Technica%20ATH-A900X
Audio-Technica ATH-A900X	Innerfidelity		Innerfidelity/over-ear/Audio-Technica%20ATH-A900X
Audio-Technica ATH-A990Z	crinacle	EARS + 711	crinacle/EARS%20+%20711%20over-ear/Audio-Technica%20ATH-A990Z
Audio-Technica ATH-A990Z	crinacle	GRAS 43AG-7	crinacle/GRAS%2043AG-7%20over-ear/Audio-Technica%20ATH-A990Z
Audio-Technica ATH-AD1000X	crinacle	GRAS 43AG-7	crinacle/GRAS%2043AG-7%20over-ear/Audio-Technica%20ATH-AD1000X
Audio-Technica ATH-AD2000	crinacle	GRAS 43AG-7	crinacle/GRAS%2043AG-7%20over-ear/Audio-Technica%20ATH-AD2000
Audio-Technica ATH-AD2000X	Innerfidelity		Innerfidelity/over-ear/Audio-Technica%20ATH-AD2000X
Audio-Technica ATH-AD500	Headphone.com Legacy		Headphone.com%20Legacy/over-ear/Audio-Technica%20ATH-AD500
Audio-Technica ATH-AD500	Innerfidelity		Innerfidelity/over-ear/Audio-Technica%20ATH-AD500
Audio-Technica ATH-AD500X	crinacle	GRAS 43AG-7	crinacle/GRAS%2043AG-7%20over-ear/Audio-Technica%20ATH-AD500X
Audio-Technica ATH-AD500X	kr0mka		kr0mka/over-ear/Audio-Technica%20ATH-AD500X
Audio-Technica ATH-AD500X	oratory1990		oratory1990/over-ear/Audio-Technica%20ATH-AD500X
Audio-Technica ATH-AD700	Headphone.com Legacy		Headphone.com%20Legacy/over-ear/Audio-Technica%20ATH-AD700
Audio-Technica ATH-AD700	Innerfidelity		Innerfidelity/over-ear/Audio-Technica%20ATH-AD700
Audio-Technica ATH-AD700X (2013)	Rtings	HMS II.3	Rtings/HMS%20II.3%20over-ear/Audio-Technica%20ATH-AD700X%20(2013)
Audio-Technica ATH-AD700X	crinacle	GRAS 43AG-7	crinacle/GRAS%2043AG-7%20over-ear/Audio-Technica%20ATH-AD700X
Audio-Technica ATH-AD700X	oratory1990		oratory1990/over-ear/Audio-Technica%20ATH-AD700X
Audio-Technica ATH-AD900	Headphone.com Legacy		Headphone.com%20Legacy/over-ear/Audio-Technica%20ATH-AD900
Audio-Technica ATH-AD900	Innerfidelity		Innerfidelity/over-ear/Audio-Technica%20ATH-AD900
Audio-Technica ATH-AD900X	crinacle	GRAS 43AG-7	crinacle/GRAS%2043AG-7%20over-ear/Audio-Technica%20ATH-AD900X
Audio-Technica ATH-ADX3000	Rtings	Bruel & Kjaer 5128	Rtings/Bruel%20&%20Kjaer%205128%20over-ear/Audio-Technica%20ATH-ADX3000
Audio-Technica ATH-ADX5000 (Dekoni elite sheepskin earpads)	crinacle	GRAS 43AG-7	crinacle/GRAS%2043AG-7%20over-ear/Audio-Technica%20ATH-ADX5000%20(Dekoni%20elite%20sheepskin%20earpads)
Audio-Technica ATH-ADX5000 (Dekoni fenestrated sheepskin earpads)	crinacle	GRAS 43AG-7	crinacle/GRAS%2043AG-7%20over-ear/Audio-Technica%20ATH-ADX5000%20(Dekoni%20fenestrated%20sheepskin%20earpads)
Audio-Technica ATH-ADX5000 (Yaxi A2000Z,AD2000X earpads)	crinacle	GRAS 43AG-7	crinacle/GRAS%2043AG-7%20over-ear/Audio-Technica%20ATH-ADX5000%20(Yaxi%20A2000Z,AD2000X%20earpads)
Audio-Technica ATH-ADX5000	crinacle	EARS + 711	crinacle/EARS%20+%20711%20over-ear/Audio-Technica%20ATH-ADX5000
Audio-Technica ATH-ADX5000	crinacle	GRAS 43AG-7	crinacle/GRAS%2043AG-7%20over-ear/Audio-Technica%20ATH-ADX5000
Audio-Technica ATH-ADX5000	oratory1990		oratory1990/over-ear/Audio-Technica%20ATH-ADX5000
Audio-Technica ATH-ANC23	Rtings	HMS II.3	Rtings/HMS%20II.3%20in-ear/Audio-Technica%20ATH-ANC23
Audio-Technica ATH-ANC300TW	crinacle	711	crinacle/711%20in-ear/Audio-Technica%20ATH-ANC300TW
Audio-Technica ATH-ANC33iS	Rtings	HMS II.3	Rtings/HMS%20II.3%20in-ear/Audio-Technica%20ATH-ANC33iS
Audio-Technica ATH-ANC50iS (passive)	Innerfidelity		Innerfidelity/over-ear/Audio-Technica%20ATH-ANC50iS%20(passive)
Audio-Technica ATH-ANC70	Rtings	HMS II.3	Rtings/HMS%20II.3%20over-ear/Audio-Technica%20ATH-ANC70
Audio-Technica ATH-ANC7b	Headphone.com Legacy		Headphone.com%20Legacy/over-ear/Audio-Technica%20ATH-ANC7b
Audio-Technica ATH-ANC7b	Innerfidelity		Innerfidelity/over-ear/Audio-Technica%20ATH-ANC7b
Audio-Technica ATH-ANC7B	Rtings	HMS II.3	Rtings/HMS%20II.3%20over-ear/Audio-Technica%20ATH-ANC7B
Audio-Technica ATH-ANC9	Innerfidelity		Innerfidelity/over-ear/Audio-Technica%20ATH-ANC9
Audio-Technica ATH-ANC9	Rtings	HMS II.3	Rtings/HMS%20II.3%20over-ear/Audio-Technica%20ATH-ANC9
Audio-Technica ATH-AWAS	crinacle	GRAS 43AG-7	crinacle/GRAS%2043AG-7%20over-ear/Audio-Technica%20ATH-AWAS
Audio-Technica ATH-AWKT	crinacle	GRAS 43AG-7	crinacle/GRAS%2043AG-7%20over-ear/Audio-Technica%20ATH-AWKT
Audio-Technica ATH-AWKT	kr0mka		kr0mka/over-ear/Audio-Technica%20ATH-AWKT
Audio-Technica ATH-AWKT	oratory1990		oratory1990/over-ear/Audio-Technica%20ATH-AWKT
Audio-Technica ATH-CK2000Ti	crinacle	711	crinacle/711%20in-ear/Audio-Technica%20ATH-CK2000Ti
Audio-Technica ATH-CK3TW	crinacle	711	crinacle/711%20in-ear/Audio-Technica%20ATH-CK3TW
Audio-Technica ATH-CKM500	Innerfidelity		Innerfidelity/in-ear/Audio-Technica%20ATH-CKM500
Audio-Technica ATH-CKN50	oratory1990		oratory1990/in-ear/Audio-Technica%20ATH-CKN50
Audio-Technica ATH-CKR7TW	crinacle	711	crinacle/711%20in-ear/Audio-Technica%20ATH-CKR7TW
Audio-Technica ATH-CKS5TW	crinacle	711	crinacle/711%20in-ear/Audio-Technica%20ATH-CKS5TW
Audio-Technica ATH-CKX5iS	Innerfidelity		Innerfidelity/in-ear/Audio-Technica%20ATH-CKX5iS
Audio-Technica ATH-CT200iS	HypetheSonics	Bruel & Kjaer 5128	HypetheSonics/Bruel%20&%20Kjaer%205128%20in-ear/Audio-Technica%20ATH-CT200iS
Audio-Technica ATH-DSR9BT	Rtings	HMS II.3	Rtings/HMS%20II.3%20over-ear/Audio-Technica%20ATH-DSR9BT
Audio-Technica ATH-E70	crinacle	711	crinacle/711%20in-ear/Audio-Technica%20ATH-E70
Audio-Technica ATH-ES55	Innerfidelity		Innerfidelity/over-ear/Audio-Technica%20ATH-ES55
Audio-Technica ATH-ESW9	Headphone.com Legacy		Headphone.com%20Legacy/over-ear/Audio-Technica%20ATH-ESW9
Audio-Technica ATH-ESW9A	Headphone.com Legacy		Headphone.com%20Legacy/over-ear/Audio-Technica%20ATH-ESW9A
Audio-Technica ATH-EW9	crinacle	GRAS 43AG-7	crinacle/GRAS%2043AG-7%20over-ear/Audio-Technica%20ATH-EW9
Audio-Technica ATH-FC700	Innerfidelity		Innerfidelity/over-ear/Audio-Technica%20ATH-FC700
Audio-Technica ATH-FC700A	Headphone.com Legacy		Headphone.com%20Legacy/over-ear/Audio-Technica%20ATH-FC700A
Audio-Technica ATH-G1	crinacle	GRAS 43AG-7	crinacle/GRAS%2043AG-7%20over-ear/Audio-Technica%20ATH-G1
Audio-Technica ATH-HL7BT	Kuulokenurkka		Kuulokenurkka/over-ear/Audio-Technica%20ATH-HL7BT
Audio-Technica ATH-IEX1	crinacle	711	crinacle/711%20in-ear/Audio-Technica%20ATH-IEX1
Audio-Technica ATH-IM01	crinacle	711	crinacle/711%20in-ear/Audio-Technica%20ATH-IM01
Audio-Technica ATH-IM02	crinacle	711	crinacle/711%20in-ear/Audio-Technica%20ATH-IM02
Audio-Technica ATH-IM02	Innerfidelity		Innerfidelity/in-ear/Audio-Technica%20ATH-IM02
Audio-Technica ATH-IM03	crinacle	711	crinacle/711%20in-ear/Audio-Technica%20ATH-IM03
Audio-Technica ATH-L5000	crinacle	GRAS 43AG-7	crinacle/GRAS%2043AG-7%20over-ear/Audio-Technica%20ATH-L5000
Audio-Technica ATH-LS200	crinacle	711	crinacle/711%20in-ear/Audio-Technica%20ATH-LS200
Audio-Technica ATH-LS300	crinacle	711	crinacle/711%20in-ear/Audio-Technica%20ATH-LS300
Audio-Technica ATH-LS400	crinacle	711	crinacle/711%20in-ear/Audio-Technica%20ATH-LS400
Audio-Technica ATH-LS50	crinacle	711	crinacle/711%20in-ear/Audio-Technica%20ATH-LS50
Audio-Technica ATH-M10	Headphone.com Legacy		Headphone.com%20Legacy/over-ear/Audio-Technica%20ATH-M10
Audio-Technica ATH-M10	Innerfidelity		Innerfidelity/over-ear/Audio-Technica%20ATH-M10
Audio-Technica ATH-M20x	oratory1990		oratory1990/over-ear/Audio-Technica%20ATH-M20x
Audio-Technica ATH-M20x	Rtings	HMS II.3	Rtings/HMS%20II.3%20over-ear/Audio-Technica%20ATH-M20x
Audio-Technica ATH-M30	crinacle	EARS + 711	crinacle/EARS%20+%20711%20over-ear/Audio-Technica%20ATH-M30
Audio-Technica ATH-M30x	Rtings	HMS II.3	Rtings/HMS%20II.3%20over-ear/Audio-Technica%20ATH-M30x
Audio-Technica ATH-M40	crinacle	EARS + 711	crinacle/EARS%20+%20711%20over-ear/Audio-Technica%20ATH-M40
Audio-Technica ATH-M40x	Auriculares Argentina		Auriculares%20Argentina/over-ear/Audio-Technica%20ATH-M40x
Audio-Technica ATH-M40x	crinacle	GRAS 43AG-7	crinacle/GRAS%2043AG-7%20over-ear/Audio-Technica%20ATH-M40x
Audio-Technica ATH-M40x	oratory1990		oratory1990/over-ear/Audio-Technica%20ATH-M40x
Audio-Technica ATH-M40x	Rtings	HMS II.3	Rtings/HMS%20II.3%20over-ear/Audio-Technica%20ATH-M40x
Audio-Technica ATH-M50	Headphone.com Legacy		Headphone.com%20Legacy/over-ear/Audio-Technica%20ATH-M50
Audio-Technica ATH-M50x (Dekoni sheepskin earpads)	oratory1990		oratory1990/over-ear/Audio-Technica%20ATH-M50x%20(Dekoni%20sheepskin%20earpads)
Audio-Technica ATH-M50x (Massdrop velours earpads)	oratory1990		oratory1990/over-ear/Audio-Technica%20ATH-M50x%20(Massdrop%20velours%20earpads)
Audio-Technica ATH-M50x	Auriculares Argentina		Auriculares%20Argentina/over-ear/Audio-Technica%20ATH-M50x
Audio-Technica ATH-M50x	crinacle	EARS + 711	crinacle/EARS%20+%20711%20over-ear/Audio-Technica%20ATH-M50x
Audio-Technica ATH-M50x	crinacle	GRAS 43AG-7	crinacle/GRAS%2043AG-7%20over-ear/Audio-Technica%20ATH-M50x
Audio-Technica ATH-M50x	Headphone.com Legacy		Headphone.com%20Legacy/over-ear/Audio-Technica%20ATH-M50x
Audio-Technica ATH-M50x	Innerfidelity		Innerfidelity/over-ear/Audio-Technica%20ATH-M50x
Audio-Technica ATH-M50x	Kuulokenurkka		Kuulokenurkka/over-ear/Audio-Technica%20ATH-M50x
Audio-Technica ATH-M50x	oratory1990		oratory1990/over-ear/Audio-Technica%20ATH-M50x
Audio-Technica ATH-M50x	Rtings	Bruel & Kjaer 5128	Rtings/Bruel%20&%20Kjaer%205128%20over-ear/Audio-Technica%20ATH-M50x
Audio-Technica ATH-M50xBT	crinacle	GRAS 43AG-7	crinacle/GRAS%2043AG-7%20over-ear/Audio-Technica%20ATH-M50xBT
Audio-Technica ATH-M50xBT	Rtings	HMS II.3	Rtings/HMS%20II.3%20over-ear/Audio-Technica%20ATH-M50xBT
Audio-Technica ATH-M50xBT2	Rtings	HMS II.3	Rtings/HMS%20II.3%20over-ear/Audio-Technica%20ATH-M50xBT2
Audio-Technica ATH-M60x	oratory1990		oratory1990/over-ear/Audio-Technica%20ATH-M60x
Audio-Technica ATH-M60x	Rtings	HMS II.3	Rtings/HMS%20II.3%20over-ear/Audio-Technica%20ATH-M60x
Audio-Technica ATH-M70x	crinacle	GRAS 43AG-7	crinacle/GRAS%2043AG-7%20over-ear/Audio-Technica%20ATH-M70x
Audio-Technica ATH-M70x	Innerfidelity		Innerfidelity/over-ear/Audio-Technica%20ATH-M70x
Audio-Technica ATH-M70x	oratory1990		oratory1990/over-ear/Audio-Technica%20ATH-M70x
Audio-Technica ATH-M70x	Rtings	HMS II.3	Rtings/HMS%20II.3%20over-ear/Audio-Technica%20ATH-M70x
Audio-Technica ATH-MSR7	Innerfidelity		Innerfidelity/over-ear/Audio-Technica%20ATH-MSR7
Audio-Technica ATH-MSR7b	crinacle	GRAS 43AG-7	crinacle/GRAS%2043AG-7%20over-ear/Audio-Technica%20ATH-MSR7b
Audio-Technica ATH-MSR7b	oratory1990		oratory1990/over-ear/Audio-Technica%20ATH-MSR7b
Audio-Technica ATH-MSR7NC (ANC on)	Innerfidelity		Innerfidelity/over-ear/Audio-Technica%20ATH-MSR7NC%20(ANC%20on)
Audio-Technica ATH-MSR7NC (passive)	Innerfidelity		Innerfidelity/over-ear/Audio-Technica%20ATH-MSR7NC%20(passive)
Audio-Technica ATH-MSR7NC	Rtings	HMS II.3	Rtings/HMS%20II.3%20over-ear/Audio-Technica%20ATH-MSR7NC
Audio-Technica ATH-PRO700	Headphone.com Legacy		Headphone.com%20Legacy/over-ear/Audio-Technica%20ATH-PRO700
Audio-Technica ATH-R50x	oratory1990		oratory1990/over-ear/Audio-Technica%20ATH-R50x
Audio-Technica ATH-R70x	Auriculares Argentina		Auriculares%20Argentina/over-ear/Audio-Technica%20ATH-R70x
Audio-Technica ATH-R70x	crinacle	EARS + 711	crinacle/EARS%20+%20711%20over-ear/Audio-Technica%20ATH-R70x
Audio-Technica ATH-R70x	crinacle	GRAS 43AG-7	crinacle/GRAS%2043AG-7%20over-ear/Audio-Technica%20ATH-R70x
Audio-Technica ATH-R70x	Innerfidelity		Innerfidelity/over-ear/Audio-Technica%20ATH-R70x
Audio-Technica ATH-R70x	Kuulokenurkka		Kuulokenurkka/over-ear/Audio-Technica%20ATH-R70x
Audio-Technica ATH-R70x	oratory1990		oratory1990/over-ear/Audio-Technica%20ATH-R70x
Audio-Technica ATH-R70x	Rtings	HMS II.3	Rtings/HMS%20II.3%20over-ear/Audio-Technica%20ATH-R70x
Audio-Technica ATH-R70xa	oratory1990		oratory1990/over-ear/Audio-Technica%20ATH-R70xa
Audio-Technica ATH-SPORT7TW	crinacle	711	crinacle/711%20in-ear/Audio-Technica%20ATH-SPORT7TW
Audio-Technica ATH-W1000X	Innerfidelity		Innerfidelity/over-ear/Audio-Technica%20ATH-W1000X
Audio-Technica ATH-W5000 2013	Innerfidelity		Innerfidelity/over-ear/Audio-Technica%20ATH-W5000%202013
Audio-Technica ATH-W5000	Headphone.com Legacy		Headphone.com%20Legacy/over-ear/Audio-Technica%20ATH-W5000
Audio-Technica ATH-W5000	Innerfidelity		Innerfidelity/over-ear/Audio-Technica%20ATH-W5000
Audio-Technica ATH-WS55	Innerfidelity		Innerfidelity/over-ear/Audio-Technica%20ATH-WS55
Audio-Technica ATH-WS99	Innerfidelity		Innerfidelity/over-ear/Audio-Technica%20ATH-WS99
Audio-Technica BPHS1	Filk		Filk/over-ear/Audio-Technica%20BPHS1
AuGlamour F300	Super Review		Super%20Review/in-ear/AuGlamour%20F300
AuGlamour RT-3	Hi End Portable		Hi%20End%20Portable/in-ear/AuGlamour%20RT-3
AuGlamour RT-3	Super Review		Super%20Review/in-ear/AuGlamour%20RT-3
AuGlamour T100	Hi End Portable		Hi%20End%20Portable/in-ear/AuGlamour%20T100
AUKEY EP-B44	Harpo		Harpo/in-ear/AUKEY%20EP-B44
AUKEY Latitude (balanced)	HypetheSonics	GRAS RA0045	HypetheSonics/GRAS%20RA0045%20in-ear/AUKEY%20Latitude%20(balanced)
AUKEY Latitude (bass)	HypetheSonics	GRAS RA0045	HypetheSonics/GRAS%20RA0045%20in-ear/AUKEY%20Latitude%20(bass)
AUKEY Latitude (treble)	HypetheSonics	GRAS RA0045	HypetheSonics/GRAS%20RA0045%20in-ear/AUKEY%20Latitude%20(treble)
AUKEY Latitude	Rtings	HMS II.3	Rtings/HMS%20II.3%20in-ear/AUKEY%20Latitude
AUNE AR5000	Auriculares Argentina		Auriculares%20Argentina/over-ear/AUNE%20AR5000
AUNE AR5000	kr0mka		kr0mka/over-ear/AUNE%20AR5000
AUNE AR5000	Kuulokenurkka		Kuulokenurkka/over-ear/AUNE%20AR5000
AUNE AR5000	oratory1990		oratory1990/over-ear/AUNE%20AR5000
AUNE Jasper	crinacle	711	crinacle/711%20in-ear/AUNE%20Jasper
AUNE Jasper	crinacle	Bruel & Kjaer 4620	crinacle/Bruel%20&%20Kjaer%204620%20in-ear/AUNE%20Jasper
AUNE Jasper	Super Review		Super%20Review/in-ear/AUNE%20Jasper
AüR Audio Aure	Jaytiss		Jaytiss/in-ear/A%C3%BCR%20Audio%20Aure
AüR Audio Aure	Kazi		Kazi/in-ear/A%C3%BCR%20Audio%20Aure
Aure Audio Elixir (foam eartips)	HypetheSonics	GRAS RA0045	HypetheSonics/GRAS%20RA0045%20in-ear/Aure%20Audio%20Elixir%20(foam%20eartips)
Aure Audio Elixir	crinacle	711	crinacle/711%20in-ear/Aure%20Audio%20Elixir
Aure Audio Elixir	crinacle	Bruel & Kjaer 4620	crinacle/Bruel%20&%20Kjaer%204620%20in-ear/Aure%20Audio%20Elixir
Aure Audio Flame (foam eartips)	HypetheSonics	GRAS RA0045	HypetheSonics/GRAS%20RA0045%20in-ear/Aure%20Audio%20Flame%20(foam%20eartips)
Aure Audio Flame	crinacle	711	crinacle/711%20in-ear/Aure%20Audio%20Flame
Aure Audio Storm	crinacle	711	crinacle/711%20in-ear/Aure%20Audio%20Storm
Aurex HR V9	Innerfidelity		Innerfidelity/over-ear/Aurex%20HR%20V9
Auribus Acoustics Everest	Super Review		Super%20Review/over-ear/Auribus%20Acoustics%20Everest
Auribus Acoustics Sierra Open	Super Review		Super%20Review/over-ear/Auribus%20Acoustics%20Sierra%20Open
Aurisonics Kicker	crinacle	711	crinacle/711%20in-ear/Aurisonics%20Kicker
Aurisonics Rockets	Innerfidelity		Innerfidelity/in-ear/Aurisonics%20Rockets
Aurorus Australis	crinacle	GRAS 43AG-7	crinacle/GRAS%2043AG-7%20over-ear/Aurorus%20Australis
Aurorus Borealis	crinacle	GRAS 43AG-7	crinacle/GRAS%2043AG-7%20over-ear/Aurorus%20Borealis
Aurorus Borealis	oratory1990		oratory1990/over-ear/Aurorus%20Borealis
Austrian Audio Hi-X15	oratory1990		oratory1990/over-ear/Austrian%20Audio%20Hi-X15
Austrian Audio Hi-X20	Kuulokenurkka		Kuulokenurkka/over-ear/Austrian%20Audio%20Hi-X20
Austrian Audio Hi-X55	oratory1990		oratory1990/over-ear/Austrian%20Audio%20Hi-X55
Austrian Audio Hi-X60	Filk		Filk/over-ear/Austrian%20Audio%20Hi-X60
Austrian Audio Hi-X60	oratory1990		oratory1990/over-ear/Austrian%20Audio%20Hi-X60
Austrian Audio Hi-X60	Super Review		Super%20Review/over-ear/Austrian%20Audio%20Hi-X60
Austrian Audio Hi-X65	oratory1990		oratory1990/over-ear/Austrian%20Audio%20Hi-X65
Austrian Audio The Composer (minimal setting)	oratory1990		oratory1990/over-ear/Austrian%20Audio%20The%20Composer%20(minimal%20setting)
Austrian Audio The Composer (standard setting)	oratory1990		oratory1990/over-ear/Austrian%20Audio%20The%20Composer%20(standard%20setting)
Austrian Audio The Composer	Kuulokenurkka		Kuulokenurkka/over-ear/Austrian%20Audio%20The%20Composer
Avantone Planar	oratory1990		oratory1990/over-ear/Avantone%20Planar
Avantree HT5009	Rtings	HMS II.3	Rtings/HMS%20II.3%20over-ear/Avantree%20HT5009
AVIOT TE-D01b	crinacle	711	crinacle/711%20in-ear/AVIOT%20TE-D01b
AVIOT TE-D01d	crinacle	711	crinacle/711%20in-ear/AVIOT%20TE-D01d
Aya Siren	crinacle	711	crinacle/711%20in-ear/Aya%20Siren
Aya Siren	crinacle	Bruel & Kjaer 4620	crinacle/Bruel%20&%20Kjaer%204620%20in-ear/Aya%20Siren
Aya Trident	crinacle	711	crinacle/711%20in-ear/Aya%20Trident
AZLA 01R Mk2	crinacle	711	crinacle/711%20in-ear/AZLA%2001R%20Mk2
AZLA Azel	RikudouGoku		RikudouGoku/in-ear/AZLA%20Azel
AZLA Horizon	crinacle	711	crinacle/711%20in-ear/AZLA%20Horizon
AZLA Orta	crinacle	711	crinacle/711%20in-ear/AZLA%20Orta
Bamboo Forest Bird Jinghong	RikudouGoku		RikudouGoku/in-ear/Bamboo%20Forest%20Bird%20Jinghong
Bang & Olufsen Beoplay E8 2.0	crinacle	711	crinacle/711%20in-ear/Bang%20&%20Olufsen%20Beoplay%20E8%202.0
Bang & Olufsen Beoplay E8 2.0	Rtings	HMS II.3	Rtings/HMS%20II.3%20in-ear/Bang%20&%20Olufsen%20Beoplay%20E8%202.0
Bang & Olufsen Beoplay E8	crinacle	711	crinacle/711%20in-ear/Bang%20&%20Olufsen%20Beoplay%20E8
Bang & Olufsen Beoplay E8	Rtings	HMS II.3	Rtings/HMS%20II.3%20in-ear/Bang%20&%20Olufsen%20Beoplay%20E8
Bang & Olufsen Beoplay Earset 3i	Rtings	HMS II.3	Rtings/HMS%20II.3%20earbud/Bang%20&%20Olufsen%20Beoplay%20Earset%203i
Bang & Olufsen Beoplay Earset Wireless	Rtings	HMS II.3	Rtings/HMS%20II.3%20earbud/Bang%20&%20Olufsen%20Beoplay%20Earset%20Wireless
Bang & Olufsen BeoPlay Ex	DHRME		DHRME/in-ear/Bang%20&%20Olufsen%20BeoPlay%20Ex
Bang & Olufsen Beoplay H3	Fahryst		Fahryst/in-ear/Bang%20&%20Olufsen%20Beoplay%20H3
Bang & Olufsen Beoplay H6 (2nd Gen)	Innerfidelity		Innerfidelity/over-ear/Bang%20&%20Olufsen%20Beoplay%20H6%20(2nd%20Gen)
Bang & Olufsen Beoplay H6 (2nd Gen)	Rtings	HMS II.3	Rtings/HMS%20II.3%20over-ear/Bang%20&%20Olufsen%20Beoplay%20H6%20(2nd%20Gen)
Bang & Olufsen Beoplay H6	Innerfidelity		Innerfidelity/over-ear/Bang%20&%20Olufsen%20Beoplay%20H6
Bang & Olufsen BeoPlay H7	crinacle	GRAS 43AG-7	crinacle/GRAS%2043AG-7%20over-ear/Bang%20&%20Olufsen%20BeoPlay%20H7
Bang & Olufsen Beoplay H9 (Gen 1)	Rtings	HMS II.3	Rtings/HMS%20II.3%20over-ear/Bang%20&%20Olufsen%20Beoplay%20H9%20(Gen%201)
Bang & Olufsen Beoplay H9	oratory1990		oratory1990/over-ear/Bang%20&%20Olufsen%20Beoplay%20H9
Bang & Olufsen Beoplay H95	oratory1990		oratory1990/over-ear/Bang%20&%20Olufsen%20Beoplay%20H95
Bang & Olufsen Beoplay H95	Rtings	Bruel & Kjaer 5128	Rtings/Bruel%20&%20Kjaer%205128%20over-ear/Bang%20&%20Olufsen%20Beoplay%20H95
Bang & Olufsen Beoplay H9i	oratory1990		oratory1990/over-ear/Bang%20&%20Olufsen%20Beoplay%20H9i
Bang & Olufsen Beoplay H9i	Rtings	HMS II.3	Rtings/HMS%20II.3%20over-ear/Bang%20&%20Olufsen%20Beoplay%20H9i
Bang & Olufsen Beoplay Portal	Rtings	HMS II.3	Rtings/HMS%20II.3%20over-ear/Bang%20&%20Olufsen%20Beoplay%20Portal
Bang & Olufsen E8 3.0	Rtings	HMS II.3	Rtings/HMS%20II.3%20in-ear/Bang%20&%20Olufsen%20E8%203.0
Baseus AeQur GH02 (active)	Filk		Filk/over-ear/Baseus%20AeQur%20GH02%20(active)
Baseus AeQur GH02 (passive)	Filk		Filk/over-ear/Baseus%20AeQur%20GH02%20(passive)
Baseus AirGo AS01	Regan Cipher		Regan%20Cipher/in-ear/Baseus%20AirGo%20AS01
Baseus Bowie (original EQ)	Harpo		Harpo/in-ear/Baseus%20Bowie%20(original%20EQ)
Baseus Bowie D05	Filk		Filk/over-ear/Baseus%20Bowie%20D05
Baseus Bowie MA20 (ANC off)	Filk		Filk/in-ear/Baseus%20Bowie%20MA20%20(ANC%20off)
Baseus Bowie MA20 (ANC on)	Filk		Filk/in-ear/Baseus%20Bowie%20MA20%20(ANC%20on)
Baseus M2s	Regan Cipher		Regan%20Cipher/in-ear/Baseus%20M2s
BASN Bmaster	HypetheSonics	GRAS RA0045	HypetheSonics/GRAS%20RA0045%20in-ear/BASN%20Bmaster
BASN Bmaster5	Bakkwatan		Bakkwatan/in-ear/BASN%20Bmaster5
BASN Metalen	Jaytiss		Jaytiss/in-ear/BASN%20Metalen
BASN Mix-PD	Jaytiss		Jaytiss/in-ear/BASN%20Mix-PD
BASN MMCX	Regan Cipher		Regan%20Cipher/in-ear/BASN%20MMCX
BASN MTPro	Jaytiss		Jaytiss/in-ear/BASN%20MTPro
BASN MTPro	Kazi		Kazi/in-ear/BASN%20MTPro
Beats Beats Powerbeats 4	Rtings	HMS II.3	Rtings/HMS%20II.3%20in-ear/Beats%20Beats%20Powerbeats%204
Beats EP On-Ear	Rtings	HMS II.3	Rtings/HMS%20II.3%20over-ear/Beats%20EP%20On-Ear
Beats Fit Pro	Rtings	HMS II.3	Rtings/HMS%20II.3%20in-ear/Beats%20Fit%20Pro
Beats Flex	Rtings	HMS II.3	Rtings/HMS%20II.3%20in-ear/Beats%20Flex
Beats Mixr	Innerfidelity		Innerfidelity/over-ear/Beats%20Mixr
Beats Powerbeats 2 Wireless	Innerfidelity		Innerfidelity/over-ear/Beats%20Powerbeats%202%20Wireless
Beats PowerBeats Pro 2	DHRME		DHRME/in-ear/Beats%20PowerBeats%20Pro%202
Beats Powerbeats Pro	Harpo		Harpo/in-ear/Beats%20Powerbeats%20Pro
Beats Powerbeats Pro	oratory1990		oratory1990/in-ear/Beats%20Powerbeats%20Pro
Beats Powerbeats Pro	Rtings	HMS II.3	Rtings/HMS%20II.3%20in-ear/Beats%20Powerbeats%20Pro
Beats Powerbeats3 Wireless	Rtings	HMS II.3	Rtings/HMS%20II.3%20in-ear/Beats%20Powerbeats3%20Wireless
Beats Pro	Innerfidelity		Innerfidelity/over-ear/Beats%20Pro
Beats Pro	oratory1990		oratory1990/over-ear/Beats%20Pro
Beats Solo (sample 1)	Innerfidelity		Innerfidelity/over-ear/Beats%20Solo%20(sample%201)
Beats Solo (sample 2)	Innerfidelity		Innerfidelity/over-ear/Beats%20Solo%20(sample%202)
Beats Solo 4	Rtings	Bruel & Kjaer 5128	Rtings/Bruel%20&%20Kjaer%205128%20over-ear/Beats%20Solo%204
Beats Solo Buds	Rtings	Bruel & Kjaer 5128	Rtings/Bruel%20&%20Kjaer%205128%20in-ear/Beats%20Solo%20Buds
Beats Solo HD	Innerfidelity		Innerfidelity/over-ear/Beats%20Solo%20HD
Beats Solo Pro	oratory1990		oratory1990/over-ear/Beats%20Solo%20Pro
Beats Solo Pro	Rtings	HMS II.3	Rtings/HMS%20II.3%20over-ear/Beats%20Solo%20Pro
Beats Solo	Innerfidelity		Innerfidelity/over-ear/Beats%20Solo
Beats Solo2 (2014)	Innerfidelity		Innerfidelity/over-ear/Beats%20Solo2%20(2014)
Beats Solo3 (2016, wired)	Innerfidelity		Innerfidelity/over-ear/Beats%20Solo3%20(2016,%20wired)
Beats Solo3 (2016, wireless)	Innerfidelity		Innerfidelity/over-ear/Beats%20Solo3%20(2016,%20wireless)
Beats Solo3 (wireless, 2019)	Rtings	HMS II.3	Rtings/HMS%20II.3%20over-ear/Beats%20Solo3%20(wireless,%202019)
Beats Solo3 Wireless (2018)	Rtings	HMS II.3	Rtings/HMS%20II.3%20over-ear/Beats%20Solo3%20Wireless%20(2018)
Beats Studio 2 (2014)	Innerfidelity		Innerfidelity/over-ear/Beats%20Studio%202%20(2014)
Beats Studio 2 (Bluetooth)	Innerfidelity		Innerfidelity/over-ear/Beats%20Studio%202%20(Bluetooth)
Beats Studio Buds +	freeryder05		freeryder05/in-ear/Beats%20Studio%20Buds%20+
Beats Studio Buds +	Kazi		Kazi/in-ear/Beats%20Studio%20Buds%20+
Beats Studio Buds +	Rtings	HMS II.3	Rtings/HMS%20II.3%20in-ear/Beats%20Studio%20Buds%20+
Beats Studio Buds	oratory1990		oratory1990/in-ear/Beats%20Studio%20Buds
Beats Studio Buds	Rtings	HMS II.3	Rtings/HMS%20II.3%20in-ear/Beats%20Studio%20Buds
Beats Studio Pro	Rtings	Bruel & Kjaer 5128	Rtings/Bruel%20&%20Kjaer%205128%20over-ear/Beats%20Studio%20Pro
Beats Studio Wireless	Rtings	HMS II.3	Rtings/HMS%20II.3%20over-ear/Beats%20Studio%20Wireless
Beats Studio	Innerfidelity		Innerfidelity/over-ear/Beats%20Studio
Beats Studio3 Wireless	Auriculares Argentina		Auriculares%20Argentina/over-ear/Beats%20Studio3%20Wireless
Beats Studio3 Wireless	oratory1990		oratory1990/over-ear/Beats%20Studio3%20Wireless
Beats Studio3 Wireless	Rtings	HMS II.3	Rtings/HMS%20II.3%20over-ear/Beats%20Studio3%20Wireless
Beats Tour (2014)	Innerfidelity		Innerfidelity/in-ear/Beats%20Tour%20(2014)
Beats Tour	Innerfidelity		Innerfidelity/in-ear/Beats%20Tour
Beats urBeats	Rtings	HMS II.3	Rtings/HMS%20II.3%20in-ear/Beats%20urBeats
Beats urBeats3	Rtings	HMS II.3	Rtings/HMS%20II.3%20in-ear/Beats%20urBeats3
Beats X	Rtings	HMS II.3	Rtings/HMS%20II.3%20in-ear/Beats%20X
Behringer HC 200	Auriculares Argentina		Auriculares%20Argentina/over-ear/Behringer%20HC%20200
Behringer HPS5000	Innerfidelity		Innerfidelity/over-ear/Behringer%20HPS5000
Behringer SD251-BT	kr0mka		kr0mka/in-ear/Behringer%20SD251-BT
Betron YSM1000	Rtings	HMS II.3	Rtings/HMS%20II.3%20in-ear/Betron%20YSM1000
Beyerdynamic Amiron 100 (eq off)	DHRME		DHRME/in-ear/Beyerdynamic%20Amiron%20100%20(eq%20off)
Beyerdynamic Amiron 300 (eq off, ANC Max)	DHRME		DHRME/in-ear/Beyerdynamic%20Amiron%20300%20(eq%20off,%20ANC%20Max)
Beyerdynamic Amiron Home	crinacle	GRAS 43AG-7	crinacle/GRAS%2043AG-7%20over-ear/Beyerdynamic%20Amiron%20Home
Beyerdynamic Amiron Home	oratory1990		oratory1990/over-ear/Beyerdynamic%20Amiron%20Home
Beyerdynamic Amiron Wireless (Bluetooth)	oratory1990		oratory1990/over-ear/Beyerdynamic%20Amiron%20Wireless%20(Bluetooth)
Beyerdynamic Amiron Wireless (wired)	oratory1990		oratory1990/over-ear/Beyerdynamic%20Amiron%20Wireless%20(wired)
Beyerdynamic Amiron Wireless	Rtings	HMS II.3	Rtings/HMS%20II.3%20over-ear/Beyerdynamic%20Amiron%20Wireless
Beyerdynamic Aventho Wireless	crinacle	GRAS 43AG-7	crinacle/GRAS%2043AG-7%20over-ear/Beyerdynamic%20Aventho%20Wireless
Beyerdynamic Aventho Wireless	oratory1990		oratory1990/over-ear/Beyerdynamic%20Aventho%20Wireless
Beyerdynamic Blue Byrd	oratory1990		oratory1990/in-ear/Beyerdynamic%20Blue%20Byrd
Beyerdynamic Custom One Pro (step 1)	Innerfidelity		Innerfidelity/over-ear/Beyerdynamic%20Custom%20One%20Pro%20(step%201)
Beyerdynamic Custom One Pro (step 2)	Headphone.com Legacy		Headphone.com%20Legacy/over-ear/Beyerdynamic%20Custom%20One%20Pro%20(step%202)
Beyerdynamic Custom One Pro (step 2)	Innerfidelity		Innerfidelity/over-ear/Beyerdynamic%20Custom%20One%20Pro%20(step%202)
Beyerdynamic Custom One Pro (step 3)	Innerfidelity		Innerfidelity/over-ear/Beyerdynamic%20Custom%20One%20Pro%20(step%203)
Beyerdynamic Custom One Pro (step 4)	Innerfidelity		Innerfidelity/over-ear/Beyerdynamic%20Custom%20One%20Pro%20(step%204)
Beyerdynamic Custom One Pro Plus (step 3)	oratory1990		oratory1990/over-ear/Beyerdynamic%20Custom%20One%20Pro%20Plus%20(step%203)
Beyerdynamic DJX-1	Innerfidelity		Innerfidelity/over-ear/Beyerdynamic%20DJX-1
Beyerdynamic DT 100 (2x 2k Ohm)	Innerfidelity		Innerfidelity/over-ear/Beyerdynamic%20DT%20100%20(2x%202k%20Ohm)
Beyerdynamic DT 1350	crinacle	GRAS 43AG-7	crinacle/GRAS%2043AG-7%20over-ear/Beyerdynamic%20DT%201350
Beyerdynamic DT 1350	Headphone.com Legacy		Headphone.com%20Legacy/over-ear/Beyerdynamic%20DT%201350
Beyerdynamic DT 150 (250 Ohm)	Innerfidelity		Innerfidelity/over-ear/Beyerdynamic%20DT%20150%20(250%20Ohm)
Beyerdynamic DT 1770 (leatherette earpads)	oratory1990		oratory1990/over-ear/Beyerdynamic%20DT%201770%20(leatherette%20earpads)
Beyerdynamic DT 1770 (velour earpads)	oratory1990		oratory1990/over-ear/Beyerdynamic%20DT%201770%20(velour%20earpads)
Beyerdynamic DT 1770 (velour earpads)	Rtings	HMS II.3	Rtings/HMS%20II.3%20over-ear/Beyerdynamic%20DT%201770%20(velour%20earpads)
Beyerdynamic DT 1770 Pro (velour earpads)	crinacle	GRAS 43AG-7	crinacle/GRAS%2043AG-7%20over-ear/Beyerdynamic%20DT%201770%20Pro%20(velour%20earpads)
Beyerdynamic DT 177X Go (leather earpads)	oratory1990		oratory1990/over-ear/Beyerdynamic%20DT%20177X%20Go%20(leather%20earpads)
Beyerdynamic DT 177X Go (velour earpads)	oratory1990		oratory1990/over-ear/Beyerdynamic%20DT%20177X%20Go%20(velour%20earpads)
Beyerdynamic DT 1990 (analytic earpads)	oratory1990		oratory1990/over-ear/Beyerdynamic%20DT%201990%20(analytic%20earpads)
Beyerdynamic DT 1990 (balanced earpads)	crinacle	GRAS 43AG-7	crinacle/GRAS%2043AG-7%20over-ear/Beyerdynamic%20DT%201990%20(balanced%20earpads)
Beyerdynamic DT 1990 (balanced earpads)	oratory1990		oratory1990/over-ear/Beyerdynamic%20DT%201990%20(balanced%20earpads)
Beyerdynamic DT 1990 (balanced earpads)	Rtings	HMS II.3	Rtings/HMS%20II.3%20over-ear/Beyerdynamic%20DT%201990%20(balanced%20earpads)
Beyerdynamic DT 1990 Pro (analytical earpads)	crinacle	GRAS 43AG-7	crinacle/GRAS%2043AG-7%20over-ear/Beyerdynamic%20DT%201990%20Pro%20(analytical%20earpads)
Beyerdynamic DT 1990 Pro (Dekoni Elite velour earpads)	crinacle	GRAS 43AG-7	crinacle/GRAS%2043AG-7%20over-ear/Beyerdynamic%20DT%201990%20Pro%20(Dekoni%20Elite%20velour%20earpads)
Beyerdynamic DT 1990 Pro MKII	Rtings	Bruel & Kjaer 5128	Rtings/Bruel%20&%20Kjaer%205128%20over-ear/Beyerdynamic%20DT%201990%20Pro%20MKII
Beyerdynamic DT 231	Headphone.com Legacy		Headphone.com%20Legacy/over-ear/Beyerdynamic%20DT%20231
Beyerdynamic DT 235	Headphone.com Legacy		Headphone.com%20Legacy/over-ear/Beyerdynamic%20DT%20235
Beyerdynamic DT 235	Innerfidelity		Innerfidelity/over-ear/Beyerdynamic%20DT%20235
Beyerdynamic DT 240 Pro	Innerfidelity		Innerfidelity/over-ear/Beyerdynamic%20DT%20240%20Pro
Beyerdynamic DT 240	oratory1990		oratory1990/over-ear/Beyerdynamic%20DT%20240
Beyerdynamic DT 250 (250 Ohm)	Headphone.com Legacy		Headphone.com%20Legacy/over-ear/Beyerdynamic%20DT%20250%20(250%20Ohm)
Beyerdynamic DT 250 (250 Ohm)	Innerfidelity		Innerfidelity/over-ear/Beyerdynamic%20DT%20250%20(250%20Ohm)
Beyerdynamic DT 250 (250 Ohm)	oratory1990		oratory1990/over-ear/Beyerdynamic%20DT%20250%20(250%20Ohm)
Beyerdynamic DT 250 (80 Ohm)	crinacle	GRAS 43AG-7	crinacle/GRAS%2043AG-7%20over-ear/Beyerdynamic%20DT%20250%20(80%20Ohm)
Beyerdynamic DT 250 (80 Ohm)	oratory1990		oratory1990/over-ear/Beyerdynamic%20DT%20250%20(80%20Ohm)
Beyerdynamic DT 48 (loose)	Innerfidelity		Innerfidelity/over-ear/Beyerdynamic%20DT%2048%20(loose)
Beyerdynamic DT 48 E (120 Ohm)	Innerfidelity		Innerfidelity/over-ear/Beyerdynamic%20DT%2048%20E%20(120%20Ohm)
Beyerdynamic DT 48 E (earpad holes covered)	Innerfidelity		Innerfidelity/over-ear/Beyerdynamic%20DT%2048%20E%20(earpad%20holes%20covered)
Beyerdynamic DT 48 S (5 Ohm)	Innerfidelity		Innerfidelity/over-ear/Beyerdynamic%20DT%2048%20S%20(5%20Ohm)
Beyerdynamic DT 48	Innerfidelity		Innerfidelity/over-ear/Beyerdynamic%20DT%2048
Beyerdynamic DT 700 Pro X	Kuulokenurkka		Kuulokenurkka/over-ear/Beyerdynamic%20DT%20700%20Pro%20X
Beyerdynamic DT 700 Pro X	oratory1990		oratory1990/over-ear/Beyerdynamic%20DT%20700%20Pro%20X
Beyerdynamic DT 700 Pro X	Rtings	HMS II.3	Rtings/HMS%20II.3%20over-ear/Beyerdynamic%20DT%20700%20Pro%20X
Beyerdynamic DT 770 (Alpha earpads)	oratory1990		oratory1990/over-ear/Beyerdynamic%20DT%20770%20(Alpha%20earpads)
Beyerdynamic DT 770 M	oratory1990		oratory1990/over-ear/Beyerdynamic%20DT%20770%20M
Beyerdynamic DT 770 Pro (250 Ohm)	Auriculares Argentina		Auriculares%20Argentina/over-ear/Beyerdynamic%20DT%20770%20Pro%20(250%20Ohm)
Beyerdynamic DT 770 Pro (250 Ohm)	crinacle	GRAS 43AG-7	crinacle/GRAS%2043AG-7%20over-ear/Beyerdynamic%20DT%20770%20Pro%20(250%20Ohm)
Beyerdynamic DT 770 Pro (250 Ohm)	Headphone.com Legacy		Headphone.com%20Legacy/over-ear/Beyerdynamic%20DT%20770%20Pro%20(250%20Ohm)
Beyerdynamic DT 770 Pro (32 ohm Limited Edition, pleather earpads)	Kuulokenurkka		Kuulokenurkka/over-ear/Beyerdynamic%20DT%20770%20Pro%20(32%20ohm%20Limited%20Edition,%20pleather%20earpads)
Beyerdynamic DT 770 Pro (32 Ohm)	Headphone.com Legacy		Headphone.com%20Legacy/over-ear/Beyerdynamic%20DT%20770%20Pro%20(32%20Ohm)
Beyerdynamic DT 770 Pro (32 ohm)	Super Review		Super%20Review/over-ear/Beyerdynamic%20DT%20770%20Pro%20(32%20ohm)
Beyerdynamic DT 770 Pro (600 Ohm)	Headphone.com Legacy		Headphone.com%20Legacy/over-ear/Beyerdynamic%20DT%20770%20Pro%20(600%20Ohm)
Beyerdynamic DT 770 Pro (600 Ohm)	Innerfidelity		Innerfidelity/over-ear/Beyerdynamic%20DT%20770%20Pro%20(600%20Ohm)
Beyerdynamic DT 770 Pro (80 Ohm)	Auriculares Argentina		Auriculares%20Argentina/over-ear/Beyerdynamic%20DT%20770%20Pro%20(80%20Ohm)
Beyerdynamic DT 770 Pro (80 Ohm)	crinacle	GRAS 43AG-7	crinacle/GRAS%2043AG-7%20over-ear/Beyerdynamic%20DT%20770%20Pro%20(80%20Ohm)
Beyerdynamic DT 770 Pro (80 Ohm)	Kuulokenurkka		Kuulokenurkka/over-ear/Beyerdynamic%20DT%20770%20Pro%20(80%20Ohm)
Beyerdynamic DT 770 Pro (Dekoni hybrid earpads)	oratory1990		oratory1990/over-ear/Beyerdynamic%20DT%20770%20Pro%20(Dekoni%20hybrid%20earpads)
Beyerdynamic DT 770 Pro (worn earpads)	oratory1990		oratory1990/over-ear/Beyerdynamic%20DT%20770%20Pro%20(worn%20earpads)
Beyerdynamic DT 770 Pro	Auriculares Argentina		Auriculares%20Argentina/over-ear/Beyerdynamic%20DT%20770%20Pro
Beyerdynamic DT 770 Pro	oratory1990		oratory1990/over-ear/Beyerdynamic%20DT%20770%20Pro
Beyerdynamic DT 770 Pro	Rtings	Bruel & Kjaer 5128	Rtings/Bruel%20&%20Kjaer%205128%20over-ear/Beyerdynamic%20DT%20770%20Pro
Beyerdynamic DT 860	crinacle	GRAS 43AG-7	crinacle/GRAS%2043AG-7%20over-ear/Beyerdynamic%20DT%20860
Beyerdynamic DT 880 (250 Ohm)	Auriculares Argentina		Auriculares%20Argentina/over-ear/Beyerdynamic%20DT%20880%20(250%20Ohm)
Beyerdynamic DT 880 (250 Ohm)	Headphone.com Legacy		Headphone.com%20Legacy/over-ear/Beyerdynamic%20DT%20880%20(250%20Ohm)
Beyerdynamic DT 880 (250 Ohm)	Innerfidelity		Innerfidelity/over-ear/Beyerdynamic%20DT%20880%20(250%20Ohm)
Beyerdynamic DT 880 (32 Ohm)	crinacle	GRAS 43AG-7	crinacle/GRAS%2043AG-7%20over-ear/Beyerdynamic%20DT%20880%20(32%20Ohm)
Beyerdynamic DT 880 (32 Ohm)	Headphone.com Legacy		Headphone.com%20Legacy/over-ear/Beyerdynamic%20DT%20880%20(32%20Ohm)
Beyerdynamic DT 880 (32 Ohm)	Innerfidelity		Innerfidelity/over-ear/Beyerdynamic%20DT%20880%20(32%20Ohm)
Beyerdynamic DT 880 (600 Ohm)	Headphone.com Legacy		Headphone.com%20Legacy/over-ear/Beyerdynamic%20DT%20880%20(600%20Ohm)
Beyerdynamic DT 880 (600 Ohm)	Innerfidelity		Innerfidelity/over-ear/Beyerdynamic%20DT%20880%20(600%20Ohm)
Beyerdynamic DT 880 (600 ohm)	Super Review		Super%20Review/over-ear/Beyerdynamic%20DT%20880%20(600%20ohm)
Beyerdynamic DT 880 (worn earpads)	oratory1990		oratory1990/over-ear/Beyerdynamic%20DT%20880%20(worn%20earpads)
Beyerdynamic DT 880 2003 Edition	oratory1990		oratory1990/over-ear/Beyerdynamic%20DT%20880%202003%20Edition
Beyerdynamic DT 880 Black Edition	oratory1990		oratory1990/over-ear/Beyerdynamic%20DT%20880%20Black%20Edition
Beyerdynamic DT 880 Edition (600 Ohm)	oratory1990		oratory1990/over-ear/Beyerdynamic%20DT%20880%20Edition%20(600%20Ohm)
Beyerdynamic DT 880	Auriculares Argentina		Auriculares%20Argentina/over-ear/Beyerdynamic%20DT%20880
Beyerdynamic DT 880	oratory1990		oratory1990/over-ear/Beyerdynamic%20DT%20880
Beyerdynamic DT 880	Rtings	HMS II.3	Rtings/HMS%20II.3%20over-ear/Beyerdynamic%20DT%20880
Beyerdynamic DT 900 Pro X	Kuulokenurkka		Kuulokenurkka/over-ear/Beyerdynamic%20DT%20900%20Pro%20X
Beyerdynamic DT 900 Pro X	oratory1990		oratory1990/over-ear/Beyerdynamic%20DT%20900%20Pro%20X
Beyerdynamic DT 900 Pro X	Rtings	HMS II.3	Rtings/HMS%20II.3%20over-ear/Beyerdynamic%20DT%20900%20Pro%20X
Beyerdynamic DT 900 Pro X	Super Review		Super%20Review/over-ear/Beyerdynamic%20DT%20900%20Pro%20X
Beyerdynamic DT 990 (600 Ohm)	Headphone.com Legacy		Headphone.com%20Legacy/over-ear/Beyerdynamic%20DT%20990%20(600%20Ohm)
Beyerdynamic DT 990 (fresh earpads)	oratory1990		oratory1990/over-ear/Beyerdynamic%20DT%20990%20(fresh%20earpads)
Beyerdynamic DT 990 (worn earpads)	oratory1990		oratory1990/over-ear/Beyerdynamic%20DT%20990%20(worn%20earpads)
Beyerdynamic DT 990 Pro (250 Ohm)	Auriculares Argentina		Auriculares%20Argentina/over-ear/Beyerdynamic%20DT%20990%20Pro%20(250%20Ohm)
Beyerdynamic DT 990 Pro (250 Ohm)	crinacle	GRAS 43AG-7	crinacle/GRAS%2043AG-7%20over-ear/Beyerdynamic%20DT%20990%20Pro%20(250%20Ohm)
Beyerdynamic DT 990 Pro Black Edition	Auriculares Argentina		Auriculares%20Argentina/over-ear/Beyerdynamic%20DT%20990%20Pro%20Black%20Edition
Beyerdynamic DT 990 Pro	Auriculares Argentina		Auriculares%20Argentina/over-ear/Beyerdynamic%20DT%20990%20Pro
Beyerdynamic DT 990 Pro	Headphone.com Legacy		Headphone.com%20Legacy/over-ear/Beyerdynamic%20DT%20990%20Pro
Beyerdynamic DT 990 Pro	oratory1990		oratory1990/over-ear/Beyerdynamic%20DT%20990%20Pro
Beyerdynamic DT 990 Pro	Rtings	Bruel & Kjaer 5128	Rtings/Bruel%20&%20Kjaer%205128%20over-ear/Beyerdynamic%20DT%20990%20Pro
Beyerdynamic DT1990 (Dekoni Elite velour earpads)	oratory1990		oratory1990/over-ear/Beyerdynamic%20DT1990%20(Dekoni%20Elite%20velour%20earpads)
Beyerdynamic DT770 Pro X Limited Edition	Kuulokenurkka		Kuulokenurkka/over-ear/Beyerdynamic%20DT770%20Pro%20X%20Limited%20Edition
Beyerdynamic DT770 Pro X Limited Edition	oratory1990		oratory1990/over-ear/Beyerdynamic%20DT770%20Pro%20X%20Limited%20Edition
Beyerdynamic DTX 300p	Innerfidelity		Innerfidelity/over-ear/Beyerdynamic%20DTX%20300p
Beyerdynamic DTX 350m	Innerfidelity		Innerfidelity/over-ear/Beyerdynamic%20DTX%20350m
Beyerdynamic DTX 350p	oratory1990		oratory1990/over-ear/Beyerdynamic%20DTX%20350p
Beyerdynamic ET1000	oratory1990		oratory1990/over-ear/Beyerdynamic%20ET1000
Beyerdynamic Lagoon	oratory1990		oratory1990/over-ear/Beyerdynamic%20Lagoon
Beyerdynamic MMX 300 (2nd Generation)	Rtings	Bruel & Kjaer 5128	Rtings/Bruel%20&%20Kjaer%205128%20over-ear/Beyerdynamic%20MMX%20300%20(2nd%20Generation)
Beyerdynamic MMX 300 (Dekoni Choice leather earpads)	oratory1990		oratory1990/over-ear/Beyerdynamic%20MMX%20300%20(Dekoni%20Choice%20leather%20earpads)
Beyerdynamic MMX 300	oratory1990		oratory1990/over-ear/Beyerdynamic%20MMX%20300
Beyerdynamic MMX100	oratory1990		oratory1990/over-ear/Beyerdynamic%20MMX100
Beyerdynamic MMX150	oratory1990		oratory1990/over-ear/Beyerdynamic%20MMX150
Beyerdynamic T1 (2nd Gen)	oratory1990		oratory1990/over-ear/Beyerdynamic%20T1%20(2nd%20Gen)
Beyerdynamic T1 (2nd Gen)	Rtings	HMS II.3	Rtings/HMS%20II.3%20over-ear/Beyerdynamic%20T1%20(2nd%20Gen)
Beyerdynamic T1 (3rd Gen)	crinacle	GRAS 43AG-7	crinacle/GRAS%2043AG-7%20over-ear/Beyerdynamic%20T1%20(3rd%20Gen)
Beyerdynamic T1 (3rd Gen)	oratory1990		oratory1990/over-ear/Beyerdynamic%20T1%20(3rd%20Gen)
Beyerdynamic T1 (sample 1)	Innerfidelity		Innerfidelity/over-ear/Beyerdynamic%20T1%20(sample%201)
Beyerdynamic T1 (serial number 3964)	Innerfidelity		Innerfidelity/over-ear/Beyerdynamic%20T1%20(serial%20number%203964)
Beyerdynamic T1	Headphone.com Legacy		Headphone.com%20Legacy/over-ear/Beyerdynamic%20T1
Beyerdynamic T1	Innerfidelity		Innerfidelity/over-ear/Beyerdynamic%20T1
Beyerdynamic T5 (3rd Gen)	crinacle	GRAS 43AG-7	crinacle/GRAS%2043AG-7%20over-ear/Beyerdynamic%20T5%20(3rd%20Gen)
Beyerdynamic T5 (3rd Gen)	oratory1990		oratory1990/over-ear/Beyerdynamic%20T5%20(3rd%20Gen)
Beyerdynamic T50p (sample A)	Innerfidelity		Innerfidelity/over-ear/Beyerdynamic%20T50p%20(sample%20A)
Beyerdynamic T50p (sample B)	Innerfidelity		Innerfidelity/over-ear/Beyerdynamic%20T50p%20(sample%20B)
Beyerdynamic T50p (serial number 16912)	Innerfidelity		Innerfidelity/over-ear/Beyerdynamic%20T50p%20(serial%20number%2016912)
Beyerdynamic T50p	Headphone.com Legacy		Headphone.com%20Legacy/over-ear/Beyerdynamic%20T50p
Beyerdynamic T50p	Innerfidelity		Innerfidelity/over-ear/Beyerdynamic%20T50p
Beyerdynamic T51i	Innerfidelity		Innerfidelity/over-ear/Beyerdynamic%20T51i
Beyerdynamic T5p (sample 1)	Innerfidelity		Innerfidelity/over-ear/Beyerdynamic%20T5p%20(sample%201)
Beyerdynamic T5p (serial number 2866)	Innerfidelity		Innerfidelity/over-ear/Beyerdynamic%20T5p%20(serial%20number%202866)
Beyerdynamic T5p	crinacle	GRAS 43AG-7	crinacle/GRAS%2043AG-7%20over-ear/Beyerdynamic%20T5p
Beyerdynamic T5p	Headphone.com Legacy		Headphone.com%20Legacy/over-ear/Beyerdynamic%20T5p
Beyerdynamic T5p	HypetheSonics		HypetheSonics/over-ear/Beyerdynamic%20T5p
Beyerdynamic T5p	Innerfidelity		Innerfidelity/over-ear/Beyerdynamic%20T5p
Beyerdynamic T70 (sample 1)	Innerfidelity		Innerfidelity/over-ear/Beyerdynamic%20T70%20(sample%201)
Beyerdynamic T70 (serial number 01111)	Innerfidelity		Innerfidelity/over-ear/Beyerdynamic%20T70%20(serial%20number%2001111)
Beyerdynamic T70	crinacle	GRAS 43AG-7	crinacle/GRAS%2043AG-7%20over-ear/Beyerdynamic%20T70
Beyerdynamic T70	Headphone.com Legacy		Headphone.com%20Legacy/over-ear/Beyerdynamic%20T70
Beyerdynamic T70	oratory1990		oratory1990/over-ear/Beyerdynamic%20T70
Beyerdynamic T70p	Headphone.com Legacy		Headphone.com%20Legacy/over-ear/Beyerdynamic%20T70p
Beyerdynamic T90	Headphone.com Legacy		Headphone.com%20Legacy/over-ear/Beyerdynamic%20T90
Beyerdynamic T90	Innerfidelity		Innerfidelity/over-ear/Beyerdynamic%20T90
Beyerdynamic TYGR 300 R	crinacle	GRAS 43AG-7	crinacle/GRAS%2043AG-7%20over-ear/Beyerdynamic%20TYGR%20300%20R
Beyerdynamic TYGR 300	oratory1990		oratory1990/over-ear/Beyerdynamic%20TYGR%20300
Beyerdynamic Xelento (2nd Gen)	Harpo		Harpo/in-ear/Beyerdynamic%20Xelento%20(2nd%20Gen)
Beyerdynamic Xelento (2nd Gen)	HypetheSonics	GRAS RA0045	HypetheSonics/GRAS%20RA0045%20in-ear/Beyerdynamic%20Xelento%20(2nd%20Gen)
Beyerdynamic Xelento Wireless	Kazi		Kazi/in-ear/Beyerdynamic%20Xelento%20Wireless
Beyerdynamic Xelento	crinacle	711	crinacle/711%20in-ear/Beyerdynamic%20Xelento
Beyerdynamic Xelento	HypetheSonics	Bruel & Kjaer 5128	HypetheSonics/Bruel%20&%20Kjaer%205128%20in-ear/Beyerdynamic%20Xelento
Beyerdynamic Xelento	oratory1990		oratory1990/in-ear/Beyerdynamic%20Xelento
BGVP DM6	crinacle	711	crinacle/711%20in-ear/BGVP%20DM6
BGVP DM6	Rtings	HMS II.3	Rtings/HMS%20II.3%20in-ear/BGVP%20DM6
BGVP DM6	Super Review		Super%20Review/in-ear/BGVP%20DM6
BGVP DM7	crinacle	711	crinacle/711%20in-ear/BGVP%20DM7
BGVP DM7	crinacle	Bruel & Kjaer 4620	crinacle/Bruel%20&%20Kjaer%204620%20in-ear/BGVP%20DM7
BGVP DM8	Super Review		Super%20Review/in-ear/BGVP%20DM8
BGVP DM9	Super Review		Super%20Review/in-ear/BGVP%20DM9
BGVP DMA	Super Review		Super%20Review/in-ear/BGVP%20DMA
BGVP DMA	ToneDeafMonk		ToneDeafMonk/in-ear/BGVP%20DMA
BGVP DMG (black)	crinacle	711	crinacle/711%20in-ear/BGVP%20DMG%20(black)
BGVP DMG (foam eartips)	oratory1990		oratory1990/in-ear/BGVP%20DMG%20(foam%20eartips)
BGVP DMG (gold)	crinacle	711	crinacle/711%20in-ear/BGVP%20DMG%20(gold)
BGVP DMG (silver)	crinacle	711	crinacle/711%20in-ear/BGVP%20DMG%20(silver)
BGVP DMG (silver)	Super Review		Super%20Review/in-ear/BGVP%20DMG%20(silver)
BGVP DMG	oratory1990		oratory1990/in-ear/BGVP%20DMG
BGVP DMS	crinacle	711	crinacle/711%20in-ear/BGVP%20DMS
BGVP DN3	crinacle	711	crinacle/711%20in-ear/BGVP%20DN3
BGVP DN3	crinacle	Bruel & Kjaer 4620	crinacle/Bruel%20&%20Kjaer%204620%20in-ear/BGVP%20DN3
BGVP DS1 Pro	crinacle	711	crinacle/711%20in-ear/BGVP%20DS1%20Pro
BGVP DS1 Pro	crinacle	Bruel & Kjaer 4620	crinacle/Bruel%20&%20Kjaer%204620%20in-ear/BGVP%20DS1%20Pro
BGVP ES12 (off-off-off)	crinacle	711	crinacle/711%20in-ear/BGVP%20ES12%20(off-off-off)
BGVP ES12 (off-off-on)	crinacle	711	crinacle/711%20in-ear/BGVP%20ES12%20(off-off-on)
BGVP ES12 (off-on-off)	crinacle	711	crinacle/711%20in-ear/BGVP%20ES12%20(off-on-off)
BGVP ES12 (on-off-off)	crinacle	711	crinacle/711%20in-ear/BGVP%20ES12%20(on-off-off)
BGVP ES12 (on-on-on)	crinacle	711	crinacle/711%20in-ear/BGVP%20ES12%20(on-on-on)
BGVP Melody (balanced nozzle)	Super Review		Super%20Review/in-ear/BGVP%20Melody%20(balanced%20nozzle)
BGVP Melody (hifi nozzle)	Super Review		Super%20Review/in-ear/BGVP%20Melody%20(hifi%20nozzle)
BGVP Melody (pop nozzle)	Super Review		Super%20Review/in-ear/BGVP%20Melody%20(pop%20nozzle)
BGVP NS10 PRO (red filter)	ToneDeafMonk		ToneDeafMonk/in-ear/BGVP%20NS10%20PRO%20(red%20filter)
BGVP NS10 PRO (short filter)	ToneDeafMonk		ToneDeafMonk/in-ear/BGVP%20NS10%20PRO%20(short%20filter)
BGVP NS10 PRO (silver filter)	ToneDeafMonk		ToneDeafMonk/in-ear/BGVP%20NS10%20PRO%20(silver%20filter)
BGVP NS9 (black eartips)	Super Review		Super%20Review/in-ear/BGVP%20NS9%20(black%20eartips)
BGVP NS9 (gray filter)	Super Review		Super%20Review/in-ear/BGVP%20NS9%20(gray%20filter)
BGVP NS9 (no mesh, black eartips)	Super Review		Super%20Review/in-ear/BGVP%20NS9%20(no%20mesh,%20black%20eartips)
BGVP NS9 (red filter)	Super Review		Super%20Review/in-ear/BGVP%20NS9%20(red%20filter)
BGVP NS9 (silver filter)	Super Review		Super%20Review/in-ear/BGVP%20NS9%20(silver%20filter)
BGVP P05 (no filter, standard nozzle)	Harpo		Harpo/in-ear/BGVP%20P05%20(no%20filter,%20standard%20nozzle)
BGVP P05 (red filter, alternative nozzle)	Harpo		Harpo/in-ear/BGVP%20P05%20(red%20filter,%20alternative%20nozzle)
BGVP P05 (red filter, standard nozzle)	Harpo		Harpo/in-ear/BGVP%20P05%20(red%20filter,%20standard%20nozzle)
BGVP P05 (silver filter, alternative nozzle)	Harpo		Harpo/in-ear/BGVP%20P05%20(silver%20filter,%20alternative%20nozzle)
BGVP P05 (silver filter, standard nozzle)	Harpo		Harpo/in-ear/BGVP%20P05%20(silver%20filter,%20standard%20nozzle)
BGVP P05 (taped filter, standard nozzle)	Harpo		Harpo/in-ear/BGVP%20P05%20(taped%20filter,%20standard%20nozzle)
BGVP Phantom SE Snake Edition	ToneDeafMonk		ToneDeafMonk/in-ear/BGVP%20Phantom%20SE%20Snake%20Edition
BGVP Phantom	Super Review		Super%20Review/in-ear/BGVP%20Phantom
BGVP Scale	Fahryst		Fahryst/in-ear/BGVP%20Scale
BGVP Scale	Harpo		Harpo/in-ear/BGVP%20Scale
BGVP SGZ-DN1S	Hi End Portable		Hi%20End%20Portable/in-ear/BGVP%20SGZ-DN1S
BGVP Solomon	ToneDeafMonk		ToneDeafMonk/in-ear/BGVP%20Solomon
BGVP VG4 (off-off-off)	crinacle	711	crinacle/711%20in-ear/BGVP%20VG4%20(off-off-off)
BGVP VG4 (off-off-on)	crinacle	711	crinacle/711%20in-ear/BGVP%20VG4%20(off-off-on)
BGVP VG4 (off-on-off)	crinacle	711	crinacle/711%20in-ear/BGVP%20VG4%20(off-on-off)
BGVP VG4 (on-off-off)	crinacle	711	crinacle/711%20in-ear/BGVP%20VG4%20(on-off-off)
BGVP ZERO	crinacle	711	crinacle/711%20in-ear/BGVP%20ZERO
Big Bus Earbuds	crinacle	711	crinacle/711%20in-ear/Big%20Bus%20Earbuds
Binary Acoustics Dynaquattro	Jaytiss		Jaytiss/in-ear/Binary%20Acoustics%20Dynaquattro
Binary Acoustics Dynaquattro	Super Review		Super%20Review/in-ear/Binary%20Acoustics%20Dynaquattro
Binary Acoustics Dynaquattro	ToneDeafMonk		ToneDeafMonk/in-ear/Binary%20Acoustics%20Dynaquattro
Binary Acoustics x Gizaudio Chopin	crinacle	711	crinacle/711%20in-ear/Binary%20Acoustics%20x%20Gizaudio%20Chopin
Binary Acoustics x Gizaudio Chopin	crinacle	Bruel & Kjaer 4620	crinacle/Bruel%20&%20Kjaer%204620%20in-ear/Binary%20Acoustics%20x%20Gizaudio%20Chopin
Binary Acoustics x Gizaudio Chopin	Fahryst		Fahryst/in-ear/Binary%20Acoustics%20x%20Gizaudio%20Chopin
Binary Acoustics x Gizaudio Chopin	Jaytiss		Jaytiss/in-ear/Binary%20Acoustics%20x%20Gizaudio%20Chopin
Binary Acoustics x Gizaudio Chopin	Super Review		Super%20Review/in-ear/Binary%20Acoustics%20x%20Gizaudio%20Chopin
Binary Acoustics x Gizaudio Chopin	ToneDeafMonk		ToneDeafMonk/in-ear/Binary%20Acoustics%20x%20Gizaudio%20Chopin
BKHC BK9	Innerfidelity		Innerfidelity/over-ear/BKHC%20BK9
Bloc Roc Galvanize S2	Innerfidelity		Innerfidelity/over-ear/Bloc%20Roc%20Galvanize%20S2
BLON Annotation	crinacle	Bruel & Kjaer 4620	crinacle/Bruel%20&%20Kjaer%204620%20in-ear/BLON%20Annotation
BLON B20	crinacle	EARS + 711	crinacle/EARS%20+%20711%20over-ear/BLON%20B20
BLON B20	crinacle	GRAS 43AG-7	crinacle/GRAS%2043AG-7%20over-ear/BLON%20B20
BLON B60	crinacle	GRAS 43AG-7	crinacle/GRAS%2043AG-7%20over-ear/BLON%20B60
BLON BL-01	crinacle	Bruel & Kjaer 4620	crinacle/Bruel%20&%20Kjaer%204620%20in-ear/BLON%20BL-01
BLON BL-01	Hi End Portable		Hi%20End%20Portable/in-ear/BLON%20BL-01
BLON BL-01	oratory1990		oratory1990/in-ear/BLON%20BL-01
BLON BL-01	RikudouGoku		RikudouGoku/in-ear/BLON%20BL-01
BLON BL-03	crinacle	711	crinacle/711%20in-ear/BLON%20BL-03
BLON BL-03	crinacle	Bruel & Kjaer 4620	crinacle/Bruel%20&%20Kjaer%204620%20in-ear/BLON%20BL-03
BLON BL-03	freeryder05		freeryder05/in-ear/BLON%20BL-03
BLON BL-03	Harpo		Harpo/in-ear/BLON%20BL-03
BLON BL-03	Hi End Portable		Hi%20End%20Portable/in-ear/BLON%20BL-03
BLON BL-03	HypetheSonics	GRAS RA0045	HypetheSonics/GRAS%20RA0045%20in-ear/BLON%20BL-03
BLON BL-03	Jaytiss		Jaytiss/in-ear/BLON%20BL-03
BLON BL-03	oratory1990		oratory1990/in-ear/BLON%20BL-03
BLON BL-03	Super Review		Super%20Review/in-ear/BLON%20BL-03
BLON BL-05	crinacle	711	crinacle/711%20in-ear/BLON%20BL-05
BLON BL-05	crinacle	Bruel & Kjaer 4620	crinacle/Bruel%20&%20Kjaer%204620%20in-ear/BLON%20BL-05
BLON BL-05	Hi End Portable		Hi%20End%20Portable/in-ear/BLON%20BL-05
BLON BL-05	HypetheSonics	Bruel & Kjaer 5128	HypetheSonics/Bruel%20&%20Kjaer%205128%20in-ear/BLON%20BL-05
BLON BL-05	RikudouGoku		RikudouGoku/in-ear/BLON%20BL-05
BLON BL-05	Super Review		Super%20Review/in-ear/BLON%20BL-05
BLON BL07	Harpo		Harpo/in-ear/BLON%20BL07
BLON BL-A8 Prometheus	crinacle	711	crinacle/711%20in-ear/BLON%20BL-A8%20Prometheus
BLON BL-A8 Prometheus	Harpo		Harpo/in-ear/BLON%20BL-A8%20Prometheus
BLON BL-A8 Prometheus	Super Review		Super%20Review/in-ear/BLON%20BL-A8%20Prometheus
BLON BL-Max	crinacle	711	crinacle/711%20in-ear/BLON%20BL-Max
BLON BL-Max	crinacle	Bruel & Kjaer 4620	crinacle/Bruel%20&%20Kjaer%204620%20in-ear/BLON%20BL-Max
BLON BL-Max	Fahryst		Fahryst/in-ear/BLON%20BL-Max
BLON BL-Max	Harpo		Harpo/in-ear/BLON%20BL-Max
BLON BL-Max	Hi End Portable		Hi%20End%20Portable/in-ear/BLON%20BL-Max
BLON B-Mini	HypetheSonics	GRAS RA0045	HypetheSonics/GRAS%20RA0045%20in-ear/BLON%20B-Mini
BLON Fat Girl	Harpo		Harpo/in-ear/BLON%20Fat%20Girl
BLON x HBB Z300	Bakkwatan		Bakkwatan/in-ear/BLON%20x%20HBB%20Z300
BLON x HBB Z300	Fahryst		Fahryst/in-ear/BLON%20x%20HBB%20Z300
BLON x HBB Z300	Harpo		Harpo/in-ear/BLON%20x%20HBB%20Z300
BLON x HBB Z300	Hi End Portable		Hi%20End%20Portable/in-ear/BLON%20x%20HBB%20Z300
BLON x HBB Z300	Kazi		Kazi/in-ear/BLON%20x%20HBB%20Z300
BLON x HBB Z300	RikudouGoku		RikudouGoku/in-ear/BLON%20x%20HBB%20Z300
BLON x HBB Z300	Super Review		Super%20Review/in-ear/BLON%20x%20HBB%20Z300
BLON x HBB Z300	ToneDeafMonk		ToneDeafMonk/in-ear/BLON%20x%20HBB%20Z300
BLON x Z Jojo	Hi End Portable		Hi%20End%20Portable/in-ear/BLON%20x%20Z%20Jojo
BLON Z200	Harpo		Harpo/in-ear/BLON%20Z200
Blue Lola	Innerfidelity		Innerfidelity/over-ear/Blue%20Lola
Blue MOFI (active)	Innerfidelity		Innerfidelity/over-ear/Blue%20MOFI%20(active)
Blue MOFI (active+)	Innerfidelity		Innerfidelity/over-ear/Blue%20MOFI%20(active+)
Blue MOFI (passive)	Innerfidelity		Innerfidelity/over-ear/Blue%20MOFI%20(passive)
BlueAnt Embrace	Innerfidelity		Innerfidelity/over-ear/BlueAnt%20Embrace
Bluedio R2-WH	Innerfidelity		Innerfidelity/over-ear/Bluedio%20R2-WH
Bluedio T2S	Rtings	HMS II.3	Rtings/HMS%20II.3%20over-ear/Bluedio%20T2S
Bluedio T3 Plus	Rtings	HMS II.3	Rtings/HMS%20II.3%20over-ear/Bluedio%20T3%20Plus
Bluedio T4 Turbine	Rtings	HMS II.3	Rtings/HMS%20II.3%20over-ear/Bluedio%20T4%20Turbine
Bluedio U Plus	Rtings	HMS II.3	Rtings/HMS%20II.3%20over-ear/Bluedio%20U%20Plus
BlueParrott B450-XT	Rtings	HMS II.3	Rtings/HMS%20II.3%20over-ear/BlueParrott%20B450-XT
BÖHM B-66	Rtings	HMS II.3	Rtings/HMS%20II.3%20over-ear/B%C3%96HM%20B-66
Boltune BT-BH024	Regan Cipher		Regan%20Cipher/in-ear/Boltune%20BT-BH024
Boltune BT-BH024	Rtings	HMS II.3	Rtings/HMS%20II.3%20in-ear/Boltune%20BT-BH024
Boqari Q1	Innerfidelity		Innerfidelity/in-ear/Boqari%20Q1
Bose AE2	Innerfidelity		Innerfidelity/over-ear/Bose%20AE2
Bose Hearphones	Rtings	HMS II.3	Rtings/HMS%20II.3%20in-ear/Bose%20Hearphones
Bose IE2	Harpo		Harpo/in-ear/Bose%20IE2
Bose Noise Cancelling Headphones 700	crinacle	GRAS 43AG-7	crinacle/GRAS%2043AG-7%20over-ear/Bose%20Noise%20Cancelling%20Headphones%20700
Bose Noise Cancelling Headphones 700	oratory1990		oratory1990/over-ear/Bose%20Noise%20Cancelling%20Headphones%20700
Bose Noise Cancelling Headphones 700	Rtings	Bruel & Kjaer 5128	Rtings/Bruel%20&%20Kjaer%205128%20over-ear/Bose%20Noise%20Cancelling%20Headphones%20700
Bose Q25 (ANC off)	oratory1990		oratory1990/in-ear/Bose%20Q25%20(ANC%20off)
Bose QuietComfort 15	Headphone.com Legacy		Headphone.com%20Legacy/over-ear/Bose%20QuietComfort%2015
Bose QuietComfort 15	Innerfidelity		Innerfidelity/over-ear/Bose%20QuietComfort%2015
Bose QuietComfort 20 (passive)	Innerfidelity		Innerfidelity/over-ear/Bose%20QuietComfort%2020%20(passive)
Bose QuietComfort 20 (passive)	oratory1990		oratory1990/in-ear/Bose%20QuietComfort%2020%20(passive)
Bose QuietComfort 20	Innerfidelity		Innerfidelity/over-ear/Bose%20QuietComfort%2020
Bose QuietComfort 20	oratory1990		oratory1990/in-ear/Bose%20QuietComfort%2020
Bose QuietComfort 20	Rtings	HMS II.3	Rtings/HMS%20II.3%20in-ear/Bose%20QuietComfort%2020
Bose QuietComfort 25 (passive)	Innerfidelity		Innerfidelity/over-ear/Bose%20QuietComfort%2025%20(passive)
Bose QuietComfort 25	Innerfidelity		Innerfidelity/over-ear/Bose%20QuietComfort%2025
Bose QuietComfort 25	oratory1990		oratory1990/over-ear/Bose%20QuietComfort%2025
Bose QuietComfort 25	Rtings	HMS II.3	Rtings/HMS%20II.3%20over-ear/Bose%20QuietComfort%2025
Bose QuietComfort 3	Headphone.com Legacy		Headphone.com%20Legacy/over-ear/Bose%20QuietComfort%203
Bose QuietComfort 35 (wired, active)	Innerfidelity		Innerfidelity/over-ear/Bose%20QuietComfort%2035%20(wired,%20active)
Bose QuietComfort 35 (wired, passive)	Innerfidelity		Innerfidelity/over-ear/Bose%20QuietComfort%2035%20(wired,%20passive)
Bose QuietComfort 35 (wireless)	Innerfidelity		Innerfidelity/over-ear/Bose%20QuietComfort%2035%20(wireless)
Bose QuietComfort 35 II (passive)	crinacle	GRAS 43AG-7	crinacle/GRAS%2043AG-7%20over-ear/Bose%20QuietComfort%2035%20II%20(passive)
Bose QuietComfort 35 II (passive)	HypetheSonics		HypetheSonics/over-ear/Bose%20QuietComfort%2035%20II%20(passive)
Bose QuietComfort 35 II Gaming Headset​	Rtings	HMS II.3	Rtings/HMS%20II.3%20over-ear/Bose%20QuietComfort%2035%20II%20Gaming%20Headset%E2%80%8B
Bose QuietComfort 35 II	crinacle	GRAS 43AG-7	crinacle/GRAS%2043AG-7%20over-ear/Bose%20QuietComfort%2035%20II
Bose QuietComfort 35 II	Rtings	HMS II.3	Rtings/HMS%20II.3%20over-ear/Bose%20QuietComfort%2035%20II
Bose QuietComfort 35	Rtings	HMS II.3	Rtings/HMS%20II.3%20over-ear/Bose%20QuietComfort%2035
Bose QuietComfort 45 (ANC on)	Filk		Filk/over-ear/Bose%20QuietComfort%2045%20(ANC%20on)
Bose QuietComfort 45 (passive)	Filk		Filk/over-ear/Bose%20QuietComfort%2045%20(passive)
Bose QuietComfort 45	oratory1990		oratory1990/over-ear/Bose%20QuietComfort%2045
Bose QuietComfort 45	Rtings	Bruel & Kjaer 5128	Rtings/Bruel%20&%20Kjaer%205128%20over-ear/Bose%20QuietComfort%2045
Bose QuietComfort EarBuds 2024	DHRME		DHRME/in-ear/Bose%20QuietComfort%20EarBuds%202024
Bose QuietComfort Earbuds II	Rtings	Bruel & Kjaer 5128	Rtings/Bruel%20&%20Kjaer%205128%20in-ear/Bose%20QuietComfort%20Earbuds%20II
Bose QuietComfort Earbuds	Rtings	HMS II.3	Rtings/HMS%20II.3%20in-ear/Bose%20QuietComfort%20Earbuds
Bose QuietComfort II (100dB)	HypetheSonics	GRAS RA0045	HypetheSonics/GRAS%20RA0045%20in-ear/Bose%20QuietComfort%20II%20(100dB)
Bose QuietComfort II (80dB)	HypetheSonics	GRAS RA0045	HypetheSonics/GRAS%20RA0045%20in-ear/Bose%20QuietComfort%20II%20(80dB)
Bose QuietComfort II (90dB)	HypetheSonics	GRAS RA0045	HypetheSonics/GRAS%20RA0045%20in-ear/Bose%20QuietComfort%20II%20(90dB)
Bose QuietComfort SE (ANC on)	Kuulokenurkka		Kuulokenurkka/over-ear/Bose%20QuietComfort%20SE%20(ANC%20on)
Bose QuietComfort SE (passive)	Kuulokenurkka		Kuulokenurkka/over-ear/Bose%20QuietComfort%20SE%20(passive)
Bose QuietComfort Ultra (ANC on)	Filk		Filk/over-ear/Bose%20QuietComfort%20Ultra%20(ANC%20on)
Bose QuietComfort Ultra (ANC on)	Kuulokenurkka		Kuulokenurkka/over-ear/Bose%20QuietComfort%20Ultra%20(ANC%20on)
Bose QuietComfort Ultra Earbuds	DHRME		DHRME/in-ear/Bose%20QuietComfort%20Ultra%20Earbuds
Bose QuietComfort Ultra Earbuds	Rtings	Bruel & Kjaer 5128	Rtings/Bruel%20&%20Kjaer%205128%20in-ear/Bose%20QuietComfort%20Ultra%20Earbuds
Bose QuietComfort Ultra Headphones	HypetheSonics		HypetheSonics/over-ear/Bose%20QuietComfort%20Ultra%20Headphones
Bose QuietComfort Ultra Headphones	Rtings	Bruel & Kjaer 5128	Rtings/Bruel%20&%20Kjaer%205128%20over-ear/Bose%20QuietComfort%20Ultra%20Headphones
Bose QuietComfort	HypetheSonics		HypetheSonics/over-ear/Bose%20QuietComfort
Bose QuietComfort	Rtings	Bruel & Kjaer 5128	Rtings/Bruel%20&%20Kjaer%205128%20over-ear/Bose%20QuietComfort
Bose QuietControl 30	Rtings	HMS II.3	Rtings/HMS%20II.3%20over-ear/Bose%20QuietControl%2030
Bose SoundLink Around-Ear II	Rtings	HMS II.3	Rtings/HMS%20II.3%20over-ear/Bose%20SoundLink%20Around-Ear%20II
Bose SoundLink On-Ear	Rtings	HMS II.3	Rtings/HMS%20II.3%20over-ear/Bose%20SoundLink%20On-Ear
Bose SoundSport Free	crinacle	711	crinacle/711%20in-ear/Bose%20SoundSport%20Free
Bose SoundSport Free	HypetheSonics	GRAS RA0045	HypetheSonics/GRAS%20RA0045%20in-ear/Bose%20SoundSport%20Free
Bose SoundSport Free	oratory1990		oratory1990/in-ear/Bose%20SoundSport%20Free
Bose SoundSport Free	Rtings	HMS II.3	Rtings/HMS%20II.3%20in-ear/Bose%20SoundSport%20Free
Bose SoundSport In-Ear	Rtings	HMS II.3	Rtings/HMS%20II.3%20in-ear/Bose%20SoundSport%20In-Ear
Bose SoundSport Wireless	oratory1990		oratory1990/in-ear/Bose%20SoundSport%20Wireless
Bose SoundSport Wireless	Rtings	HMS II.3	Rtings/HMS%20II.3%20in-ear/Bose%20SoundSport%20Wireless
Bose SoundTrue Around-Ear II	Rtings	HMS II.3	Rtings/HMS%20II.3%20over-ear/Bose%20SoundTrue%20Around-Ear%20II
Bose SoundTrue Ultra In-Ear	Rtings	HMS II.3	Rtings/HMS%20II.3%20in-ear/Bose%20SoundTrue%20Ultra%20In-Ear
Bose Sport Earbuds	Rtings	HMS II.3	Rtings/HMS%20II.3%20in-ear/Bose%20Sport%20Earbuds
Bose Sport Open Earbuds	Rtings	HMS II.3	Rtings/HMS%20II.3%20earbud/Bose%20Sport%20Open%20Earbuds
Bose Ultra Open Earbuds	Rtings	Bruel & Kjaer 5128	Rtings/Bruel%20&%20Kjaer%205128%20earbud/Bose%20Ultra%20Open%20Earbuds
Bowers & Wilkins C5 Series 2	oratory1990		oratory1990/in-ear/Bowers%20&%20Wilkins%20C5%20Series%202
Bowers & Wilkins C5	Innerfidelity		Innerfidelity/in-ear/Bowers%20&%20Wilkins%20C5
Bowers & Wilkins P3	Innerfidelity		Innerfidelity/over-ear/Bowers%20&%20Wilkins%20P3
Bowers & Wilkins P5 Series 2	Innerfidelity		Innerfidelity/over-ear/Bowers%20&%20Wilkins%20P5%20Series%202
Bowers & Wilkins P5 Series 2	Rtings	HMS II.3	Rtings/HMS%20II.3%20over-ear/Bowers%20&%20Wilkins%20P5%20Series%202
Bowers & Wilkins P5 Wireless	Rtings	HMS II.3	Rtings/HMS%20II.3%20over-ear/Bowers%20&%20Wilkins%20P5%20Wireless
Bowers & Wilkins P5	Innerfidelity		Innerfidelity/over-ear/Bowers%20&%20Wilkins%20P5
Bowers & Wilkins P5	oratory1990		oratory1990/over-ear/Bowers%20&%20Wilkins%20P5
Bowers & Wilkins P7 Wireless (wired)	Innerfidelity		Innerfidelity/over-ear/Bowers%20&%20Wilkins%20P7%20Wireless%20(wired)
Bowers & Wilkins P7 Wireless (wireless)	Innerfidelity		Innerfidelity/over-ear/Bowers%20&%20Wilkins%20P7%20Wireless%20(wireless)
Bowers & Wilkins P7	Innerfidelity		Innerfidelity/over-ear/Bowers%20&%20Wilkins%20P7
Bowers & Wilkins P7	Rtings	HMS II.3	Rtings/HMS%20II.3%20over-ear/Bowers%20&%20Wilkins%20P7
Bowers & Wilkins Pi7 S2 (ANC Off)	DHRME		DHRME/in-ear/Bowers%20&%20Wilkins%20Pi7%20S2%20(ANC%20Off)
Bowers & Wilkins Pi7 S2 (ANC On)	DHRME		DHRME/in-ear/Bowers%20&%20Wilkins%20Pi7%20S2%20(ANC%20On)
Bowers & Wilkins Pi7 S2	Rtings	HMS II.3	Rtings/HMS%20II.3%20in-ear/Bowers%20&%20Wilkins%20Pi7%20S2
Bowers & Wilkins Pi7	Rtings	HMS II.3	Rtings/HMS%20II.3%20in-ear/Bowers%20&%20Wilkins%20Pi7
Bowers & Wilkins Pi8	DHRME		DHRME/in-ear/Bowers%20&%20Wilkins%20Pi8
Bowers & Wilkins PX	crinacle	GRAS 43AG-7	crinacle/GRAS%2043AG-7%20over-ear/Bowers%20&%20Wilkins%20PX
Bowers & Wilkins PX	Rtings	HMS II.3	Rtings/HMS%20II.3%20over-ear/Bowers%20&%20Wilkins%20PX
Bowers & Wilkins PX5	Rtings	HMS II.3	Rtings/HMS%20II.3%20over-ear/Bowers%20&%20Wilkins%20PX5
Bowers & Wilkins Px7 S2	Kuulokenurkka		Kuulokenurkka/over-ear/Bowers%20&%20Wilkins%20Px7%20S2
Bowers & Wilkins Px7 S2	oratory1990		oratory1990/over-ear/Bowers%20&%20Wilkins%20Px7%20S2
Bowers & Wilkins Px7 S2	Rtings	Bruel & Kjaer 5128	Rtings/Bruel%20&%20Kjaer%205128%20over-ear/Bowers%20&%20Wilkins%20Px7%20S2
Bowers & Wilkins Px7 S2e (ANC off)	Kuulokenurkka		Kuulokenurkka/over-ear/Bowers%20&%20Wilkins%20Px7%20S2e%20(ANC%20off)
Bowers & Wilkins Px7 S2e (ANC on)	Kuulokenurkka		Kuulokenurkka/over-ear/Bowers%20&%20Wilkins%20Px7%20S2e%20(ANC%20on)
Bowers & Wilkins Px7 S2e	oratory1990		oratory1990/over-ear/Bowers%20&%20Wilkins%20Px7%20S2e
Bowers & Wilkins PX7 S3 (ANC off, position1)	Kuulokenurkka		Kuulokenurkka/over-ear/Bowers%20&%20Wilkins%20PX7%20S3%20(ANC%20off,%20position1)
Bowers & Wilkins PX7 S3 (ANC on, position 1)	Kuulokenurkka		Kuulokenurkka/over-ear/Bowers%20&%20Wilkins%20PX7%20S3%20(ANC%20on,%20position%201)
Bowers & Wilkins PX7 S3 (ANC on, position 2)	Kuulokenurkka		Kuulokenurkka/over-ear/Bowers%20&%20Wilkins%20PX7%20S3%20(ANC%20on,%20position%202)
Bowers & Wilkins PX7 S3 (ANC on, position 3)	Kuulokenurkka		Kuulokenurkka/over-ear/Bowers%20&%20Wilkins%20PX7%20S3%20(ANC%20on,%20position%203)
Bowers & Wilkins PX7 S3 (ANC on, position 4)	Kuulokenurkka		Kuulokenurkka/over-ear/Bowers%20&%20Wilkins%20PX7%20S3%20(ANC%20on,%20position%204)
Bowers & Wilkins PX7	Rtings	HMS II.3	Rtings/HMS%20II.3%20over-ear/Bowers%20&%20Wilkins%20PX7
Bowers & Wilkins Px8	oratory1990		oratory1990/over-ear/Bowers%20&%20Wilkins%20Px8
Bowers & Wilkins Px8	Rtings	Bruel & Kjaer 5128	Rtings/Bruel%20&%20Kjaer%205128%20over-ear/Bowers%20&%20Wilkins%20Px8
BQEYZ Autumn (bass filter)	crinacle	711	crinacle/711%20in-ear/BQEYZ%20Autumn%20(bass%20filter)
BQEYZ Autumn (bass filter)	crinacle	Bruel & Kjaer 4620	crinacle/Bruel%20&%20Kjaer%204620%20in-ear/BQEYZ%20Autumn%20(bass%20filter)
BQEYZ Autumn (bass filter)	Fahryst		Fahryst/in-ear/BQEYZ%20Autumn%20(bass%20filter)
BQEYZ Autumn (bass filter)	Hi End Portable		Hi%20End%20Portable/in-ear/BQEYZ%20Autumn%20(bass%20filter)
BQEYZ Autumn (bass filter)	RikudouGoku		RikudouGoku/in-ear/BQEYZ%20Autumn%20(bass%20filter)
BQEYZ Autumn (bass filter)	Super Review		Super%20Review/in-ear/BQEYZ%20Autumn%20(bass%20filter)
BQEYZ Autumn (no filter)	Super Review		Super%20Review/in-ear/BQEYZ%20Autumn%20(no%20filter)
BQEYZ Autumn (normal filter)	crinacle	711	crinacle/711%20in-ear/BQEYZ%20Autumn%20(normal%20filter)
BQEYZ Autumn (normal filter)	crinacle	Bruel & Kjaer 4620	crinacle/Bruel%20&%20Kjaer%204620%20in-ear/BQEYZ%20Autumn%20(normal%20filter)
BQEYZ Autumn (normal filter)	Fahryst		Fahryst/in-ear/BQEYZ%20Autumn%20(normal%20filter)
BQEYZ Autumn (normal filter)	Hi End Portable		Hi%20End%20Portable/in-ear/BQEYZ%20Autumn%20(normal%20filter)
BQEYZ Autumn (normal filter)	RikudouGoku		RikudouGoku/in-ear/BQEYZ%20Autumn%20(normal%20filter)
BQEYZ Autumn (normal filter)	Super Review		Super%20Review/in-ear/BQEYZ%20Autumn%20(normal%20filter)
BQEYZ Autumn (treble filter)	crinacle	711	crinacle/711%20in-ear/BQEYZ%20Autumn%20(treble%20filter)
BQEYZ Autumn (treble filter)	crinacle	Bruel & Kjaer 4620	crinacle/Bruel%20&%20Kjaer%204620%20in-ear/BQEYZ%20Autumn%20(treble%20filter)
BQEYZ Autumn (treble filter)	Fahryst		Fahryst/in-ear/BQEYZ%20Autumn%20(treble%20filter)
BQEYZ Autumn (treble filter)	Hi End Portable		Hi%20End%20Portable/in-ear/BQEYZ%20Autumn%20(treble%20filter)
BQEYZ Autumn (treble filter)	RikudouGoku		RikudouGoku/in-ear/BQEYZ%20Autumn%20(treble%20filter)
BQEYZ Autumn (treble filter)	Super Review		Super%20Review/in-ear/BQEYZ%20Autumn%20(treble%20filter)
BQEYZ Cloud	Fahryst		Fahryst/in-ear/BQEYZ%20Cloud
BQEYZ Cloud	Hi End Portable		Hi%20End%20Portable/in-ear/BQEYZ%20Cloud
BQEYZ Frost	Hi End Portable		Hi%20End%20Portable/in-ear/BQEYZ%20Frost
BQEYZ Frost	Kazi		Kazi/in-ear/BQEYZ%20Frost
BQEYZ Frost	Super Review		Super%20Review/in-ear/BQEYZ%20Frost
BQEYZ K1	Hi End Portable		Hi%20End%20Portable/in-ear/BQEYZ%20K1
BQEYZ KB100	Hi End Portable		Hi%20End%20Portable/in-ear/BQEYZ%20KB100
BQEYZ Spring 1 (mesh mod)	crinacle	711	crinacle/711%20in-ear/BQEYZ%20Spring%201%20(mesh%20mod)
BQEYZ Spring 1	crinacle	711	crinacle/711%20in-ear/BQEYZ%20Spring%201
BQEYZ Spring 2	Hi End Portable		Hi%20End%20Portable/in-ear/BQEYZ%20Spring%202
BQEYZ Spring 2	RikudouGoku		RikudouGoku/in-ear/BQEYZ%20Spring%202
BQEYZ Summer	crinacle	711	crinacle/711%20in-ear/BQEYZ%20Summer
BQEYZ Summer	crinacle	Bruel & Kjaer 4620	crinacle/Bruel%20&%20Kjaer%204620%20in-ear/BQEYZ%20Summer
BQEYZ Summer	Hi End Portable		Hi%20End%20Portable/in-ear/BQEYZ%20Summer
BQEYZ Topaz	Hi End Portable		Hi%20End%20Portable/in-ear/BQEYZ%20Topaz
BQEYZ Wind	Fahryst		Fahryst/in-ear/BQEYZ%20Wind
BQEYZ Wind	Hi End Portable		Hi%20End%20Portable/in-ear/BQEYZ%20Wind
BQEYZ Wind	ToneDeafMonk		ToneDeafMonk/in-ear/BQEYZ%20Wind
BQEYZ Winter	Fahryst		Fahryst/in-ear/BQEYZ%20Winter
BQEYZ Winter	Hi End Portable		Hi%20End%20Portable/in-ear/BQEYZ%20Winter
Brainwavz B400	crinacle	711	crinacle/711%20in-ear/Brainwavz%20B400
Brainwavz HM5	Rtings	HMS II.3	Rtings/HMS%20II.3%20over-ear/Brainwavz%20HM5
Brainwavz Koel	Super Review		Super%20Review/in-ear/Brainwavz%20Koel
Brainwavz M2	Innerfidelity		Innerfidelity/in-ear/Brainwavz%20M2
Brainwavz M5	oratory1990		oratory1990/in-ear/Brainwavz%20M5
Brainwavz R3	Innerfidelity		Innerfidelity/in-ear/Brainwavz%20R3
Brainwavz S0	Innerfidelity		Innerfidelity/in-ear/Brainwavz%20S0
Brainwavz S1	Innerfidelity		Innerfidelity/in-ear/Brainwavz%20S1
Brainwavz S5	Innerfidelity		Innerfidelity/in-ear/Brainwavz%20S5
Caeden Linea No 10 (wired, active)	Innerfidelity		Innerfidelity/over-ear/Caeden%20Linea%20No%2010%20(wired,%20active)
Caeden Linea No 10 (wired, passive)	Innerfidelity		Innerfidelity/over-ear/Caeden%20Linea%20No%2010%20(wired,%20passive)
California Headphone Company Lorado	Innerfidelity		Innerfidelity/over-ear/California%20Headphone%20Company%20Lorado
California Headphone Company Silverado	Innerfidelity		Innerfidelity/over-ear/California%20Headphone%20Company%20Silverado
Cambridge Audio Melomania 1	Rtings	HMS II.3	Rtings/HMS%20II.3%20in-ear/Cambridge%20Audio%20Melomania%201
Cambridge Audio Melomania 1+	Rtings	HMS II.3	Rtings/HMS%20II.3%20in-ear/Cambridge%20Audio%20Melomania%201+
Cambridge Audio Melomania M100 (foam eartips)	DHRME		DHRME/in-ear/Cambridge%20Audio%20Melomania%20M100%20(foam%20eartips)
Cambridge Audio Melomania M100 (silicone eartips)	DHRME		DHRME/in-ear/Cambridge%20Audio%20Melomania%20M100%20(silicone%20eartips)
Cambridge Audio Melomania P100 (ANC off)	Kuulokenurkka		Kuulokenurkka/over-ear/Cambridge%20Audio%20Melomania%20P100%20(ANC%20off)
Cambridge Audio Melomania P100 (ANC on)	Kuulokenurkka		Kuulokenurkka/over-ear/Cambridge%20Audio%20Melomania%20P100%20(ANC%20on)
Campfire Audio Alien Brain	Jaytiss		Jaytiss/in-ear/Campfire%20Audio%20Alien%20Brain
Campfire Audio Alien Brain	Kazi		Kazi/in-ear/Campfire%20Audio%20Alien%20Brain
Campfire Audio Andromeda (pre-2020)	crinacle	711	crinacle/711%20in-ear/Campfire%20Audio%20Andromeda%20(pre-2020)
Campfire Audio Andromeda (pre-2020)	Super Review		Super%20Review/in-ear/Campfire%20Audio%20Andromeda%20(pre-2020)
Campfire Audio Andromeda 2020	crinacle	711	crinacle/711%20in-ear/Campfire%20Audio%20Andromeda%202020
Campfire Audio Andromeda 2020	Super Review		Super%20Review/in-ear/Campfire%20Audio%20Andromeda%202020
Campfire Audio Andromeda Gold	crinacle	711	crinacle/711%20in-ear/Campfire%20Audio%20Andromeda%20Gold
Campfire Audio Andromeda SS	crinacle	711	crinacle/711%20in-ear/Campfire%20Audio%20Andromeda%20SS
Campfire Audio Andromeda	crinacle	711	crinacle/711%20in-ear/Campfire%20Audio%20Andromeda
Campfire Audio Andromeda	HypetheSonics	Bruel & Kjaer 5128	HypetheSonics/Bruel%20&%20Kjaer%205128%20in-ear/Campfire%20Audio%20Andromeda
Campfire Audio Andromeda	oratory1990		oratory1990/in-ear/Campfire%20Audio%20Andromeda
Campfire Audio Ara	crinacle	711	crinacle/711%20in-ear/Campfire%20Audio%20Ara
Campfire Audio Ara	Super Review		Super%20Review/in-ear/Campfire%20Audio%20Ara
Campfire Audio Astrolith	Jaytiss		Jaytiss/in-ear/Campfire%20Audio%20Astrolith
Campfire Audio Atlas	crinacle	711	crinacle/711%20in-ear/Campfire%20Audio%20Atlas
Campfire Audio Axion v2	Jaytiss		Jaytiss/in-ear/Campfire%20Audio%20Axion%20v2
Campfire Audio Bonneville	Jaytiss		Jaytiss/in-ear/Campfire%20Audio%20Bonneville
Campfire Audio Bonneville	Kazi		Kazi/in-ear/Campfire%20Audio%20Bonneville
Campfire Audio Cascade	crinacle	EARS + 711	crinacle/EARS%20+%20711%20over-ear/Campfire%20Audio%20Cascade
Campfire Audio Cascade	crinacle	GRAS 43AG-7	crinacle/GRAS%2043AG-7%20over-ear/Campfire%20Audio%20Cascade
Campfire Audio Comet	crinacle	711	crinacle/711%20in-ear/Campfire%20Audio%20Comet
Campfire Audio Comet	oratory1990		oratory1990/in-ear/Campfire%20Audio%20Comet
Campfire Audio Dorado 2020	crinacle	711	crinacle/711%20in-ear/Campfire%20Audio%20Dorado%202020
Campfire Audio Dorado 2020	oratory1990		oratory1990/in-ear/Campfire%20Audio%20Dorado%202020
Campfire Audio Dorado 2020	Super Review		Super%20Review/in-ear/Campfire%20Audio%20Dorado%202020
Campfire Audio Dorado	crinacle	711	crinacle/711%20in-ear/Campfire%20Audio%20Dorado
Campfire Audio Equinox	crinacle	711	crinacle/711%20in-ear/Campfire%20Audio%20Equinox
Campfire Audio Holocene	crinacle	711	crinacle/711%20in-ear/Campfire%20Audio%20Holocene
Campfire Audio Holocene	Kazi		Kazi/in-ear/Campfire%20Audio%20Holocene
Campfire Audio Holocene	oratory1990		oratory1990/in-ear/Campfire%20Audio%20Holocene
Campfire Audio Honeydew	crinacle	711	crinacle/711%20in-ear/Campfire%20Audio%20Honeydew
Campfire Audio Honeydew	Kazi		Kazi/in-ear/Campfire%20Audio%20Honeydew
Campfire Audio Honeydew	oratory1990		oratory1990/in-ear/Campfire%20Audio%20Honeydew
Campfire Audio IO	crinacle	711	crinacle/711%20in-ear/Campfire%20Audio%20IO
Campfire Audio Mammoth	crinacle	711	crinacle/711%20in-ear/Campfire%20Audio%20Mammoth
Campfire Audio Moon Rover	Jaytiss		Jaytiss/in-ear/Campfire%20Audio%20Moon%20Rover
Campfire Audio Moon Rover	Super Review		Super%20Review/in-ear/Campfire%20Audio%20Moon%20Rover
Campfire Audio Onyx	Super Review		Super%20Review/in-ear/Campfire%20Audio%20Onyx
Campfire Audio Orbit	DHRME		DHRME/in-ear/Campfire%20Audio%20Orbit
Campfire Audio Orion	crinacle	711	crinacle/711%20in-ear/Campfire%20Audio%20Orion
Campfire Audio Pathfinder	Super Review		Super%20Review/in-ear/Campfire%20Audio%20Pathfinder
Campfire Audio Polaris (V1)	crinacle	711	crinacle/711%20in-ear/Campfire%20Audio%20Polaris%20(V1)
Campfire Audio Polaris V2	crinacle	711	crinacle/711%20in-ear/Campfire%20Audio%20Polaris%20V2
Campfire Audio Polaris	oratory1990		oratory1990/in-ear/Campfire%20Audio%20Polaris
Campfire Audio Satsuma	crinacle	711	crinacle/711%20in-ear/Campfire%20Audio%20Satsuma
Campfire Audio Solaris (pre-2020)	crinacle	711	crinacle/711%20in-ear/Campfire%20Audio%20Solaris%20(pre-2020)
Campfire Audio Solaris 2020	crinacle	711	crinacle/711%20in-ear/Campfire%20Audio%20Solaris%202020
Campfire Audio Solaris SE	crinacle	711	crinacle/711%20in-ear/Campfire%20Audio%20Solaris%20SE
Campfire Audio Solstice	crinacle	711	crinacle/711%20in-ear/Campfire%20Audio%20Solstice
Campfire Audio Supermoon	Kazi		Kazi/in-ear/Campfire%20Audio%20Supermoon
Campfire Audio Trifecta	Fahryst		Fahryst/in-ear/Campfire%20Audio%20Trifecta
Campfire Audio Trifecta	Jaytiss		Jaytiss/in-ear/Campfire%20Audio%20Trifecta
Campfire Audio Vega (foam eartips)	oratory1990		oratory1990/in-ear/Campfire%20Audio%20Vega%20(foam%20eartips)
Campfire Audio Vega (pre-2020)	crinacle	711	crinacle/711%20in-ear/Campfire%20Audio%20Vega%20(pre-2020)
Campfire Audio Vega 2020	crinacle	711	crinacle/711%20in-ear/Campfire%20Audio%20Vega%202020
Canal Works CW-U77	crinacle	711	crinacle/711%20in-ear/Canal%20Works%20CW-U77
Canal Works CW-U91	crinacle	711	crinacle/711%20in-ear/Canal%20Works%20CW-U91
Canpur CP622B	Fahryst		Fahryst/in-ear/Canpur%20CP622B
Canpur CP622B	Jaytiss		Jaytiss/in-ear/Canpur%20CP622B
Canpur CP622B	Super Review		Super%20Review/in-ear/Canpur%20CP622B
Canpur JF1	Harpo		Harpo/in-ear/Canpur%20JF1
Cardas A8	crinacle	711	crinacle/711%20in-ear/Cardas%20A8
Cardas A8	HypetheSonics	Bruel & Kjaer 5128	HypetheSonics/Bruel%20&%20Kjaer%205128%20in-ear/Cardas%20A8
Cardas EM5813	Headphone.com Legacy		Headphone.com%20Legacy/in-ear/Cardas%20EM5813
Cardas EM5813	Innerfidelity		Innerfidelity/in-ear/Cardas%20EM5813
CAT Apollo	HypetheSonics	Bruel & Kjaer 5128	HypetheSonics/Bruel%20&%20Kjaer%205128%20in-ear/CAT%20Apollo
Cat Ear Audio Meow	Harpo		Harpo/in-ear/Cat%20Ear%20Audio%20Meow
Cat Ear Audio Meow	Hi End Portable		Hi%20End%20Portable/in-ear/Cat%20Ear%20Audio%20Meow
Cat Ear Audio Mia	crinacle	711	crinacle/711%20in-ear/Cat%20Ear%20Audio%20Mia
Cat Ear Audio Mia	crinacle	Bruel & Kjaer 4620	crinacle/Bruel%20&%20Kjaer%204620%20in-ear/Cat%20Ear%20Audio%20Mia
Cayin Fantasy	crinacle	711	crinacle/711%20in-ear/Cayin%20Fantasy
Cayin Fantasy	Super Review		Super%20Review/in-ear/Cayin%20Fantasy
Cayin YB04	crinacle	711	crinacle/711%20in-ear/Cayin%20YB04
CCA A10	crinacle	711	crinacle/711%20in-ear/CCA%20A10
CCA C10	crinacle	711	crinacle/711%20in-ear/CCA%20C10
CCA C10	RikudouGoku		RikudouGoku/in-ear/CCA%20C10
CCA C10	Super Review		Super%20Review/in-ear/CCA%20C10
CCA C12	crinacle	711	crinacle/711%20in-ear/CCA%20C12
CCA C16	crinacle	711	crinacle/711%20in-ear/CCA%20C16
CCA C16	kr0mka		kr0mka/in-ear/CCA%20C16
CCA CA10	RikudouGoku		RikudouGoku/in-ear/CCA%20CA10
CCA CRA PRO	Jaytiss		Jaytiss/in-ear/CCA%20CRA%20PRO
CCA CRA	crinacle	711	crinacle/711%20in-ear/CCA%20CRA
CCA CRA	Harpo		Harpo/in-ear/CCA%20CRA
CCA CRA	kr0mka		kr0mka/in-ear/CCA%20CRA
CCA CRA	Regan Cipher		Regan%20Cipher/in-ear/CCA%20CRA
CCA CRA	RikudouGoku		RikudouGoku/in-ear/CCA%20CRA
CCA CRA	Super Review		Super%20Review/in-ear/CCA%20CRA
CCA CRA+	RikudouGoku		RikudouGoku/in-ear/CCA%20CRA+
CCA CRA+	Super Review		Super%20Review/in-ear/CCA%20CRA+
CCA CSN	crinacle	711	crinacle/711%20in-ear/CCA%20CSN
CCA CST	crinacle	711	crinacle/711%20in-ear/CCA%20CST
CCA CXS	Fahryst		Fahryst/in-ear/CCA%20CXS
CCA CXS	Harpo		Harpo/in-ear/CCA%20CXS
CCA DUO	Harpo		Harpo/in-ear/CCA%20DUO
CCA DUO	ToneDeafMonk		ToneDeafMonk/in-ear/CCA%20DUO
CCA FLA	Harpo		Harpo/in-ear/CCA%20FLA
CCA Hydro (off-off-off-off)	Super Review		Super%20Review/in-ear/CCA%20Hydro%20(off-off-off-off)
CCA Hydro (off-off-on-on)	Super Review		Super%20Review/in-ear/CCA%20Hydro%20(off-off-on-on)
CCA Hydro (on-on-off-off)	Jaytiss		Jaytiss/in-ear/CCA%20Hydro%20(on-on-off-off)
CCA Hydro (on-on-off-off)	Super Review		Super%20Review/in-ear/CCA%20Hydro%20(on-on-off-off)
CCA Hydro (on-on-on-on)	Super Review		Super%20Review/in-ear/CCA%20Hydro%20(on-on-on-on)
CCA NRA	crinacle	711	crinacle/711%20in-ear/CCA%20NRA
CCA Pianist	Harpo		Harpo/in-ear/CCA%20Pianist
CCA Pianist	ToneDeafMonk		ToneDeafMonk/in-ear/CCA%20Pianist
CCA PLA13	crinacle	711	crinacle/711%20in-ear/CCA%20PLA13
CCA PLA13	Harpo		Harpo/in-ear/CCA%20PLA13
CCA Polaris (off-off-off-off)	ToneDeafMonk		ToneDeafMonk/in-ear/CCA%20Polaris%20(off-off-off-off)
CCA Polaris (off-off-on-off)	ToneDeafMonk		ToneDeafMonk/in-ear/CCA%20Polaris%20(off-off-on-off)
CCA Polaris (off-on-off-off)	ToneDeafMonk		ToneDeafMonk/in-ear/CCA%20Polaris%20(off-on-off-off)
CCA Polaris (on-off-off-off)	ToneDeafMonk		ToneDeafMonk/in-ear/CCA%20Polaris%20(on-off-off-off)
CCA Polaris (on-on-on-on)	Jaytiss		Jaytiss/in-ear/CCA%20Polaris%20(on-on-on-on)
CCA Rhapsody (off-off-off-off)	Jaytiss		Jaytiss/in-ear/CCA%20Rhapsody%20(off-off-off-off)
CCA Rhapsody (off-off-off-off)	ToneDeafMonk		ToneDeafMonk/in-ear/CCA%20Rhapsody%20(off-off-off-off)
CCA Rhapsody (off-off-off-on)	Jaytiss		Jaytiss/in-ear/CCA%20Rhapsody%20(off-off-off-on)
CCA Rhapsody (off-off-on-off)	ToneDeafMonk		ToneDeafMonk/in-ear/CCA%20Rhapsody%20(off-off-on-off)
CCA Rhapsody (off-off-on-on)	Jaytiss		Jaytiss/in-ear/CCA%20Rhapsody%20(off-off-on-on)
CCA Rhapsody (off-off-on-on)	ToneDeafMonk		ToneDeafMonk/in-ear/CCA%20Rhapsody%20(off-off-on-on)
CCA Rhapsody (off-on-on-off)	ToneDeafMonk		ToneDeafMonk/in-ear/CCA%20Rhapsody%20(off-on-on-off)
CCA Rhapsody (off-on-on-on)	Jaytiss		Jaytiss/in-ear/CCA%20Rhapsody%20(off-on-on-on)
CCA Rhapsody (on-off-off-off)	ToneDeafMonk		ToneDeafMonk/in-ear/CCA%20Rhapsody%20(on-off-off-off)
CCA Rhapsody (on-off-on-off)	ToneDeafMonk		ToneDeafMonk/in-ear/CCA%20Rhapsody%20(on-off-on-off)
CCA Rhapsody (on-on-off-off)	ToneDeafMonk		ToneDeafMonk/in-ear/CCA%20Rhapsody%20(on-on-off-off)
CCA Rhapsody (on-on-on-off)	ToneDeafMonk		ToneDeafMonk/in-ear/CCA%20Rhapsody%20(on-on-on-off)
CCA Rhapsody (on-on-on-on)	Jaytiss		Jaytiss/in-ear/CCA%20Rhapsody%20(on-on-on-on)
CCA Trio (off-off-off-off)	ToneDeafMonk		ToneDeafMonk/in-ear/CCA%20Trio%20(off-off-off-off)
CCA Trio (off-off-on-on)	ToneDeafMonk		ToneDeafMonk/in-ear/CCA%20Trio%20(off-off-on-on)
CCA Trio (off-on-on-off)	ToneDeafMonk		ToneDeafMonk/in-ear/CCA%20Trio%20(off-on-on-off)
CCA Trio (off-on-on-on)	ToneDeafMonk		ToneDeafMonk/in-ear/CCA%20Trio%20(off-on-on-on)
CCA Trio (on-off-off-off)	ToneDeafMonk		ToneDeafMonk/in-ear/CCA%20Trio%20(on-off-off-off)
CCA Trio (on-off-off-on)	ToneDeafMonk		ToneDeafMonk/in-ear/CCA%20Trio%20(on-off-off-on)
CCA Trio (on-on-off-off)	ToneDeafMonk		ToneDeafMonk/in-ear/CCA%20Trio%20(on-on-off-off)
CCA Trio (on-on-on-off)	ToneDeafMonk		ToneDeafMonk/in-ear/CCA%20Trio%20(on-on-on-off)
CCA Trio (on-on-on-on)	ToneDeafMonk		ToneDeafMonk/in-ear/CCA%20Trio%20(on-on-on-on)
CCA Trio	Jaytiss		Jaytiss/in-ear/CCA%20Trio
CCZ Emerald	Regan Cipher		Regan%20Cipher/in-ear/CCZ%20Emerald
CCZ Melody	Harpo		Harpo/in-ear/CCZ%20Melody
CCZ Plume	Super Review		Super%20Review/in-ear/CCZ%20Plume
CCZ SOLO	ToneDeafMonk		ToneDeafMonk/in-ear/CCZ%20SOLO
CCZ Warrior	Fahryst		Fahryst/in-ear/CCZ%20Warrior
CHIKYU-SEKAI 16 Cosmos	crinacle	711	crinacle/711%20in-ear/CHIKYU-SEKAI%2016%20Cosmos
CKLVX 1DD+4BA	Jaytiss		Jaytiss/in-ear/CKLVX%201DD+4BA
Clariar i430	crinacle	711	crinacle/711%20in-ear/Clariar%20i430
Clariar i640	crinacle	711	crinacle/711%20in-ear/Clariar%20i640
Clear Tune CT-200	crinacle	711	crinacle/711%20in-ear/Clear%20Tune%20CT-200
Clear Tune CT-300P	crinacle	711	crinacle/711%20in-ear/Clear%20Tune%20CT-300P
Clear Tune CT500-E	crinacle	711	crinacle/711%20in-ear/Clear%20Tune%20CT500-E
Clear Tune CT-6E	crinacle	711	crinacle/711%20in-ear/Clear%20Tune%20CT-6E
Cleer Next	oratory1990		oratory1990/over-ear/Cleer%20Next
CMF by Nothing Buds 2 Plus (ANC off, pop)	Regan Cipher		Regan%20Cipher/in-ear/CMF%20by%20Nothing%20Buds%202%20Plus%20(ANC%20off,%20pop)
CMF by Nothing Buds 2 Plus (ANC on, pop)	Regan Cipher		Regan%20Cipher/in-ear/CMF%20by%20Nothing%20Buds%202%20Plus%20(ANC%20on,%20pop)
CMF by Nothing Buds Pro (ANC on, balanced EQ)	DHRME		DHRME/in-ear/CMF%20by%20Nothing%20Buds%20Pro%20(ANC%20on,%20balanced%20EQ)
CMF by Nothing Buds Pro 2	Rtings	Bruel & Kjaer 5128	Rtings/Bruel%20&%20Kjaer%205128%20in-ear/CMF%20by%20Nothing%20Buds%20Pro%202
CMF by Nothing by Nothin Buds Pro (ANC off)	Filk		Filk/in-ear/CMF%20by%20Nothing%20by%20Nothin%20Buds%20Pro%20(ANC%20off)
Co-Donguri Brass	RikudouGoku		RikudouGoku/in-ear/Co-Donguri%20Brass
Co-Donguri Brass	Super Review		Super%20Review/in-ear/Co-Donguri%20Brass
Co-Donguri Shizuku	Super Review		Super%20Review/in-ear/Co-Donguri%20Shizuku
Colorfly Quintet	crinacle	711	crinacle/711%20in-ear/Colorfly%20Quintet
Colorfly Quintet	Super Review		Super%20Review/in-ear/Colorfly%20Quintet
Colorfly Silver Reference	Super Review		Super%20Review/in-ear/Colorfly%20Silver%20Reference
Colorfly Silver Reference	ToneDeafMonk		ToneDeafMonk/in-ear/Colorfly%20Silver%20Reference
Comradz NW-STUDIO PRO	Innerfidelity		Innerfidelity/earbud/Comradz%20NW-STUDIO%20PRO
Comradz NW-STUDIO	Innerfidelity		Innerfidelity/earbud/Comradz%20NW-STUDIO
Cooler Master MH630	Rtings	HMS II.3	Rtings/HMS%20II.3%20over-ear/Cooler%20Master%20MH630
Cooler Master MH751	Rtings	HMS II.3	Rtings/HMS%20II.3%20over-ear/Cooler%20Master%20MH751
Cooler Master MH752	oratory1990		oratory1990/over-ear/Cooler%20Master%20MH752
Corsair HS35	Rtings	HMS II.3	Rtings/HMS%20II.3%20over-ear/Corsair%20HS35
Corsair HS50	Rtings	HMS II.3	Rtings/HMS%20II.3%20over-ear/Corsair%20HS50
Corsair HS60 HAPTIC	Rtings	HMS II.3	Rtings/HMS%20II.3%20over-ear/Corsair%20HS60%20HAPTIC
Corsair HS60 PRO SURROUND	Rtings	HMS II.3	Rtings/HMS%20II.3%20over-ear/Corsair%20HS60%20PRO%20SURROUND
Corsair HS60	Rtings	HMS II.3	Rtings/HMS%20II.3%20over-ear/Corsair%20HS60
Corsair HS70 Bluetooth	Rtings	HMS II.3	Rtings/HMS%20II.3%20over-ear/Corsair%20HS70%20Bluetooth
Corsair HS70 Pro	Filk		Filk/over-ear/Corsair%20HS70%20Pro
Corsair HS70 Wireless	Rtings	HMS II.3	Rtings/HMS%20II.3%20over-ear/Corsair%20HS70%20Wireless
Corsair HS75 XB WIRELESS	Rtings	HMS II.3	Rtings/HMS%20II.3%20over-ear/Corsair%20HS75%20XB%20WIRELESS
Corsair HS80 MAX WIRELESS	Rtings	HMS II.3	Rtings/HMS%20II.3%20over-ear/Corsair%20HS80%20MAX%20WIRELESS
Corsair HS80 RGB WIRELESS	Rtings	HMS II.3	Rtings/HMS%20II.3%20over-ear/Corsair%20HS80%20RGB%20WIRELESS
Corsair VIRTUOSO PRO	Rtings	Bruel & Kjaer 5128	Rtings/Bruel%20&%20Kjaer%205128%20over-ear/Corsair%20VIRTUOSO%20PRO
Corsair Virtuoso RGB Wireless SE	Rtings	HMS II.3	Rtings/HMS%20II.3%20over-ear/Corsair%20Virtuoso%20RGB%20Wireless%20SE
Corsair VIRTUOSO RGB Wireless XT	Rtings	HMS II.3	Rtings/HMS%20II.3%20over-ear/Corsair%20VIRTUOSO%20RGB%20Wireless%20XT
Corsair Void Elite	Rtings	HMS II.3	Rtings/HMS%20II.3%20over-ear/Corsair%20Void%20Elite
Corsair Void PRO RGB	Rtings	HMS II.3	Rtings/HMS%20II.3%20over-ear/Corsair%20Void%20PRO%20RGB
Cosmic Ears CE6B	oratory1990		oratory1990/in-ear/Cosmic%20Ears%20CE6B
Cougar Immersa	Rtings	HMS II.3	Rtings/HMS%20II.3%20over-ear/Cougar%20Immersa
Cowin Apex Elite	Rtings	HMS II.3	Rtings/HMS%20II.3%20in-ear/Cowin%20Apex%20Elite
Cowin E7 (wired, ANC off)	Innerfidelity		Innerfidelity/over-ear/Cowin%20E7%20(wired,%20ANC%20off)
Cowin E7 Pro	Rtings	HMS II.3	Rtings/HMS%20II.3%20over-ear/Cowin%20E7%20Pro
Cowin E7	Rtings	HMS II.3	Rtings/HMS%20II.3%20over-ear/Cowin%20E7
Cowin E8	Rtings	HMS II.3	Rtings/HMS%20II.3%20over-ear/Cowin%20E8
Cowin SE7	Rtings	HMS II.3	Rtings/HMS%20II.3%20over-ear/Cowin%20SE7
Cozoy Hera C103	Hi End Portable		Hi%20End%20Portable/in-ear/Cozoy%20Hera%20C103
Cozoy Trio	crinacle	711	crinacle/711%20in-ear/Cozoy%20Trio
Craft Ears Argentum	crinacle	711	crinacle/711%20in-ear/Craft%20Ears%20Argentum
Craft Ears Aurum	crinacle	711	crinacle/711%20in-ear/Craft%20Ears%20Aurum
Craft Ears Craft SIX (CIEM)	crinacle	711	crinacle/711%20in-ear/Craft%20Ears%20Craft%20SIX%20(CIEM)
Craft Ears Craft SIX	crinacle	711	crinacle/711%20in-ear/Craft%20Ears%20Craft%20SIX
Craft Ears Craft TWO	crinacle	711	crinacle/711%20in-ear/Craft%20Ears%20Craft%20TWO
Craft Ears Cuprum	crinacle	711	crinacle/711%20in-ear/Craft%20Ears%20Cuprum
Craft Ears Omnium	Jaytiss		Jaytiss/in-ear/Craft%20Ears%20Omnium
Creative Aurvana Ace 2 (Ambient mode on)	HypetheSonics	GRAS RA0045	HypetheSonics/GRAS%20RA0045%20in-ear/Creative%20Aurvana%20Ace%202%20(Ambient%20mode%20on)
Creative Aurvana Ace 2 (ANC Off)	HypetheSonics	GRAS RA0045	HypetheSonics/GRAS%20RA0045%20in-ear/Creative%20Aurvana%20Ace%202%20(ANC%20Off)
Creative Aurvana Ace 2 (ANC Off)	Regan Cipher		Regan%20Cipher/in-ear/Creative%20Aurvana%20Ace%202%20(ANC%20Off)
Creative Aurvana Ace 2 (ANC On)	HypetheSonics	GRAS RA0045	HypetheSonics/GRAS%20RA0045%20in-ear/Creative%20Aurvana%20Ace%202%20(ANC%20On)
Creative Aurvana Ace 2 (ANC On)	Regan Cipher		Regan%20Cipher/in-ear/Creative%20Aurvana%20Ace%202%20(ANC%20On)
Creative Aurvana Ace 2	Kazi		Kazi/in-ear/Creative%20Aurvana%20Ace%202
Creative Aurvana Ace 2	Regan Cipher		Regan%20Cipher/in-ear/Creative%20Aurvana%20Ace%202
Creative Aurvana Ace 2	Rtings	HMS II.3	Rtings/HMS%20II.3%20in-ear/Creative%20Aurvana%20Ace%202
Creative Aurvana Ace	oratory1990		oratory1990/in-ear/Creative%20Aurvana%20Ace
Creative Aurvana Gold	Rtings	HMS II.3	Rtings/HMS%20II.3%20over-ear/Creative%20Aurvana%20Gold
Creative Aurvana In Ear 3	Innerfidelity		Innerfidelity/in-ear/Creative%20Aurvana%20In%20Ear%203
Creative Aurvana Live! (Brainwavz PU leather earpads)	Filk		Filk/over-ear/Creative%20Aurvana%20Live!%20(Brainwavz%20PU%20leather%20earpads)
Creative Aurvana Live! (Brainwavz sheepskin earpads)	Filk		Filk/over-ear/Creative%20Aurvana%20Live!%20(Brainwavz%20sheepskin%20earpads)
Creative Aurvana Live! (Brainwavz small oval perforated earpads)	Super Review		Super%20Review/over-ear/Creative%20Aurvana%20Live!%20(Brainwavz%20small%20oval%20perforated%20earpads)
Creative Aurvana Live! 2	Innerfidelity		Innerfidelity/over-ear/Creative%20Aurvana%20Live!%202
Creative Aurvana Live! 2	oratory1990		oratory1990/over-ear/Creative%20Aurvana%20Live!%202
Creative Aurvana Live!	Filk		Filk/over-ear/Creative%20Aurvana%20Live!
Creative Aurvana Live!	oratory1990		oratory1990/over-ear/Creative%20Aurvana%20Live!
Creative Aurvana Live!	Super Review		Super%20Review/over-ear/Creative%20Aurvana%20Live!
Creative Aurvana Mimi (ANC off)	Regan Cipher		Regan%20Cipher/in-ear/Creative%20Aurvana%20Mimi%20(ANC%20off)
Creative Aurvana Mimi (ANC on)	Regan Cipher		Regan%20Cipher/in-ear/Creative%20Aurvana%20Mimi%20(ANC%20on)
Creative Aurvana Trio LS	Harpo		Harpo/in-ear/Creative%20Aurvana%20Trio%20LS
Creative Aurvana Trio	crinacle	711	crinacle/711%20in-ear/Creative%20Aurvana%20Trio
Creative Aurvana	Innerfidelity		Innerfidelity/over-ear/Creative%20Aurvana
Creative Fatal1ty	Innerfidelity		Innerfidelity/over-ear/Creative%20Fatal1ty
Creative Labs Aurvana Ace 2 (ANC off, flat eq)	DHRME		DHRME/in-ear/Creative%20Labs%20Aurvana%20Ace%202%20(ANC%20off,%20flat%20eq)
Creative Labs Aurvana Ace 2 (ANC on, flat eq)	DHRME		DHRME/in-ear/Creative%20Labs%20Aurvana%20Ace%202%20(ANC%20on,%20flat%20eq)
Creative Outlier Air V2	Rtings	HMS II.3	Rtings/HMS%20II.3%20in-ear/Creative%20Outlier%20Air%20V2
Creative Outlier Air	Rtings	HMS II.3	Rtings/HMS%20II.3%20in-ear/Creative%20Outlier%20Air
Creative Outlier Free Pro Plus	Regan Cipher		Regan%20Cipher/in-ear/Creative%20Outlier%20Free%20Pro%20Plus
Creative Outlier Pro	Regan Cipher		Regan%20Cipher/in-ear/Creative%20Outlier%20Pro
Creative Sensemore Air	Regan Cipher		Regan%20Cipher/in-ear/Creative%20Sensemore%20Air
Creative Sound Blaster EVO ZxR	Rtings	HMS II.3	Rtings/HMS%20II.3%20over-ear/Creative%20Sound%20Blaster%20EVO%20ZxR
Creative Sound BlasterX H5	Rtings	HMS II.3	Rtings/HMS%20II.3%20over-ear/Creative%20Sound%20BlasterX%20H5
Creative Sound Blasterx H6 (analog input)	oratory1990		oratory1990/over-ear/Creative%20Sound%20Blasterx%20H6%20(analog%20input)
Creative SXFI Air	Rtings	HMS II.3	Rtings/HMS%20II.3%20over-ear/Creative%20SXFI%20Air
Creative Zen Air DOT	Filk		Filk/in-ear/Creative%20Zen%20Air%20DOT
Creative Zen Air	Filk		Filk/in-ear/Creative%20Zen%20Air
Creative Zen Hybrid (ANC off)	Filk		Filk/over-ear/Creative%20Zen%20Hybrid%20(ANC%20off)
Creative Zen Hybrid (ANC on)	Filk		Filk/over-ear/Creative%20Zen%20Hybrid%20(ANC%20on)
Creative Zen Hybrid (passive)	Filk		Filk/over-ear/Creative%20Zen%20Hybrid%20(passive)
Creative Zen Hybrid Pro (ANC off)	Filk		Filk/over-ear/Creative%20Zen%20Hybrid%20Pro%20(ANC%20off)
Creative Zen Hybrid Pro (ANC on)	Filk		Filk/over-ear/Creative%20Zen%20Hybrid%20Pro%20(ANC%20on)
Creative Zen Hybrid Pro SXFI	Regan Cipher		Regan%20Cipher/over-ear/Creative%20Zen%20Hybrid%20Pro%20SXFI
CrinEar Daybreak	Super Review		Super%20Review/in-ear/CrinEar%20Daybreak
CrinEar Meta	Jaytiss		Jaytiss/in-ear/CrinEar%20Meta
CrinEar Meta	Super Review		Super%20Review/in-ear/CrinEar%20Meta
Custom Art Ei.3	crinacle	711	crinacle/711%20in-ear/Custom%20Art%20Ei.3
Custom Art FIBAE 1	crinacle	711	crinacle/711%20in-ear/Custom%20Art%20FIBAE%201
Custom Art FIBAE 2	crinacle	711	crinacle/711%20in-ear/Custom%20Art%20FIBAE%202
Custom Art FIBAE 3	crinacle	711	crinacle/711%20in-ear/Custom%20Art%20FIBAE%203
Custom Art FIBAE 4	crinacle	711	crinacle/711%20in-ear/Custom%20Art%20FIBAE%204
Custom Art Fibae 5	Jaytiss		Jaytiss/in-ear/Custom%20Art%20Fibae%205
Custom Art FIBAE 7 Unlimited	Super Review		Super%20Review/in-ear/Custom%20Art%20FIBAE%207%20Unlimited
Custom Art FIBAE 7	crinacle	711	crinacle/711%20in-ear/Custom%20Art%20FIBAE%207
Custom Art FIBAE Black	crinacle	711	crinacle/711%20in-ear/Custom%20Art%20FIBAE%20Black
Custom Art FIBAE ME	crinacle	711	crinacle/711%20in-ear/Custom%20Art%20FIBAE%20ME
Custom Art Harmony 8.2	crinacle	711	crinacle/711%20in-ear/Custom%20Art%20Harmony%208.2
Custom Art Pro330v2	crinacle	711	crinacle/711%20in-ear/Custom%20Art%20Pro330v2
CVJ Aria 2025 (blue nozzle)	ToneDeafMonk		ToneDeafMonk/in-ear/CVJ%20Aria%202025%20(blue%20nozzle)
CVJ Aria 2025 (gold nozzle)	ToneDeafMonk		ToneDeafMonk/in-ear/CVJ%20Aria%202025%20(gold%20nozzle)
CVJ Aria 2025 (silver nozzle)	ToneDeafMonk		ToneDeafMonk/in-ear/CVJ%20Aria%202025%20(silver%20nozzle)
CVJ Aria	Jaytiss		Jaytiss/in-ear/CVJ%20Aria
CVJ Assassin (off-off)	ToneDeafMonk		ToneDeafMonk/in-ear/CVJ%20Assassin%20(off-off)
CVJ Assassin (off-on)	ToneDeafMonk		ToneDeafMonk/in-ear/CVJ%20Assassin%20(off-on)
CVJ Assassin (on-off)	ToneDeafMonk		ToneDeafMonk/in-ear/CVJ%20Assassin%20(on-off)
CVJ Assassin (on-on)	ToneDeafMonk		ToneDeafMonk/in-ear/CVJ%20Assassin%20(on-on)
CVJ Konoka (off-off)	RikudouGoku		RikudouGoku/in-ear/CVJ%20Konoka%20(off-off)
CVJ Konoka (off-on)	RikudouGoku		RikudouGoku/in-ear/CVJ%20Konoka%20(off-on)
CVJ Konoka (on-off)	RikudouGoku		RikudouGoku/in-ear/CVJ%20Konoka%20(on-off)
CVJ Konoka (on-on)	RikudouGoku		RikudouGoku/in-ear/CVJ%20Konoka%20(on-on)
CVJ Mei (off-off)	ToneDeafMonk		ToneDeafMonk/in-ear/CVJ%20Mei%20(off-off)
CVJ Mei (off-on)	ToneDeafMonk		ToneDeafMonk/in-ear/CVJ%20Mei%20(off-on)
CVJ Mei (on-off)	ToneDeafMonk		ToneDeafMonk/in-ear/CVJ%20Mei%20(on-off)
CVJ Mei (on-on)	ToneDeafMonk		ToneDeafMonk/in-ear/CVJ%20Mei%20(on-on)
CVJ Mermaid II	ToneDeafMonk		ToneDeafMonk/in-ear/CVJ%20Mermaid%20II
CVJ ShadowBlade (black nozzle)	Jaytiss		Jaytiss/in-ear/CVJ%20ShadowBlade%20(black%20nozzle)
CVJ ShadowBlade (black nozzle)	ToneDeafMonk		ToneDeafMonk/in-ear/CVJ%20ShadowBlade%20(black%20nozzle)
CVJ ShadowBlade (gold nozzle)	Jaytiss		Jaytiss/in-ear/CVJ%20ShadowBlade%20(gold%20nozzle)
CVJ ShadowBlade (gold nozzle)	ToneDeafMonk		ToneDeafMonk/in-ear/CVJ%20ShadowBlade%20(gold%20nozzle)
CVJ ShadowBlade (silver nozzle)	ToneDeafMonk		ToneDeafMonk/in-ear/CVJ%20ShadowBlade%20(silver%20nozzle)
CVJ Shadowblade	Jaytiss		Jaytiss/in-ear/CVJ%20Shadowblade
CVJ TXS (off-off)	ToneDeafMonk		ToneDeafMonk/in-ear/CVJ%20TXS%20(off-off)
CVJ TXS (off-on)	ToneDeafMonk		ToneDeafMonk/in-ear/CVJ%20TXS%20(off-on)
CVJ TXS (on-on)	ToneDeafMonk		ToneDeafMonk/in-ear/CVJ%20TXS%20(on-on)
CVJ Yakumi	ToneDeafMonk		ToneDeafMonk/in-ear/CVJ%20Yakumi
Cyberdrive Forte Classic Bass	Innerfidelity		Innerfidelity/in-ear/Cyberdrive%20Forte%20Classic%20Bass
Cyberdrive Forte Classic Soprano	Innerfidelity		Innerfidelity/in-ear/Cyberdrive%20Forte%20Classic%20Soprano
Cyberdrive Forte Impact Bass	Innerfidelity		Innerfidelity/in-ear/Cyberdrive%20Forte%20Impact%20Bass
Cypher Labs Astru IEM (bass boost filter)	Innerfidelity		Innerfidelity/in-ear/Cypher%20Labs%20Astru%20IEM%20(bass%20boost%20filter)
Cypher Labs Astru IEM	Innerfidelity		Innerfidelity/in-ear/Cypher%20Labs%20Astru%20IEM
Cypherus Audio Campfred	HypetheSonics		HypetheSonics/earbud/Cypherus%20Audio%20Campfred
Daiso $2 earphones	crinacle	711	crinacle/711%20in-ear/Daiso%20$2%20earphones
Dali IO-4	oratory1990		oratory1990/over-ear/Dali%20IO-4
Dali IO-6	oratory1990		oratory1990/over-ear/Dali%20IO-6
Dan Clark Audio Aeon 2 Closed (perforated earpads)	oratory1990		oratory1990/over-ear/Dan%20Clark%20Audio%20Aeon%202%20Closed%20(perforated%20earpads)
Dan Clark Audio Aeon 2 Closed	crinacle	GRAS 43AG-7	crinacle/GRAS%2043AG-7%20over-ear/Dan%20Clark%20Audio%20Aeon%202%20Closed
Dan Clark Audio Aeon 2 Closed	HypetheSonics		HypetheSonics/over-ear/Dan%20Clark%20Audio%20Aeon%202%20Closed
Dan Clark Audio Aeon 2 Closed	oratory1990		oratory1990/over-ear/Dan%20Clark%20Audio%20Aeon%202%20Closed
Dan Clark Audio Aeon 2 Noire	crinacle	GRAS 43AG-7	crinacle/GRAS%2043AG-7%20over-ear/Dan%20Clark%20Audio%20Aeon%202%20Noire
Dan Clark Audio Aeon 2 Noire	oratory1990		oratory1990/over-ear/Dan%20Clark%20Audio%20Aeon%202%20Noire
Dan Clark Audio Aeon 2 Open	crinacle	GRAS 43AG-7	crinacle/GRAS%2043AG-7%20over-ear/Dan%20Clark%20Audio%20Aeon%202%20Open
Dan Clark Audio Aeon 2 Open	HypetheSonics		HypetheSonics/over-ear/Dan%20Clark%20Audio%20Aeon%202%20Open
Dan Clark Audio Aeon 2 Open	oratory1990		oratory1990/over-ear/Dan%20Clark%20Audio%20Aeon%202%20Open
Dan Clark Audio Aeon Closed RT	oratory1990		oratory1990/over-ear/Dan%20Clark%20Audio%20Aeon%20Closed%20RT
Dan Clark Audio Aeon Flow Closed (black filter)	crinacle	GRAS 43AG-7	crinacle/GRAS%2043AG-7%20over-ear/Dan%20Clark%20Audio%20Aeon%20Flow%20Closed%20(black%20filter)
Dan Clark Audio Aeon Flow Closed (filters)	Innerfidelity		Innerfidelity/over-ear/Dan%20Clark%20Audio%20Aeon%20Flow%20Closed%20(filters)
Dan Clark Audio Aeon Flow Closed (white filter with one notch)	crinacle	GRAS 43AG-7	crinacle/GRAS%2043AG-7%20over-ear/Dan%20Clark%20Audio%20Aeon%20Flow%20Closed%20(white%20filter%20with%20one%20notch)
Dan Clark Audio Aeon Flow Closed	HypetheSonics		HypetheSonics/over-ear/Dan%20Clark%20Audio%20Aeon%20Flow%20Closed
Dan Clark Audio Aeon Flow Closed	Innerfidelity		Innerfidelity/over-ear/Dan%20Clark%20Audio%20Aeon%20Flow%20Closed
Dan Clark Audio Aeon Flow Closed	oratory1990		oratory1990/over-ear/Dan%20Clark%20Audio%20Aeon%20Flow%20Closed
Dan Clark Audio Aeon Flow Open (white filter with one notch)	Innerfidelity		Innerfidelity/over-ear/Dan%20Clark%20Audio%20Aeon%20Flow%20Open%20(white%20filter%20with%20one%20notch)
Dan Clark Audio Aeon Flow Open	crinacle	GRAS 43AG-7	crinacle/GRAS%2043AG-7%20over-ear/Dan%20Clark%20Audio%20Aeon%20Flow%20Open
Dan Clark Audio Aeon Open	oratory1990		oratory1990/over-ear/Dan%20Clark%20Audio%20Aeon%20Open
Dan Clark Audio Aeon X Closed	oratory1990		oratory1990/over-ear/Dan%20Clark%20Audio%20Aeon%20X%20Closed
Dan Clark Audio Aeon X Open	oratory1990		oratory1990/over-ear/Dan%20Clark%20Audio%20Aeon%20X%20Open
Dan Clark Audio Alpha Dog (2014)	Innerfidelity		Innerfidelity/over-ear/Dan%20Clark%20Audio%20Alpha%20Dog%20(2014)
Dan Clark Audio Alpha Prime	Innerfidelity		Innerfidelity/over-ear/Dan%20Clark%20Audio%20Alpha%20Prime
Dan Clark Audio E3	kr0mka		kr0mka/over-ear/Dan%20Clark%20Audio%20E3
Dan Clark Audio E3	Kuulokenurkka		Kuulokenurkka/over-ear/Dan%20Clark%20Audio%20E3
Dan Clark Audio E3	oratory1990		oratory1990/over-ear/Dan%20Clark%20Audio%20E3
Dan Clark Audio E3	Super Review		Super%20Review/over-ear/Dan%20Clark%20Audio%20E3
Dan Clark Audio Ether 2	crinacle	GRAS 43AG-7	crinacle/GRAS%2043AG-7%20over-ear/Dan%20Clark%20Audio%20Ether%202
Dan Clark Audio Ether 2	HypetheSonics		HypetheSonics/over-ear/Dan%20Clark%20Audio%20Ether%202
Dan Clark Audio Ether 2	oratory1990		oratory1990/over-ear/Dan%20Clark%20Audio%20Ether%202
Dan Clark Audio Ether C (1 black filter)	Innerfidelity		Innerfidelity/over-ear/Dan%20Clark%20Audio%20Ether%20C%20(1%20black%20filter)
Dan Clark Audio Ether C (2 black filters)	Innerfidelity		Innerfidelity/over-ear/Dan%20Clark%20Audio%20Ether%20C%20(2%20black%20filters)
Dan Clark Audio Ether C Flow 1.1	crinacle	GRAS 43AG-7	crinacle/GRAS%2043AG-7%20over-ear/Dan%20Clark%20Audio%20Ether%20C%20Flow%201.1
Dan Clark Audio Ether C Flow 1.1	oratory1990		oratory1990/over-ear/Dan%20Clark%20Audio%20Ether%20C%20Flow%201.1
Dan Clark Audio Ether C Flow	oratory1990		oratory1990/over-ear/Dan%20Clark%20Audio%20Ether%20C%20Flow
Dan Clark Audio Ether C	crinacle	GRAS 43AG-7	crinacle/GRAS%2043AG-7%20over-ear/Dan%20Clark%20Audio%20Ether%20C
Dan Clark Audio Ether C	oratory1990		oratory1990/over-ear/Dan%20Clark%20Audio%20Ether%20C
Dan Clark Audio Ether CX	oratory1990		oratory1990/over-ear/Dan%20Clark%20Audio%20Ether%20CX
Dan Clark Audio Ether Flow 1.1	crinacle	GRAS 43AG-7	crinacle/GRAS%2043AG-7%20over-ear/Dan%20Clark%20Audio%20Ether%20Flow%201.1
Dan Clark Audio Ether Flow 1.1	oratory1990		oratory1990/over-ear/Dan%20Clark%20Audio%20Ether%20Flow%201.1
Dan Clark Audio Ether Flow	Innerfidelity		Innerfidelity/over-ear/Dan%20Clark%20Audio%20Ether%20Flow
Dan Clark Audio Ether Flow	oratory1990		oratory1990/over-ear/Dan%20Clark%20Audio%20Ether%20Flow
Dan Clark Audio EXPANSE	oratory1990		oratory1990/over-ear/Dan%20Clark%20Audio%20EXPANSE
Dan Clark Audio EXPANSE	Super Review		Super%20Review/over-ear/Dan%20Clark%20Audio%20EXPANSE
Dan Clark Audio Mad Dog (2014)	Innerfidelity		Innerfidelity/over-ear/Dan%20Clark%20Audio%20Mad%20Dog%20(2014)
Dan Clark Audio Mad Dog	Innerfidelity		Innerfidelity/over-ear/Dan%20Clark%20Audio%20Mad%20Dog
Dan Clark Audio Noire X	oratory1990		oratory1990/over-ear/Dan%20Clark%20Audio%20Noire%20X
Dan Clark Audio Stealth	crinacle	GRAS 43AG-7	crinacle/GRAS%2043AG-7%20over-ear/Dan%20Clark%20Audio%20Stealth
Dan Clark Audio Stealth	Kuulokenurkka		Kuulokenurkka/over-ear/Dan%20Clark%20Audio%20Stealth
Dan Clark Audio Stealth	oratory1990		oratory1990/over-ear/Dan%20Clark%20Audio%20Stealth
Dan Clark Audio Stealth	Super Review		Super%20Review/over-ear/Dan%20Clark%20Audio%20Stealth
Dan Clark Audio Voce	crinacle	GRAS 43AG-7	crinacle/GRAS%2043AG-7%20over-ear/Dan%20Clark%20Audio%20Voce
Dark Project HS4 Wireless (breathable earpads, passive)	Filk		Filk/over-ear/Dark%20Project%20HS4%20Wireless%20(breathable%20earpads,%20passive)
Dark Project HS4 Wireless (breathable earpads, wireless)	Filk		Filk/over-ear/Dark%20Project%20HS4%20Wireless%20(breathable%20earpads,%20wireless)
Dark Project HS4 Wireless (leather earpads, passive)	Filk		Filk/over-ear/Dark%20Project%20HS4%20Wireless%20(leather%20earpads,%20passive)
Dark Project HS4 Wireless (leather earpads, wireless)	Filk		Filk/over-ear/Dark%20Project%20HS4%20Wireless%20(leather%20earpads,%20wireless)
Dark Project Sono	Filk		Filk/over-ear/Dark%20Project%20Sono
DCMEKA IE68	HypetheSonics	GRAS RA0045	HypetheSonics/GRAS%20RA0045%20in-ear/DCMEKA%20IE68
ddHiFi E2020A Janus	crinacle	711	crinacle/711%20in-ear/ddHiFi%20E2020A%20Janus
ddHiFi Janus3	ToneDeafMonk		ToneDeafMonk/in-ear/ddHiFi%20Janus3
ddHiFi Surface	ToneDeafMonk		ToneDeafMonk/in-ear/ddHiFi%20Surface
Debauche Bacchus Monroe	Hi End Portable		Hi%20End%20Portable/in-ear/Debauche%20Bacchus%20Monroe
Defunc Mondo Freestyle	Kuulokenurkka		Kuulokenurkka/over-ear/Defunc%20Mondo%20Freestyle
Delta Air complimentary earphones	crinacle	711	crinacle/711%20in-ear/Delta%20Air%20complimentary%20earphones
Denon AH-C260R	Headphone.com Legacy		Headphone.com%20Legacy/in-ear/Denon%20AH-C260R
Denon AH-C351K	Headphone.com Legacy		Headphone.com%20Legacy/in-ear/Denon%20AH-C351K
Denon AH-C360	Headphone.com Legacy		Headphone.com%20Legacy/in-ear/Denon%20AH-C360
Denon AH-C360	Innerfidelity		Innerfidelity/in-ear/Denon%20AH-C360
Denon AH-C452K	Headphone.com Legacy		Headphone.com%20Legacy/in-ear/Denon%20AH-C452K
Denon AH-C551	Innerfidelity		Innerfidelity/in-ear/Denon%20AH-C551
Denon AH-C551K	Headphone.com Legacy		Headphone.com%20Legacy/in-ear/Denon%20AH-C551K
Denon AH-C560R	Headphone.com Legacy		Headphone.com%20Legacy/in-ear/Denon%20AH-C560R
Denon AH-C560R	Innerfidelity		Innerfidelity/in-ear/Denon%20AH-C560R
Denon AH-C710	Headphone.com Legacy		Headphone.com%20Legacy/in-ear/Denon%20AH-C710
Denon AH-C710	Innerfidelity		Innerfidelity/in-ear/Denon%20AH-C710
Denon AH-C751K	Headphone.com Legacy		Headphone.com%20Legacy/in-ear/Denon%20AH-C751K
Denon AH-D1001	Innerfidelity		Innerfidelity/over-ear/Denon%20AH-D1001
Denon AH-D1001K Silver	Headphone.com Legacy		Headphone.com%20Legacy/over-ear/Denon%20AH-D1001K%20Silver
Denon AH-D1100	Headphone.com Legacy		Headphone.com%20Legacy/over-ear/Denon%20AH-D1100
Denon AH-D1100	Innerfidelity		Innerfidelity/over-ear/Denon%20AH-D1100
Denon AH-D2000 (2012)	Innerfidelity		Innerfidelity/over-ear/Denon%20AH-D2000%20(2012)
Denon AH-D2000 (JMoney earpads)	Innerfidelity		Innerfidelity/over-ear/Denon%20AH-D2000%20(JMoney%20earpads)
Denon AH-D2000	Headphone.com Legacy		Headphone.com%20Legacy/over-ear/Denon%20AH-D2000
Denon AH-D2000	Innerfidelity		Innerfidelity/over-ear/Denon%20AH-D2000
Denon AH-D310R	Headphone.com Legacy		Headphone.com%20Legacy/over-ear/Denon%20AH-D310R
Denon AH-D400	Innerfidelity		Innerfidelity/over-ear/Denon%20AH-D400
Denon AH-D5000 (JMoney earpads)	Innerfidelity		Innerfidelity/over-ear/Denon%20AH-D5000%20(JMoney%20earpads)
Denon AH-D5000	crinacle	GRAS 43AG-7	crinacle/GRAS%2043AG-7%20over-ear/Denon%20AH-D5000
Denon AH-D5000	Headphone.com Legacy		Headphone.com%20Legacy/over-ear/Denon%20AH-D5000
Denon AH-D5000	Innerfidelity		Innerfidelity/over-ear/Denon%20AH-D5000
Denon AH-D5200	crinacle	GRAS 43AG-7	crinacle/GRAS%2043AG-7%20over-ear/Denon%20AH-D5200
Denon AH-D5200	Kuulokenurkka		Kuulokenurkka/over-ear/Denon%20AH-D5200
Denon AH-D5200	oratory1990		oratory1990/over-ear/Denon%20AH-D5200
Denon AH-D600	Headphone.com Legacy		Headphone.com%20Legacy/over-ear/Denon%20AH-D600
Denon AH-D600	Innerfidelity		Innerfidelity/over-ear/Denon%20AH-D600
Denon AH-D7000 (2012)	Innerfidelity		Innerfidelity/over-ear/Denon%20AH-D7000%20(2012)
Denon AH-D7000	Headphone.com Legacy		Headphone.com%20Legacy/over-ear/Denon%20AH-D7000
Denon AH-D7000	Innerfidelity		Innerfidelity/over-ear/Denon%20AH-D7000
Denon AH-D7100	Headphone.com Legacy		Headphone.com%20Legacy/over-ear/Denon%20AH-D7100
Denon AH-D7100	Innerfidelity		Innerfidelity/over-ear/Denon%20AH-D7100
Denon AH-D7200	crinacle	GRAS 43AG-7	crinacle/GRAS%2043AG-7%20over-ear/Denon%20AH-D7200
Denon AH-D7200	oratory1990		oratory1990/over-ear/Denon%20AH-D7200
Denon AH-D9200	crinacle	GRAS 43AG-7	crinacle/GRAS%2043AG-7%20over-ear/Denon%20AH-D9200
Denon AH-D9200	Kuulokenurkka		Kuulokenurkka/over-ear/Denon%20AH-D9200
Denon AH-D9200	oratory1990		oratory1990/over-ear/Denon%20AH-D9200
Denon AHGC20 Globe Cruiser	Rtings	HMS II.3	Rtings/HMS%20II.3%20over-ear/Denon%20AHGC20%20Globe%20Cruiser
Denon AH-NC732K	Headphone.com Legacy		Headphone.com%20Legacy/over-ear/Denon%20AH-NC732K
Denon Perl Pro (ANC On, flat eq)	DHRME		DHRME/in-ear/Denon%20Perl%20Pro%20(ANC%20On,%20flat%20eq)
Denon PerL Pro	Rtings	HMS II.3	Rtings/HMS%20II.3%20in-ear/Denon%20PerL%20Pro
Dethonray Tender I	crinacle	711	crinacle/711%20in-ear/Dethonray%20Tender%20I
Dethonray Tender I	crinacle	Bruel & Kjaer 4620	crinacle/Bruel%20&%20Kjaer%204620%20in-ear/Dethonray%20Tender%20I
Devialet Gemini II	Rtings	Bruel & Kjaer 5128	Rtings/Bruel%20&%20Kjaer%205128%20in-ear/Devialet%20Gemini%20II
Devialet Gemini	Harpo		Harpo/in-ear/Devialet%20Gemini
Diskin DH3	Rtings	HMS II.3	Rtings/HMS%20II.3%20over-ear/Diskin%20DH3
Dita Audio Answer	crinacle	711	crinacle/711%20in-ear/Dita%20Audio%20Answer
Dita Audio Brass	crinacle	711	crinacle/711%20in-ear/Dita%20Audio%20Brass
Dita Audio Dream XLS	crinacle	711	crinacle/711%20in-ear/Dita%20Audio%20Dream%20XLS
Dita Audio Dream XLS	Jaytiss		Jaytiss/in-ear/Dita%20Audio%20Dream%20XLS
Dita Audio Dream	crinacle	711	crinacle/711%20in-ear/Dita%20Audio%20Dream
Dita Audio Fealty	crinacle	711	crinacle/711%20in-ear/Dita%20Audio%20Fealty
Dita Audio Fidelity	crinacle	711	crinacle/711%20in-ear/Dita%20Audio%20Fidelity
Dita Audio Mecha	Jaytiss		Jaytiss/in-ear/Dita%20Audio%20Mecha
Dita Audio Mecha	Super Review		Super%20Review/in-ear/Dita%20Audio%20Mecha
Dita Audio Mecha	ToneDeafMonk		ToneDeafMonk/in-ear/Dita%20Audio%20Mecha
Dita Audio Perpetua	crinacle	711	crinacle/711%20in-ear/Dita%20Audio%20Perpetua
Dita Audio Prelude	ToneDeafMonk		ToneDeafMonk/in-ear/Dita%20Audio%20Prelude
Dita Audio Project 71	crinacle	711	crinacle/711%20in-ear/Dita%20Audio%20Project%2071
Dita Audio Project M (foam eartips)	ToneDeafMonk		ToneDeafMonk/in-ear/Dita%20Audio%20Project%20M%20(foam%20eartips)
Dita Audio Project M (silicone eartips)	ToneDeafMonk		ToneDeafMonk/in-ear/Dita%20Audio%20Project%20M%20(silicone%20eartips)
Dita Audio Project M	Fahryst		Fahryst/in-ear/Dita%20Audio%20Project%20M
Dita Audio Project M	Jaytiss		Jaytiss/in-ear/Dita%20Audio%20Project%20M
Dita Audio Project M	Kazi		Kazi/in-ear/Dita%20Audio%20Project%20M
Dita Audio Sakura 71	crinacle	711	crinacle/711%20in-ear/Dita%20Audio%20Sakura%2071
Dita Audio Truth	crinacle	711	crinacle/711%20in-ear/Dita%20Audio%20Truth
DMS Project Omega	Super Review		Super%20Review/over-ear/DMS%20Project%20Omega
Dolby Dimension	Rtings	HMS II.3	Rtings/HMS%20II.3%20over-ear/Dolby%20Dimension
DubsLabs Bedphones	Innerfidelity		Innerfidelity/over-ear/DubsLabs%20Bedphones
DUNU DaVinci	Kazi		Kazi/in-ear/DUNU%20DaVinci
DUNU DK2001	crinacle	711	crinacle/711%20in-ear/DUNU%20DK2001
DUNU DK3001 BD	Jaytiss		Jaytiss/in-ear/DUNU%20DK3001%20BD
DUNU DK3001 BD	Regan Cipher		Regan%20Cipher/in-ear/DUNU%20DK3001%20BD
DUNU DK3001 BD	Super Review		Super%20Review/in-ear/DUNU%20DK3001%20BD
DUNU DK3001 Pro	crinacle	711	crinacle/711%20in-ear/DUNU%20DK3001%20Pro
DUNU DK3001BD	Super Review		Super%20Review/in-ear/DUNU%20DK3001BD
DUNU DK4001	crinacle	711	crinacle/711%20in-ear/DUNU%20DK4001
DUNU DK4001	crinacle	Bruel & Kjaer 4620	crinacle/Bruel%20&%20Kjaer%204620%20in-ear/DUNU%20DK4001
DUNU DK4001	HypetheSonics	GRAS RA0045	HypetheSonics/GRAS%20RA0045%20in-ear/DUNU%20DK4001
DUNU DM380	Harpo		Harpo/in-ear/DUNU%20DM380
DUNU DN1000	crinacle	711	crinacle/711%20in-ear/DUNU%20DN1000
DUNU DN1000	Hi End Portable		Hi%20End%20Portable/in-ear/DUNU%20DN1000
DUNU DN1000	Innerfidelity		Innerfidelity/in-ear/DUNU%20DN1000
DUNU DN2000	crinacle	711	crinacle/711%20in-ear/DUNU%20DN2000
DUNU DN2000	Innerfidelity		Innerfidelity/in-ear/DUNU%20DN2000
DUNU DN2000J	Innerfidelity		Innerfidelity/in-ear/DUNU%20DN2000J
DUNU DN2002	crinacle	711	crinacle/711%20in-ear/DUNU%20DN2002
DUNU DN900	Innerfidelity		Innerfidelity/in-ear/DUNU%20DN900
DUNU EST 112	crinacle	711	crinacle/711%20in-ear/DUNU%20EST%20112
DUNU EST 112	crinacle	Bruel & Kjaer 4620	crinacle/Bruel%20&%20Kjaer%204620%20in-ear/DUNU%20EST%20112
DUNU EST 112	Harpo		Harpo/in-ear/DUNU%20EST%20112
DUNU EST 112	Jaytiss		Jaytiss/in-ear/DUNU%20EST%20112
DUNU EST 112	RikudouGoku		RikudouGoku/in-ear/DUNU%20EST%20112
DUNU EST 112	Super Review		Super%20Review/in-ear/DUNU%20EST%20112
DUNU Falcon Pro (Atmospheric Immersion filter)	crinacle	711	crinacle/711%20in-ear/DUNU%20Falcon%20Pro%20(Atmospheric%20Immersion%20filter)
DUNU Falcon Pro (Atmospheric Immersion filter)	Hi End Portable		Hi%20End%20Portable/in-ear/DUNU%20Falcon%20Pro%20(Atmospheric%20Immersion%20filter)
DUNU Falcon Pro (Atmospheric Immersion filter)	RikudouGoku		RikudouGoku/in-ear/DUNU%20Falcon%20Pro%20(Atmospheric%20Immersion%20filter)
DUNU Falcon Pro (Atmospheric Immersion filter)	Super Review		Super%20Review/in-ear/DUNU%20Falcon%20Pro%20(Atmospheric%20Immersion%20filter)
DUNU Falcon Pro (Reference filter)	crinacle	711	crinacle/711%20in-ear/DUNU%20Falcon%20Pro%20(Reference%20filter)
DUNU Falcon Pro (Reference filter)	Hi End Portable		Hi%20End%20Portable/in-ear/DUNU%20Falcon%20Pro%20(Reference%20filter)
DUNU Falcon Pro (Reference filter)	RikudouGoku		RikudouGoku/in-ear/DUNU%20Falcon%20Pro%20(Reference%20filter)
DUNU Falcon Pro (Reference filter)	Super Review		Super%20Review/in-ear/DUNU%20Falcon%20Pro%20(Reference%20filter)
DUNU Falcon Pro (Transparency filter)	crinacle	711	crinacle/711%20in-ear/DUNU%20Falcon%20Pro%20(Transparency%20filter)
DUNU Falcon Pro (Transparency filter)	Hi End Portable		Hi%20End%20Portable/in-ear/DUNU%20Falcon%20Pro%20(Transparency%20filter)
DUNU Falcon Pro (Transparency filter)	RikudouGoku		RikudouGoku/in-ear/DUNU%20Falcon%20Pro%20(Transparency%20filter)
DUNU Falcon Pro (Transparency filter)	Super Review		Super%20Review/in-ear/DUNU%20Falcon%20Pro%20(Transparency%20filter)
DUNU Falcon Ultra (blue nozzle)	freeryder05		freeryder05/in-ear/DUNU%20Falcon%20Ultra%20(blue%20nozzle)
DUNU Falcon Ultra (blue nozzle)	Hi End Portable		Hi%20End%20Portable/in-ear/DUNU%20Falcon%20Ultra%20(blue%20nozzle)
DUNU Falcon Ultra (blue nozzle)	Regan Cipher		Regan%20Cipher/in-ear/DUNU%20Falcon%20Ultra%20(blue%20nozzle)
DUNU Falcon Ultra (blue nozzle)	Super Review		Super%20Review/in-ear/DUNU%20Falcon%20Ultra%20(blue%20nozzle)
DUNU Falcon Ultra (blue nozzle)	ToneDeafMonk		ToneDeafMonk/in-ear/DUNU%20Falcon%20Ultra%20(blue%20nozzle)
DUNU Falcon Ultra (brass nozzle)	ToneDeafMonk		ToneDeafMonk/in-ear/DUNU%20Falcon%20Ultra%20(brass%20nozzle)
DUNU Falcon Ultra (gold nozzle)	freeryder05		freeryder05/in-ear/DUNU%20Falcon%20Ultra%20(gold%20nozzle)
DUNU Falcon Ultra (gold nozzle)	Hi End Portable		Hi%20End%20Portable/in-ear/DUNU%20Falcon%20Ultra%20(gold%20nozzle)
DUNU Falcon Ultra (gold nozzle)	Regan Cipher		Regan%20Cipher/in-ear/DUNU%20Falcon%20Ultra%20(gold%20nozzle)
DUNU Falcon Ultra (gold nozzle)	Super Review		Super%20Review/in-ear/DUNU%20Falcon%20Ultra%20(gold%20nozzle)
DUNU Falcon Ultra	Jaytiss		Jaytiss/in-ear/DUNU%20Falcon%20Ultra
DUNU Glacier	Jaytiss		Jaytiss/in-ear/DUNU%20Glacier
DUNU Glacier	Super Review		Super%20Review/in-ear/DUNU%20Glacier
DUNU Kima 2	Jaytiss		Jaytiss/in-ear/DUNU%20Kima%202
DUNU Kima 2	Regan Cipher		Regan%20Cipher/in-ear/DUNU%20Kima%202
DUNU Kima 2	Super Review		Super%20Review/in-ear/DUNU%20Kima%202
DUNU Kima Classic	freeryder05		freeryder05/in-ear/DUNU%20Kima%20Classic
DUNU Kima	crinacle	711	crinacle/711%20in-ear/DUNU%20Kima
DUNU Kima	crinacle	Bruel & Kjaer 4620	crinacle/Bruel%20&%20Kjaer%204620%20in-ear/DUNU%20Kima
DUNU Kima	Fahryst		Fahryst/in-ear/DUNU%20Kima
DUNU Kima	Hi End Portable		Hi%20End%20Portable/in-ear/DUNU%20Kima
DUNU Kima	Kazi		Kazi/in-ear/DUNU%20Kima
DUNU Kima	Super Review		Super%20Review/in-ear/DUNU%20Kima
DUNU Luna	crinacle	711	crinacle/711%20in-ear/DUNU%20Luna
DUNU Luna	HypetheSonics	GRAS RA0045	HypetheSonics/GRAS%20RA0045%20in-ear/DUNU%20Luna
DUNU Mirai	Jaytiss		Jaytiss/in-ear/DUNU%20Mirai
DUNU Mirai	Super Review		Super%20Review/in-ear/DUNU%20Mirai
DUNU SA3	Super Review		Super%20Review/in-ear/DUNU%20SA3
DUNU SA6 (atmospheric Immersion mode)	crinacle	711	crinacle/711%20in-ear/DUNU%20SA6%20(atmospheric%20Immersion%20mode)
DUNU SA6 (atmospheric Immersion mode)	Super Review		Super%20Review/in-ear/DUNU%20SA6%20(atmospheric%20Immersion%20mode)
DUNU SA6 (default mode)	crinacle	711	crinacle/711%20in-ear/DUNU%20SA6%20(default%20mode)
DUNU SA6 (default mode)	Super Review		Super%20Review/in-ear/DUNU%20SA6%20(default%20mode)
DUNU SA6 EST	Kazi		Kazi/in-ear/DUNU%20SA6%20EST
DUNU SA6 EST	Super Review		Super%20Review/in-ear/DUNU%20SA6%20EST
DUNU SA6 MK2 (Atmospheric Immersion mode)	Super Review		Super%20Review/in-ear/DUNU%20SA6%20MK2%20(Atmospheric%20Immersion%20mode)
DUNU SA6 MK2 (Atmospheric Immersion mode)	ToneDeafMonk		ToneDeafMonk/in-ear/DUNU%20SA6%20MK2%20(Atmospheric%20Immersion%20mode)
DUNU SA6 MK2 (default mode)	Super Review		Super%20Review/in-ear/DUNU%20SA6%20MK2%20(default%20mode)
DUNU SA6 MK2 (default mode)	ToneDeafMonk		ToneDeafMonk/in-ear/DUNU%20SA6%20MK2%20(default%20mode)
DUNU SA6 MK2	Jaytiss		Jaytiss/in-ear/DUNU%20SA6%20MK2
DUNU SA6 Ultra (atmospheric immersion mode)	Bakkwatan		Bakkwatan/in-ear/DUNU%20SA6%20Ultra%20(atmospheric%20immersion%20mode)
DUNU SA6 Ultra (atmospheric immersion mode)	crinacle	711	crinacle/711%20in-ear/DUNU%20SA6%20Ultra%20(atmospheric%20immersion%20mode)
DUNU SA6 Ultra (atmospheric immersion mode)	Super Review		Super%20Review/in-ear/DUNU%20SA6%20Ultra%20(atmospheric%20immersion%20mode)
DUNU SA6 Ultra (default mode)	Bakkwatan		Bakkwatan/in-ear/DUNU%20SA6%20Ultra%20(default%20mode)
DUNU SA6 Ultra (default mode)	crinacle	711	crinacle/711%20in-ear/DUNU%20SA6%20Ultra%20(default%20mode)
DUNU SA6 Ultra (default mode)	Super Review		Super%20Review/in-ear/DUNU%20SA6%20Ultra%20(default%20mode)
DUNU Talos (BA off)	crinacle	711	crinacle/711%20in-ear/DUNU%20Talos%20(BA%20off)
DUNU Talos (BA off)	Super Review		Super%20Review/in-ear/DUNU%20Talos%20(BA%20off)
DUNU Talos (BA on)	crinacle	711	crinacle/711%20in-ear/DUNU%20Talos%20(BA%20on)
DUNU Talos (BA on)	Super Review		Super%20Review/in-ear/DUNU%20Talos%20(BA%20on)
DUNU Talos	Jaytiss		Jaytiss/in-ear/DUNU%20Talos
DUNU Talos	Kazi		Kazi/in-ear/DUNU%20Talos
DUNU Titan 1	crinacle	711	crinacle/711%20in-ear/DUNU%20Titan%201
DUNU Titan 1	Innerfidelity		Innerfidelity/in-ear/DUNU%20Titan%201
DUNU Titan 3	crinacle	711	crinacle/711%20in-ear/DUNU%20Titan%203
DUNU Titan 3	Innerfidelity		Innerfidelity/in-ear/DUNU%20Titan%203
DUNU Titan 5	Innerfidelity		Innerfidelity/in-ear/DUNU%20Titan%205
DUNU Titan S	Auriculares Argentina		Auriculares%20Argentina/in-ear/DUNU%20Titan%20S
DUNU Titan S	crinacle	711	crinacle/711%20in-ear/DUNU%20Titan%20S
DUNU Titan S	Hi End Portable		Hi%20End%20Portable/in-ear/DUNU%20Titan%20S
DUNU Titan S	RikudouGoku		RikudouGoku/in-ear/DUNU%20Titan%20S
DUNU Titan S	Ted's Squig Hoard		Ted's%20Squig%20Hoard/in-ear/DUNU%20Titan%20S
DUNU Titan S2	Jaytiss		Jaytiss/in-ear/DUNU%20Titan%20S2
DUNU Titan S2	Regan Cipher		Regan%20Cipher/in-ear/DUNU%20Titan%20S2
DUNU Titan S2	RikudouGoku		RikudouGoku/in-ear/DUNU%20Titan%20S2
DUNU Titan S2	Super Review		Super%20Review/in-ear/DUNU%20Titan%20S2
DUNU Titan S2	ToneDeafMonk		ToneDeafMonk/in-ear/DUNU%20Titan%20S2
DUNU Vulkan (gray eartips)	Super Review		Super%20Review/in-ear/DUNU%20Vulkan%20(gray%20eartips)
DUNU Vulkan (red eartips)	Super Review		Super%20Review/in-ear/DUNU%20Vulkan%20(red%20eartips)
DUNU Vulkan 2	Jaytiss		Jaytiss/in-ear/DUNU%20Vulkan%202
DUNU Vulkan	crinacle	711	crinacle/711%20in-ear/DUNU%20Vulkan
DUNU Vulkan	Harpo		Harpo/in-ear/DUNU%20Vulkan
DUNU Vulkan	Jaytiss		Jaytiss/in-ear/DUNU%20Vulkan
DUNU Vulkan	RikudouGoku		RikudouGoku/in-ear/DUNU%20Vulkan
DUNU Vulkan	Super Review		Super%20Review/in-ear/DUNU%20Vulkan
DUNU Vulkan	ToneDeafMonk		ToneDeafMonk/in-ear/DUNU%20Vulkan
DUNU x Gizaudio DaVinci	Jaytiss		Jaytiss/in-ear/DUNU%20x%20Gizaudio%20DaVinci
DUNU x Gizaudio DaVinci	Super Review		Super%20Review/in-ear/DUNU%20x%20Gizaudio%20DaVinci
DUNU x Gizaudio DaVinci	ToneDeafMonk		ToneDeafMonk/in-ear/DUNU%20x%20Gizaudio%20DaVinci
DUNU Zen Pro	crinacle	711	crinacle/711%20in-ear/DUNU%20Zen%20Pro
DUNU Zen Pro	Kazi		Kazi/in-ear/DUNU%20Zen%20Pro
DUNU Zen Pro	Super Review		Super%20Review/in-ear/DUNU%20Zen%20Pro
DUNU Zen	crinacle	711	crinacle/711%20in-ear/DUNU%20Zen
DUNU Zen	crinacle	Bruel & Kjaer 4620	crinacle/Bruel%20&%20Kjaer%204620%20in-ear/DUNU%20Zen
DUNU Zen	Kazi		Kazi/in-ear/DUNU%20Zen
DUNU Zen	RikudouGoku		RikudouGoku/in-ear/DUNU%20Zen
DUNU Zen	Super Review		Super%20Review/in-ear/DUNU%20Zen
Dynamic Motion DM200H	crinacle	711	crinacle/711%20in-ear/Dynamic%20Motion%20DM200H
Dyson OnTrac (ANC off, enhanced)	Kuulokenurkka		Kuulokenurkka/over-ear/Dyson%20OnTrac%20(ANC%20off,%20enhanced)
Dyson OnTrac (ANC off, neutral)	Kuulokenurkka		Kuulokenurkka/over-ear/Dyson%20OnTrac%20(ANC%20off,%20neutral)
Dyson OnTrac (bass boost)	Kuulokenurkka		Kuulokenurkka/over-ear/Dyson%20OnTrac%20(bass%20boost)
Dyson OnTrac (enhanced)	Kuulokenurkka		Kuulokenurkka/over-ear/Dyson%20OnTrac%20(enhanced)
Dyson OnTrac (neutral)	Kuulokenurkka		Kuulokenurkka/over-ear/Dyson%20OnTrac%20(neutral)
Dyson OnTrac	Rtings	Bruel & Kjaer 5128	Rtings/Bruel%20&%20Kjaer%205128%20over-ear/Dyson%20OnTrac
Dyson Zone	crinacle	GRAS 43AG-7	crinacle/GRAS%2043AG-7%20over-ear/Dyson%20Zone
Dyson Zone	oratory1990		oratory1990/over-ear/Dyson%20Zone
Dyson Zone	Rtings	HMS II.3	Rtings/HMS%20II.3%20over-ear/Dyson%20Zone
EarAcoustic Audio SPA Hi-End Max	Fahryst		Fahryst/in-ear/EarAcoustic%20Audio%20SPA%20Hi-End%20Max
EarAcoustic Audio SPA Hi-End Max	Jaytiss		Jaytiss/in-ear/EarAcoustic%20Audio%20SPA%20Hi-End%20Max
EarFun Air 2 NC (ANC off)	Regan Cipher		Regan%20Cipher/in-ear/EarFun%20Air%202%20NC%20(ANC%20off)
EarFun Air 2 NC (ANC on)	Regan Cipher		Regan%20Cipher/in-ear/EarFun%20Air%202%20NC%20(ANC%20on)
EarFun Air 2 NC	DHRME		DHRME/in-ear/EarFun%20Air%202%20NC
EarFun Air Pro 2 (2021)	Rtings	HMS II.3	Rtings/HMS%20II.3%20in-ear/EarFun%20Air%20Pro%202%20(2021)
EarFun Air Pro 2 (A eartips)	DHRME		DHRME/in-ear/EarFun%20Air%20Pro%202%20(A%20eartips)
EarFun Air Pro 2 (B eartips)	DHRME		DHRME/in-ear/EarFun%20Air%20Pro%202%20(B%20eartips)
EarFun Air Pro 3 (ANC noise cancelling, default EQ)	DHRME		DHRME/in-ear/EarFun%20Air%20Pro%203%20(ANC%20noise%20cancelling,%20default%20EQ)
EarFun Air Pro 3 (ANC normal, default EQ)	DHRME		DHRME/in-ear/EarFun%20Air%20Pro%203%20(ANC%20normal,%20default%20EQ)
EarFun Air Pro 3	DHRME		DHRME/in-ear/EarFun%20Air%20Pro%203
EarFun Air Pro 3	Regan Cipher		Regan%20Cipher/in-ear/EarFun%20Air%20Pro%203
EarFun Air Pro 3	Rtings	HMS II.3	Rtings/HMS%20II.3%20in-ear/EarFun%20Air%20Pro%203
EarFun Air Pro 4 (ANC off)	Regan Cipher		Regan%20Cipher/in-ear/EarFun%20Air%20Pro%204%20(ANC%20off)
EarFun Air Pro 4 (ANC on)	Regan Cipher		Regan%20Cipher/in-ear/EarFun%20Air%20Pro%204%20(ANC%20on)
EarFun Air Pro	Rtings	HMS II.3	Rtings/HMS%20II.3%20in-ear/EarFun%20Air%20Pro
EarFun EH100 (black ring)	DHRME		DHRME/in-ear/EarFun%20EH100%20(black%20ring)
EarFun EH100 (red ring)	DHRME		DHRME/in-ear/EarFun%20EH100%20(red%20ring)
EarFun Free Pro (Oluv Edition)	crinacle	711	crinacle/711%20in-ear/EarFun%20Free%20Pro%20(Oluv%20Edition)
EarFun Free Pro (Oluv Edition)	oratory1990		oratory1990/in-ear/EarFun%20Free%20Pro%20(Oluv%20Edition)
EarFun Free Pro (Oluv Edition, ANC off)	Super Review		Super%20Review/in-ear/EarFun%20Free%20Pro%20(Oluv%20Edition,%20ANC%20off)
EarFun Free Pro (Oluv Edition, ANC on)	Super Review		Super%20Review/in-ear/EarFun%20Free%20Pro%20(Oluv%20Edition,%20ANC%20on)
EarFun Free Pro 3 (ANC off, default EQ)	DHRME		DHRME/in-ear/EarFun%20Free%20Pro%203%20(ANC%20off,%20default%20EQ)
EarFun Free Pro	DHRME		DHRME/in-ear/EarFun%20Free%20Pro
EarFun Free	crinacle	711	crinacle/711%20in-ear/EarFun%20Free
EarFun Free	Rtings	HMS II.3	Rtings/HMS%20II.3%20in-ear/EarFun%20Free
EarFun Wave Pro (ANC off)	Regan Cipher		Regan%20Cipher/over-ear/EarFun%20Wave%20Pro%20(ANC%20off)
EarFun Wave Pro (ANC on)	Regan Cipher		Regan%20Cipher/over-ear/EarFun%20Wave%20Pro%20(ANC%20on)
EarFun Wave	oratory1990		oratory1990/over-ear/EarFun%20Wave
EarSonics Blade	crinacle	711	crinacle/711%20in-ear/EarSonics%20Blade
EarSonics EM10	crinacle	711	crinacle/711%20in-ear/EarSonics%20EM10
EarSonics EM32	crinacle	711	crinacle/711%20in-ear/EarSonics%20EM32
EarSonics EM4	crinacle	711	crinacle/711%20in-ear/EarSonics%20EM4
EarSonics EM6	crinacle	711	crinacle/711%20in-ear/EarSonics%20EM6
EarSonics ES2	crinacle	711	crinacle/711%20in-ear/EarSonics%20ES2
EarSonics ES3	crinacle	711	crinacle/711%20in-ear/EarSonics%20ES3
EarSonics ES3	Innerfidelity		Innerfidelity/in-ear/EarSonics%20ES3
EarSonics ES5	crinacle	711	crinacle/711%20in-ear/EarSonics%20ES5
EarSonics Grace	crinacle	711	crinacle/711%20in-ear/EarSonics%20Grace
EarSonics Onyx	RikudouGoku		RikudouGoku/in-ear/EarSonics%20Onyx
EarSonics Purple (standard)	crinacle	711	crinacle/711%20in-ear/EarSonics%20Purple%20(standard)
EarSonics S-EM9	crinacle	711	crinacle/711%20in-ear/EarSonics%20S-EM9
EarSonics Stark	crinacle	711	crinacle/711%20in-ear/EarSonics%20Stark
EarSonics Velvet (standard)	crinacle	711	crinacle/711%20in-ear/EarSonics%20Velvet%20(standard)
EarSonics Velvet (standard)	Innerfidelity		Innerfidelity/in-ear/EarSonics%20Velvet%20(standard)
EarSonics Velvet (tight)	crinacle	711	crinacle/711%20in-ear/EarSonics%20Velvet%20(tight)
EarSonics Velvet (tight)	Innerfidelity		Innerfidelity/in-ear/EarSonics%20Velvet%20(tight)
EarSonics Velvet (warm)	crinacle	711	crinacle/711%20in-ear/EarSonics%20Velvet%20(warm)
EarSonics Velvet (warm)	Innerfidelity		Innerfidelity/in-ear/EarSonics%20Velvet%20(warm)
Eartech Dual	crinacle	711	crinacle/711%20in-ear/Eartech%20Dual
Eartech Quad	crinacle	711	crinacle/711%20in-ear/Eartech%20Quad
Eartech Triple	crinacle	711	crinacle/711%20in-ear/Eartech%20Triple
EarWerkz Legend Omega	crinacle	711	crinacle/711%20in-ear/EarWerkz%20Legend%20Omega
ECCI YST-02	Hi End Portable		Hi%20End%20Portable/in-ear/ECCI%20YST-02
ECCI YST-02	ToneDeafMonk		ToneDeafMonk/in-ear/ECCI%20YST-02
Echobox Finder X1 (black filter)	Innerfidelity		Innerfidelity/in-ear/Echobox%20Finder%20X1%20(black%20filter)
Echobox Finder X1 (red filter)	Innerfidelity		Innerfidelity/in-ear/Echobox%20Finder%20X1%20(red%20filter)
Echobox Finder X1 (white filter)	Innerfidelity		Innerfidelity/in-ear/Echobox%20Finder%20X1%20(white%20filter)
écoute Audio TH1 (ANC off, Harman curve)	Kuulokenurkka		Kuulokenurkka/over-ear/%C3%A9coute%20Audio%20TH1%20(ANC%20off,%20Harman%20curve)
écoute Audio TH1 (ANC on, Harman curve)	Kuulokenurkka		Kuulokenurkka/over-ear/%C3%A9coute%20Audio%20TH1%20(ANC%20on,%20Harman%20curve)
écoute Audio TH1 (passive)	Kuulokenurkka		Kuulokenurkka/over-ear/%C3%A9coute%20Audio%20TH1%20(passive)
Edifier NeoBuds Pro 2 (ANC high, classic EQ)	DHRME		DHRME/in-ear/Edifier%20NeoBuds%20Pro%202%20(ANC%20high,%20classic%20EQ)
Edifier NeoBuds Pro 2 (ANC off, classic EQ)	DHRME		DHRME/in-ear/Edifier%20NeoBuds%20Pro%202%20(ANC%20off,%20classic%20EQ)
Edifier NeoBuds Pro 2	Regan Cipher		Regan%20Cipher/in-ear/Edifier%20NeoBuds%20Pro%202
Edifier NeoBuds Pro	Regan Cipher		Regan%20Cipher/in-ear/Edifier%20NeoBuds%20Pro
Edifier P180	Innerfidelity		Innerfidelity/earbud/Edifier%20P180
Edifier Stax Spirit S10 (original eq)	DHRME		DHRME/in-ear/Edifier%20Stax%20Spirit%20S10%20(original%20eq)
Edifier Stax Spirit S3 (fabric earpads)	Filk		Filk/over-ear/Edifier%20Stax%20Spirit%20S3%20(fabric%20earpads)
Edifier Stax Spirit S3 (leather earpads)	Filk		Filk/over-ear/Edifier%20Stax%20Spirit%20S3%20(leather%20earpads)
Edifier TWS1	crinacle	711	crinacle/711%20in-ear/Edifier%20TWS1
Edifier TWS5	crinacle	711	crinacle/711%20in-ear/Edifier%20TWS5
Edifier TWS6	crinacle	711	crinacle/711%20in-ear/Edifier%20TWS6
Edifier W260NC	Filk		Filk/in-ear/Edifier%20W260NC
Edifier W820NB (ANC off)	Kuulokenurkka		Kuulokenurkka/over-ear/Edifier%20W820NB%20(ANC%20off)
Edifier W820NB (ANC on)	Filk		Filk/over-ear/Edifier%20W820NB%20(ANC%20on)
Edifier W820NB (ANC on)	Kuulokenurkka		Kuulokenurkka/over-ear/Edifier%20W820NB%20(ANC%20on)
Edifier W820NB (passive)	Filk		Filk/over-ear/Edifier%20W820NB%20(passive)
Edifier W820NB Plus (ANC off)	Regan Cipher		Regan%20Cipher/over-ear/Edifier%20W820NB%20Plus%20(ANC%20off)
Edifier W820NB Plus (ANC on)	Regan Cipher		Regan%20Cipher/over-ear/Edifier%20W820NB%20Plus%20(ANC%20on)
Edifier W820NB Plus	Filk		Filk/over-ear/Edifier%20W820NB%20Plus
Edifier WH700NB	Regan Cipher		Regan%20Cipher/over-ear/Edifier%20WH700NB
Edifier WH950NB (ANC off, customized EQ flat)	Filk		Filk/over-ear/Edifier%20WH950NB%20(ANC%20off,%20customized%20EQ%20flat)
Edifier WH950NB (ANC on, classic EQ)	Filk		Filk/over-ear/Edifier%20WH950NB%20(ANC%20on,%20classic%20EQ)
Edifier WH950NB (ANC on, classic mode)	Kuulokenurkka		Kuulokenurkka/over-ear/Edifier%20WH950NB%20(ANC%20on,%20classic%20mode)
Edifier WH950NB (ANC on, customized EQ flat)	Filk		Filk/over-ear/Edifier%20WH950NB%20(ANC%20on,%20customized%20EQ%20flat)
Edifier WH950NB (ANC on, dynamic mode)	Kuulokenurkka		Kuulokenurkka/over-ear/Edifier%20WH950NB%20(ANC%20on,%20dynamic%20mode)
Edifier WH950NB (passive)	Filk		Filk/over-ear/Edifier%20WH950NB%20(passive)
Edifier WH950NB (passive)	Kuulokenurkka		Kuulokenurkka/over-ear/Edifier%20WH950NB%20(passive)
Edifier X3 Lite	Regan Cipher		Regan%20Cipher/in-ear/Edifier%20X3%20Lite
Effect Audio Agea (foam eartips)	ToneDeafMonk		ToneDeafMonk/in-ear/Effect%20Audio%20Agea%20(foam%20eartips)
Effect Audio Axiom	crinacle	711	crinacle/711%20in-ear/Effect%20Audio%20Axiom
Effect Audio Axiom	Super Review		Super%20Review/in-ear/Effect%20Audio%20Axiom
Effect Audio King Arthur	crinacle	711	crinacle/711%20in-ear/Effect%20Audio%20King%20Arthur
Effect Audio Symphony	crinacle	711	crinacle/711%20in-ear/Effect%20Audio%20Symphony
Effect Audio x Elysian Gaea	Kazi		Kazi/in-ear/Effect%20Audio%20x%20Elysian%20Gaea
Effect Audio x Elysian Gaea	Super Review		Super%20Review/in-ear/Effect%20Audio%20x%20Elysian%20Gaea
Effect Audio X Elysian Pilgrim Noir	Jaytiss		Jaytiss/in-ear/Effect%20Audio%20X%20Elysian%20Pilgrim%20Noir
EKSA E900 Pro	crinacle	GRAS 43AG-7	crinacle/GRAS%2043AG-7%20over-ear/EKSA%20E900%20Pro
ELISE AUDIO x Kinera Dark Phoenix	Jaytiss		Jaytiss/in-ear/ELISE%20AUDIO%20x%20Kinera%20Dark%20Phoenix
Elysian Annihilator (2021)	crinacle	711	crinacle/711%20in-ear/Elysian%20Annihilator%20(2021)
Elysian Annihilator (2021)	freeryder05		freeryder05/in-ear/Elysian%20Annihilator%20(2021)
Elysian Annihilator (2023)	Jaytiss		Jaytiss/in-ear/Elysian%20Annihilator%20(2023)
Elysian Annihilator (2023)	Super Review		Super%20Review/in-ear/Elysian%20Annihilator%20(2023)
Elysian Annihilator (2023, Dan)	freeryder05		freeryder05/in-ear/Elysian%20Annihilator%20(2023,%20Dan)
Elysian Annihilator (2023, Free)	freeryder05		freeryder05/in-ear/Elysian%20Annihilator%20(2023,%20Free)
Elysian Annihilator (pre-2021)	crinacle	711	crinacle/711%20in-ear/Elysian%20Annihilator%20(pre-2021)
Elysian Apostle	Jaytiss		Jaytiss/in-ear/Elysian%20Apostle
Elysian Artemis V2	crinacle	711	crinacle/711%20in-ear/Elysian%20Artemis%20V2
Elysian Artemis	crinacle	711	crinacle/711%20in-ear/Elysian%20Artemis
Elysian Cora V2	crinacle	711	crinacle/711%20in-ear/Elysian%20Cora%20V2
Elysian Diva (half bass)	crinacle	711	crinacle/711%20in-ear/Elysian%20Diva%20(half%20bass)
Elysian Diva (max bass)	crinacle	711	crinacle/711%20in-ear/Elysian%20Diva%20(max%20bass)
Elysian Diva (min bass)	crinacle	711	crinacle/711%20in-ear/Elysian%20Diva%20(min%20bass)
Elysian Diva 2023 (blue switch)	Jaytiss		Jaytiss/in-ear/Elysian%20Diva%202023%20(blue%20switch)
Elysian Diva 2023 (blue switch)	Super Review		Super%20Review/in-ear/Elysian%20Diva%202023%20(blue%20switch)
Elysian Diva 2023 (red switch)	Jaytiss		Jaytiss/in-ear/Elysian%20Diva%202023%20(red%20switch)
Elysian Diva 2023 (red switch)	Super Review		Super%20Review/in-ear/Elysian%20Diva%202023%20(red%20switch)
Elysian Diva 2023 (white switch)	Jaytiss		Jaytiss/in-ear/Elysian%20Diva%202023%20(white%20switch)
Elysian Diva 2023 (white switch)	Super Review		Super%20Review/in-ear/Elysian%20Diva%202023%20(white%20switch)
Elysian Eros	crinacle	711	crinacle/711%20in-ear/Elysian%20Eros
Elysian Hades V2 (music)	crinacle	711	crinacle/711%20in-ear/Elysian%20Hades%20V2%20(music)
Elysian Hades V2 (stage)	crinacle	711	crinacle/711%20in-ear/Elysian%20Hades%20V2%20(stage)
Elysian Hades V2	crinacle	711	crinacle/711%20in-ear/Elysian%20Hades%20V2
Elysian Hades	crinacle	711	crinacle/711%20in-ear/Elysian%20Hades
Elysian Minerva	crinacle	711	crinacle/711%20in-ear/Elysian%20Minerva
Elysian Pilgrim (foam eartips)	ToneDeafMonk		ToneDeafMonk/in-ear/Elysian%20Pilgrim%20(foam%20eartips)
Elysian Pilgrim Noir	Super Review		Super%20Review/in-ear/Elysian%20Pilgrim%20Noir
Elysian Pilgrim	Harpo		Harpo/in-ear/Elysian%20Pilgrim
Elysian Pilgrim	Jaytiss		Jaytiss/in-ear/Elysian%20Pilgrim
Elysian Pilgrim	Super Review		Super%20Review/in-ear/Elysian%20Pilgrim
Elysian Pilgrim	ToneDeafMonk		ToneDeafMonk/in-ear/Elysian%20Pilgrim
Elysian Poseidon	crinacle	711	crinacle/711%20in-ear/Elysian%20Poseidon
Elysian Terminator V2	crinacle	711	crinacle/711%20in-ear/Elysian%20Terminator%20V2
Elysian Terminator	crinacle	711	crinacle/711%20in-ear/Elysian%20Terminator
Elysian X	crinacle	711	crinacle/711%20in-ear/Elysian%20X
Emotiva Airmotiv GR1	oratory1990		oratory1990/over-ear/Emotiva%20Airmotiv%20GR1
Empire Ears Bravado Mk2	crinacle	711	crinacle/711%20in-ear/Empire%20Ears%20Bravado%20Mk2
Empire Ears Bravado Mk2	HypetheSonics	GRAS RA0045	HypetheSonics/GRAS%20RA0045%20in-ear/Empire%20Ears%20Bravado%20Mk2
Empire Ears Bravado Mk2	Super Review		Super%20Review/in-ear/Empire%20Ears%20Bravado%20Mk2
Empire Ears Bravado	crinacle	711	crinacle/711%20in-ear/Empire%20Ears%20Bravado
Empire Ears ESR Mk2	crinacle	711	crinacle/711%20in-ear/Empire%20Ears%20ESR%20Mk2
Empire Ears ESR Mk2	HypetheSonics	GRAS RA0045	HypetheSonics/GRAS%20RA0045%20in-ear/Empire%20Ears%20ESR%20Mk2
Empire Ears ESR Mk2	Super Review		Super%20Review/in-ear/Empire%20Ears%20ESR%20Mk2
Empire Ears ESR	crinacle	711	crinacle/711%20in-ear/Empire%20Ears%20ESR
Empire Ears EVR Mk2	crinacle	711	crinacle/711%20in-ear/Empire%20Ears%20EVR%20Mk2
Empire Ears EVR	crinacle	711	crinacle/711%20in-ear/Empire%20Ears%20EVR
Empire Ears Hero	crinacle	711	crinacle/711%20in-ear/Empire%20Ears%20Hero
Empire Ears Hero	HypetheSonics	Bruel & Kjaer 5128	HypetheSonics/Bruel%20&%20Kjaer%205128%20in-ear/Empire%20Ears%20Hero
Empire Ears Legend EVO	crinacle	711	crinacle/711%20in-ear/Empire%20Ears%20Legend%20EVO
Empire Ears Legend EVO	Super Review		Super%20Review/in-ear/Empire%20Ears%20Legend%20EVO
Empire Ears Legend EVO	ToneDeafMonk		ToneDeafMonk/in-ear/Empire%20Ears%20Legend%20EVO
Empire Ears Legend Raven	Super Review		Super%20Review/in-ear/Empire%20Ears%20Legend%20Raven
Empire Ears Legend X SE	crinacle	711	crinacle/711%20in-ear/Empire%20Ears%20Legend%20X%20SE
Empire Ears Legend X SE	HypetheSonics	GRAS RA0045	HypetheSonics/GRAS%20RA0045%20in-ear/Empire%20Ears%20Legend%20X%20SE
Empire Ears Legend X	crinacle	711	crinacle/711%20in-ear/Empire%20Ears%20Legend%20X
Empire Ears Legend X	HypetheSonics	Bruel & Kjaer 5128	HypetheSonics/Bruel%20&%20Kjaer%205128%20in-ear/Empire%20Ears%20Legend%20X
Empire Ears Nemesis	crinacle	711	crinacle/711%20in-ear/Empire%20Ears%20Nemesis
Empire Ears Odin	crinacle	711	crinacle/711%20in-ear/Empire%20Ears%20Odin
Empire Ears Odin	HypetheSonics	Bruel & Kjaer 5128	HypetheSonics/Bruel%20&%20Kjaer%205128%20in-ear/Empire%20Ears%20Odin
Empire Ears Odyssey	Kazi		Kazi/in-ear/Empire%20Ears%20Odyssey
Empire Ears Phantom X	crinacle	711	crinacle/711%20in-ear/Empire%20Ears%20Phantom%20X
Empire Ears Phantom	crinacle	711	crinacle/711%20in-ear/Empire%20Ears%20Phantom
Empire Ears Raven	HypetheSonics	GRAS RA0045	HypetheSonics/GRAS%20RA0045%20in-ear/Empire%20Ears%20Raven
Empire Ears Triton	Jaytiss		Jaytiss/in-ear/Empire%20Ears%20Triton
Empire Ears Triton	ToneDeafMonk		ToneDeafMonk/in-ear/Empire%20Ears%20Triton
Empire Ears Valkyrie MKII	crinacle	711	crinacle/711%20in-ear/Empire%20Ears%20Valkyrie%20MKII
Empire Ears Valkyrie MKII	Super Review		Super%20Review/in-ear/Empire%20Ears%20Valkyrie%20MKII
Empire Ears Valkyrie	crinacle	711	crinacle/711%20in-ear/Empire%20Ears%20Valkyrie
Empire Ears Valkyrie	HypetheSonics	GRAS RA0045	HypetheSonics/GRAS%20RA0045%20in-ear/Empire%20Ears%20Valkyrie
Empire Ears Vantage	crinacle	711	crinacle/711%20in-ear/Empire%20Ears%20Vantage
Empire Ears Wraith	crinacle	711	crinacle/711%20in-ear/Empire%20Ears%20Wraith
Empire Ears Wraith	HypetheSonics	GRAS RA0045	HypetheSonics/GRAS%20RA0045%20in-ear/Empire%20Ears%20Wraith
Empire Ears Zeus	crinacle	711	crinacle/711%20in-ear/Empire%20Ears%20Zeus
Empire Ears Zeus-XIV	crinacle	711	crinacle/711%20in-ear/Empire%20Ears%20Zeus-XIV
Empire Ears Zeus-XR (R mode)	crinacle	711	crinacle/711%20in-ear/Empire%20Ears%20Zeus-XR%20(R%20mode)
Empire Ears Zeus-XR (XIV mode)	crinacle	711	crinacle/711%20in-ear/Empire%20Ears%20Zeus-XR%20(XIV%20mode)
E-Mu Purpleheart	Innerfidelity		Innerfidelity/over-ear/E-Mu%20Purpleheart
E-Mu Teak (2016)	Innerfidelity		Innerfidelity/over-ear/E-Mu%20Teak%20(2016)
E-Mu Teak (mahogany)	Innerfidelity		Innerfidelity/over-ear/E-Mu%20Teak%20(mahogany)
E-Mu Teak (rosewood)	Innerfidelity		Innerfidelity/over-ear/E-Mu%20Teak%20(rosewood)
E-Mu Teak	crinacle	GRAS 43AG-7	crinacle/GRAS%2043AG-7%20over-ear/E-Mu%20Teak
E-Mu Teak	oratory1990		oratory1990/over-ear/E-Mu%20Teak
E-Mu Walnut	crinacle	GRAS 43AG-7	crinacle/GRAS%2043AG-7%20over-ear/E-Mu%20Walnut
E-Mu Walnut	Innerfidelity		Innerfidelity/over-ear/E-Mu%20Walnut
ENACFIRE E60	Rtings	HMS II.3	Rtings/HMS%20II.3%20in-ear/ENACFIRE%20E60
Endorfy Viro Infra	Filk		Filk/over-ear/Endorfy%20Viro%20Infra
ENIGMAcoustics Dharma Production 2015	Innerfidelity		Innerfidelity/over-ear/ENIGMAcoustics%20Dharma%20Production%202015
Enigmatic Audio Paradox	Innerfidelity		Innerfidelity/over-ear/Enigmatic%20Audio%20Paradox
EPOS GTW 270 Hybrid	Rtings	HMS II.3	Rtings/HMS%20II.3%20in-ear/EPOS%20GTW%20270%20Hybrid
EPOS Sennheiser Game Zero	Kuulokenurkka		Kuulokenurkka/over-ear/EPOS%20Sennheiser%20Game%20Zero
EPOS Sennheiser GSP 600	Rtings	HMS II.3	Rtings/HMS%20II.3%20over-ear/EPOS%20Sennheiser%20GSP%20600
EPZ 320	ToneDeafMonk		ToneDeafMonk/in-ear/EPZ%20320
EPZ 530	Fahryst		Fahryst/in-ear/EPZ%20530
EPZ 530	Jaytiss		Jaytiss/in-ear/EPZ%20530
EPZ 530	Super Review		Super%20Review/in-ear/EPZ%20530
EPZ 530	ToneDeafMonk		ToneDeafMonk/in-ear/EPZ%20530
EPZ G10	Harpo		Harpo/in-ear/EPZ%20G10
EPZ G10	Hi End Portable		Hi%20End%20Portable/in-ear/EPZ%20G10
EPZ G10	Regan Cipher		Regan%20Cipher/in-ear/EPZ%20G10
EPZ G10	Super Review		Super%20Review/in-ear/EPZ%20G10
EPZ G10	ToneDeafMonk		ToneDeafMonk/in-ear/EPZ%20G10
EPZ G20	Fahryst		Fahryst/in-ear/EPZ%20G20
EPZ K5	Fahryst		Fahryst/in-ear/EPZ%20K5
EPZ K5	Super Review		Super%20Review/in-ear/EPZ%20K5
EPZ K5	ToneDeafMonk		ToneDeafMonk/in-ear/EPZ%20K5
EPZ K9	Super Review		Super%20Review/in-ear/EPZ%20K9
EPZ K9	ToneDeafMonk		ToneDeafMonk/in-ear/EPZ%20K9
EPZ P50	Fahryst		Fahryst/in-ear/EPZ%20P50
EPZ P50	Jaytiss		Jaytiss/in-ear/EPZ%20P50
EPZ P50	Super Review		Super%20Review/in-ear/EPZ%20P50
EPZ P50	ToneDeafMonk		ToneDeafMonk/in-ear/EPZ%20P50
EPZ Q1 Pro	Fahryst		Fahryst/in-ear/EPZ%20Q1%20Pro
EPZ Q1 Pro	Jaytiss		Jaytiss/in-ear/EPZ%20Q1%20Pro
EPZ Q1 Pro	Regan Cipher		Regan%20Cipher/in-ear/EPZ%20Q1%20Pro
EPZ Q1 Pro	Super Review		Super%20Review/in-ear/EPZ%20Q1%20Pro
EPZ Q1 Pro	ToneDeafMonk		ToneDeafMonk/in-ear/EPZ%20Q1%20Pro
EPZ Q1	Bakkwatan		Bakkwatan/in-ear/EPZ%20Q1
EPZ Q1	Harpo		Harpo/in-ear/EPZ%20Q1
EPZ Q1	Regan Cipher		Regan%20Cipher/in-ear/EPZ%20Q1
EPZ Q5 Pro	Auriculares Argentina		Auriculares%20Argentina/in-ear/EPZ%20Q5%20Pro
EPZ Q5 Pro	Fahryst		Fahryst/in-ear/EPZ%20Q5%20Pro
EPZ Q5 Pro	ToneDeafMonk		ToneDeafMonk/in-ear/EPZ%20Q5%20Pro
EPZ Q5 v2	Jaytiss		Jaytiss/in-ear/EPZ%20Q5%20v2
EPZ Q5	Auriculares Argentina		Auriculares%20Argentina/in-ear/EPZ%20Q5
EPZ Q5	Fahryst		Fahryst/in-ear/EPZ%20Q5
EPZ Q5	Hi End Portable		Hi%20End%20Portable/in-ear/EPZ%20Q5
EPZ Q5	Jaytiss		Jaytiss/in-ear/EPZ%20Q5
EPZ Q5	Regan Cipher		Regan%20Cipher/in-ear/EPZ%20Q5
EPZ Q5	Super Review		Super%20Review/in-ear/EPZ%20Q5
EPZ Q5	ToneDeafMonk		ToneDeafMonk/in-ear/EPZ%20Q5
EPZ x Tipsy Star & One	Jaytiss		Jaytiss/in-ear/EPZ%20x%20Tipsy%20Star%20&%20One
EPZ x Tipsy Star & One	Regan Cipher		Regan%20Cipher/in-ear/EPZ%20x%20Tipsy%20Star%20&%20One
EPZ x Tipsy Star & One	ToneDeafMonk		ToneDeafMonk/in-ear/EPZ%20x%20Tipsy%20Star%20&%20One
ES Lab ES-1a	crinacle	GRAS 43AG-7	crinacle/GRAS%2043AG-7%20over-ear/ES%20Lab%20ES-1a
Eskuche 33 1 3 B	Innerfidelity		Innerfidelity/over-ear/Eskuche%2033%201%203%20B
ETA Mini Closed	oratory1990		oratory1990/over-ear/ETA%20Mini%20Closed
ETA Mini Semi-Closed (with ring dampeners installed)	oratory1990		oratory1990/over-ear/ETA%20Mini%20Semi-Closed%20(with%20ring%20dampeners%20installed)
ETA Mini Semi-Closed	oratory1990		oratory1990/over-ear/ETA%20Mini%20Semi-Closed
ETA O2	Super Review		Super%20Review/over-ear/ETA%20O2
Eternal Melody EM6W	crinacle	711	crinacle/711%20in-ear/Eternal%20Melody%20EM6W
Etymotic EK5	Innerfidelity		Innerfidelity/in-ear/Etymotic%20EK5
Etymotic ER2SE	Auriculares Argentina		Auriculares%20Argentina/in-ear/Etymotic%20ER2SE
Etymotic ER2SE	crinacle	711	crinacle/711%20in-ear/Etymotic%20ER2SE
Etymotic ER2SE	Filk		Filk/in-ear/Etymotic%20ER2SE
Etymotic ER2SE	freeryder05		freeryder05/in-ear/Etymotic%20ER2SE
Etymotic ER2SE	HypetheSonics	Bruel & Kjaer 5128	HypetheSonics/Bruel%20&%20Kjaer%205128%20in-ear/Etymotic%20ER2SE
Etymotic ER2SE	Jaytiss		Jaytiss/in-ear/Etymotic%20ER2SE
Etymotic ER2SE	oratory1990		oratory1990/in-ear/Etymotic%20ER2SE
Etymotic ER2SE	Super Review		Super%20Review/in-ear/Etymotic%20ER2SE
Etymotic ER2XR (brown filter)	Super Review		Super%20Review/in-ear/Etymotic%20ER2XR%20(brown%20filter)
Etymotic ER2XR (green filter)	Super Review		Super%20Review/in-ear/Etymotic%20ER2XR%20(green%20filter)
Etymotic ER2XR (white filter)	Super Review		Super%20Review/in-ear/Etymotic%20ER2XR%20(white%20filter)
Etymotic ER2XR	crinacle	711	crinacle/711%20in-ear/Etymotic%20ER2XR
Etymotic ER2XR	HypetheSonics	Bruel & Kjaer 5128	HypetheSonics/Bruel%20&%20Kjaer%205128%20in-ear/Etymotic%20ER2XR
Etymotic ER2XR	oratory1990		oratory1990/in-ear/Etymotic%20ER2XR
Etymotic ER2XR	Super Review		Super%20Review/in-ear/Etymotic%20ER2XR
Etymotic ER3SE 75 ohm	crinacle	711	crinacle/711%20in-ear/Etymotic%20ER3SE%2075%20ohm
Etymotic ER3SE	crinacle	711	crinacle/711%20in-ear/Etymotic%20ER3SE
Etymotic ER3SE	oratory1990		oratory1990/in-ear/Etymotic%20ER3SE
Etymotic ER3XR	crinacle	711	crinacle/711%20in-ear/Etymotic%20ER3XR
Etymotic ER3XR	Fahryst		Fahryst/in-ear/Etymotic%20ER3XR
Etymotic ER3XR	oratory1990		oratory1990/in-ear/Etymotic%20ER3XR
Etymotic ER4B	crinacle	711	crinacle/711%20in-ear/Etymotic%20ER4B
Etymotic ER4P	crinacle	711	crinacle/711%20in-ear/Etymotic%20ER4P
Etymotic ER4P	Headphone.com Legacy		Headphone.com%20Legacy/in-ear/Etymotic%20ER4P
Etymotic ER4S (CIEM)	crinacle	711	crinacle/711%20in-ear/Etymotic%20ER4S%20(CIEM)
Etymotic ER4S	crinacle	711	crinacle/711%20in-ear/Etymotic%20ER4S
Etymotic ER4S	Headphone.com Legacy		Headphone.com%20Legacy/in-ear/Etymotic%20ER4S
Etymotic ER4S	Super Review		Super%20Review/in-ear/Etymotic%20ER4S
Etymotic ER4SR	crinacle	711	crinacle/711%20in-ear/Etymotic%20ER4SR
Etymotic ER4SR	HypetheSonics	GRAS RA0045	HypetheSonics/GRAS%20RA0045%20in-ear/Etymotic%20ER4SR
Etymotic ER4SR	Innerfidelity		Innerfidelity/in-ear/Etymotic%20ER4SR
Etymotic ER4SR	oratory1990		oratory1990/in-ear/Etymotic%20ER4SR
Etymotic ER4XR (2-flange eartips)	Super Review		Super%20Review/in-ear/Etymotic%20ER4XR%20(2-flange%20eartips)
Etymotic ER4XR (3-flange eartips)	Super Review		Super%20Review/in-ear/Etymotic%20ER4XR%20(3-flange%20eartips)
Etymotic ER4XR (foam eartips)	Super Review		Super%20Review/in-ear/Etymotic%20ER4XR%20(foam%20eartips)
Etymotic ER4XR	crinacle	711	crinacle/711%20in-ear/Etymotic%20ER4XR
Etymotic ER4XR	HypetheSonics	Bruel & Kjaer 5128	HypetheSonics/Bruel%20&%20Kjaer%205128%20in-ear/Etymotic%20ER4XR
Etymotic ER4XR	Innerfidelity		Innerfidelity/in-ear/Etymotic%20ER4XR
Etymotic ER4XR	oratory1990		oratory1990/in-ear/Etymotic%20ER4XR
Etymotic ER4XR	Rtings	HMS II.3	Rtings/HMS%20II.3%20in-ear/Etymotic%20ER4XR
Etymotic ER6i	Headphone.com Legacy		Headphone.com%20Legacy/in-ear/Etymotic%20ER6i
Etymotic ERX (brown filter)	Super Review		Super%20Review/in-ear/Etymotic%20ERX%20(brown%20filter)
Etymotic ERX (green filter)	Super Review		Super%20Review/in-ear/Etymotic%20ERX%20(green%20filter)
Etymotic ERX	crinacle	Bruel & Kjaer 4620	crinacle/Bruel%20&%20Kjaer%204620%20in-ear/Etymotic%20ERX
Etymotic ETY Kids	Super Review		Super%20Review/in-ear/Etymotic%20ETY%20Kids
Etymotic Evo (2-flange eartips)	Super Review		Super%20Review/in-ear/Etymotic%20Evo%20(2-flange%20eartips)
Etymotic Evo (3-flange eartips)	Super Review		Super%20Review/in-ear/Etymotic%20Evo%20(3-flange%20eartips)
Etymotic EVO	crinacle	711	crinacle/711%20in-ear/Etymotic%20EVO
Etymotic EVO	oratory1990		oratory1990/in-ear/Etymotic%20EVO
Etymotic hf2	Headphone.com Legacy		Headphone.com%20Legacy/in-ear/Etymotic%20hf2
Etymotic hf3	Headphone.com Legacy		Headphone.com%20Legacy/in-ear/Etymotic%20hf3
Etymotic hf5	Headphone.com Legacy		Headphone.com%20Legacy/in-ear/Etymotic%20hf5
Etymotic hf5	oratory1990		oratory1990/in-ear/Etymotic%20hf5
Etymotic hf5	Rtings	HMS II.3	Rtings/HMS%20II.3%20in-ear/Etymotic%20hf5
Etymotic mc3	Headphone.com Legacy		Headphone.com%20Legacy/in-ear/Etymotic%20mc3
Etymotic mc3	Innerfidelity		Innerfidelity/in-ear/Etymotic%20mc3
Etymotic mc5	Headphone.com Legacy		Headphone.com%20Legacy/in-ear/Etymotic%20mc5
Etymotic mk5 Isolator	Super Review		Super%20Review/in-ear/Etymotic%20mk5%20Isolator
Etymotic Mk5	Innerfidelity		Innerfidelity/in-ear/Etymotic%20Mk5
FAAEAL Hibiscus	crinacle	711	crinacle/711%20in-ear/FAAEAL%20Hibiscus
FAAEAL Hibiscus	Hi End Portable		Hi%20End%20Portable/in-ear/FAAEAL%20Hibiscus
FAAEAL Iris	Super Review		Super%20Review/earbud/FAAEAL%20Iris
FAAEAL Snow Lotus	HypetheSonics		HypetheSonics/earbud/FAAEAL%20Snow%20Lotus
FAAEAL Tulip	ToneDeafMonk		ToneDeafMonk/in-ear/FAAEAL%20Tulip
Fairphone Fairbuds (flat eq, ANC Off)	DHRME		DHRME/in-ear/Fairphone%20Fairbuds%20(flat%20eq,%20ANC%20Off)
Fairphone Fairbuds (flat eq, ANC On)	DHRME		DHRME/in-ear/Fairphone%20Fairbuds%20(flat%20eq,%20ANC%20On)
Fairphone Fairbuds XL	oratory1990		oratory1990/over-ear/Fairphone%20Fairbuds%20XL
Fairphone Fairbuds XL	Rtings	HMS II.3	Rtings/HMS%20II.3%20over-ear/Fairphone%20Fairbuds%20XL
Fairphone Fairbuds	Rtings	Bruel & Kjaer 5128	Rtings/Bruel%20&%20Kjaer%205128%20in-ear/Fairphone%20Fairbuds
Fatfreq 20.6 (bass switch on)	crinacle	711	crinacle/711%20in-ear/Fatfreq%2020.6%20(bass%20switch%20on)
Fatfreq 20.6	crinacle	711	crinacle/711%20in-ear/Fatfreq%2020.6
Fatfreq 20.8	crinacle	711	crinacle/711%20in-ear/Fatfreq%2020.8
Fatfreq Eden	crinacle	711	crinacle/711%20in-ear/Fatfreq%20Eden
Fatfreq Grand Maestro (black module, down)	Jaytiss		Jaytiss/in-ear/Fatfreq%20Grand%20Maestro%20(black%20module,%20down)
Fatfreq Grand Maestro (black module, up)	Jaytiss		Jaytiss/in-ear/Fatfreq%20Grand%20Maestro%20(black%20module,%20up)
Fatfreq Grand Maestro (blue module, up)	Jaytiss		Jaytiss/in-ear/Fatfreq%20Grand%20Maestro%20(blue%20module,%20up)
Fatfreq Grand Maestro (bluemodule, down)	Jaytiss		Jaytiss/in-ear/Fatfreq%20Grand%20Maestro%20(bluemodule,%20down)
Fatfreq Grand Maestro (down)	Super Review		Super%20Review/in-ear/Fatfreq%20Grand%20Maestro%20(down)
Fatfreq Grand Maestro (up)	Super Review		Super%20Review/in-ear/Fatfreq%20Grand%20Maestro%20(up)
Fatfreq Hayabusa (bass)	crinacle	711	crinacle/711%20in-ear/Fatfreq%20Hayabusa%20(bass)
Fatfreq Hayabusa	crinacle	711	crinacle/711%20in-ear/Fatfreq%20Hayabusa
Fatfreq Maestro Mini	crinacle	711	crinacle/711%20in-ear/Fatfreq%20Maestro%20Mini
Fatfreq Maestro Mini	crinacle	Bruel & Kjaer 4620	crinacle/Bruel%20&%20Kjaer%204620%20in-ear/Fatfreq%20Maestro%20Mini
Fatfreq Maestro Mini	Jaytiss		Jaytiss/in-ear/Fatfreq%20Maestro%20Mini
Fatfreq Maestro SE	crinacle	711	crinacle/711%20in-ear/Fatfreq%20Maestro%20SE
Fatfreq Maestro SE	Jaytiss		Jaytiss/in-ear/Fatfreq%20Maestro%20SE
Fatfreq Maestro	crinacle	711	crinacle/711%20in-ear/Fatfreq%20Maestro
Fatfreq Musician Plus V2	crinacle	711	crinacle/711%20in-ear/Fatfreq%20Musician%20Plus%20V2
Fatfreq Musician Plus	crinacle	711	crinacle/711%20in-ear/Fatfreq%20Musician%20Plus
Fatfreq Musician Pro SE	crinacle	711	crinacle/711%20in-ear/Fatfreq%20Musician%20Pro%20SE
Fatfreq Musician Pro	crinacle	711	crinacle/711%20in-ear/Fatfreq%20Musician%20Pro
Fatfreq Musician	crinacle	711	crinacle/711%20in-ear/Fatfreq%20Musician
Fatfreq Reference Plus V2	crinacle	711	crinacle/711%20in-ear/Fatfreq%20Reference%20Plus%20V2
Fatfreq Reference Plus	crinacle	711	crinacle/711%20in-ear/Fatfreq%20Reference%20Plus
Fatfreq Reference Pro SE	crinacle	711	crinacle/711%20in-ear/Fatfreq%20Reference%20Pro%20SE
Fatfreq Reference Pro	crinacle	711	crinacle/711%20in-ear/Fatfreq%20Reference%20Pro
Fatfreq Reference	crinacle	711	crinacle/711%20in-ear/Fatfreq%20Reference
Fatfreq Sakura (bass switch on)	crinacle	711	crinacle/711%20in-ear/Fatfreq%20Sakura%20(bass%20switch%20on)
Fatfreq Sakura	crinacle	711	crinacle/711%20in-ear/Fatfreq%20Sakura
Fatfreq Scarlet Mini	crinacle	711	crinacle/711%20in-ear/Fatfreq%20Scarlet%20Mini
Fatfreq Scarlet Mini	crinacle	Bruel & Kjaer 4620	crinacle/Bruel%20&%20Kjaer%204620%20in-ear/Fatfreq%20Scarlet%20Mini
Fatfreq Scarlet Mini	Hi End Portable		Hi%20End%20Portable/in-ear/Fatfreq%20Scarlet%20Mini
Fatfreq Scarlet Mini	Jaytiss		Jaytiss/in-ear/Fatfreq%20Scarlet%20Mini
Fatfreq Scarlet Mini	Kazi		Kazi/in-ear/Fatfreq%20Scarlet%20Mini
Fatfreq Scarlet Mini	kr0mka		kr0mka/in-ear/Fatfreq%20Scarlet%20Mini
Fatfreq Scarlet Mini	ToneDeafMonk		ToneDeafMonk/in-ear/Fatfreq%20Scarlet%20Mini
Fatfreq Tsuru	crinacle	711	crinacle/711%20in-ear/Fatfreq%20Tsuru
Fatfreq x Effect Audio Quantum	Jaytiss		Jaytiss/in-ear/Fatfreq%20x%20Effect%20Audio%20Quantum
Fatfreq x HBB Deuce	Jaytiss		Jaytiss/in-ear/Fatfreq%20x%20HBB%20Deuce
Fatfreq x HBB Deuce	Super Review		Super%20Review/in-ear/Fatfreq%20x%20HBB%20Deuce
Fatfreq x HBB Deuce	ToneDeafMonk		ToneDeafMonk/in-ear/Fatfreq%20x%20HBB%20Deuce
FAudio Chorus	crinacle	711	crinacle/711%20in-ear/FAudio%20Chorus
FAudio Dark Sky	crinacle	711	crinacle/711%20in-ear/FAudio%20Dark%20Sky
FAudio Mezzo (off-off-off)	crinacle	711	crinacle/711%20in-ear/FAudio%20Mezzo%20(off-off-off)
FAudio Mezzo (off-off-on)	crinacle	711	crinacle/711%20in-ear/FAudio%20Mezzo%20(off-off-on)
FAudio Mezzo (off-on-off)	crinacle	711	crinacle/711%20in-ear/FAudio%20Mezzo%20(off-on-off)
FAudio Mezzo (off-on-on)	crinacle	711	crinacle/711%20in-ear/FAudio%20Mezzo%20(off-on-on)
FAudio Mezzo (on-off-off)	crinacle	711	crinacle/711%20in-ear/FAudio%20Mezzo%20(on-off-off)
FAudio Mezzo (on-on-off)	crinacle	711	crinacle/711%20in-ear/FAudio%20Mezzo%20(on-on-off)
FAudio Mezzo (on-on-on)	crinacle	711	crinacle/711%20in-ear/FAudio%20Mezzo%20(on-on-on)
FAudio Minor	crinacle	711	crinacle/711%20in-ear/FAudio%20Minor
Fearless Audio ACME 8	crinacle	711	crinacle/711%20in-ear/Fearless%20Audio%20ACME%208
Fearless Audio Barcelona	crinacle	711	crinacle/711%20in-ear/Fearless%20Audio%20Barcelona
Fearless Audio Crystal Ball	crinacle	711	crinacle/711%20in-ear/Fearless%20Audio%20Crystal%20Ball
Fearless Audio Dawn	crinacle	711	crinacle/711%20in-ear/Fearless%20Audio%20Dawn
Fearless Audio Dawn	crinacle	Bruel & Kjaer 4620	crinacle/Bruel%20&%20Kjaer%204620%20in-ear/Fearless%20Audio%20Dawn
Fearless Audio HyperS 12	crinacle	711	crinacle/711%20in-ear/Fearless%20Audio%20HyperS%2012
Fearless Audio La Hire	crinacle	711	crinacle/711%20in-ear/Fearless%20Audio%20La%20Hire
Fearless Audio Lancelot	crinacle	711	crinacle/711%20in-ear/Fearless%20Audio%20Lancelot
Fearless Audio Provence	crinacle	711	crinacle/711%20in-ear/Fearless%20Audio%20Provence
Fearless Audio Roland	crinacle	711	crinacle/711%20in-ear/Fearless%20Audio%20Roland
Fearless Audio S10 Genie	crinacle	711	crinacle/711%20in-ear/Fearless%20Audio%20S10%20Genie
Fearless Audio S4	crinacle	711	crinacle/711%20in-ear/Fearless%20Audio%20S4
Fearless Audio S5H	crinacle	711	crinacle/711%20in-ear/Fearless%20Audio%20S5H
Fearless Audio S5T	crinacle	711	crinacle/711%20in-ear/Fearless%20Audio%20S5T
Fearless Audio S6Pro	crinacle	711	crinacle/711%20in-ear/Fearless%20Audio%20S6Pro
Fearless Audio S6Rui	crinacle	711	crinacle/711%20in-ear/Fearless%20Audio%20S6Rui
Fearless Audio S8F	crinacle	711	crinacle/711%20in-ear/Fearless%20Audio%20S8F
Fearless Audio S8Pro	crinacle	711	crinacle/711%20in-ear/Fearless%20Audio%20S8Pro
Fearless Audio S8Pro	freeryder05		freeryder05/in-ear/Fearless%20Audio%20S8Pro
Fearless Audio S8Pro	HypetheSonics	GRAS RA0045	HypetheSonics/GRAS%20RA0045%20in-ear/Fearless%20Audio%20S8Pro
Fearless Audio S8Z	crinacle	711	crinacle/711%20in-ear/Fearless%20Audio%20S8Z
Fearless Audio Shangri-la	crinacle	711	crinacle/711%20in-ear/Fearless%20Audio%20Shangri-la
Fearless Audio Start	crinacle	711	crinacle/711%20in-ear/Fearless%20Audio%20Start
Fearless Audio Tequila	crinacle	711	crinacle/711%20in-ear/Fearless%20Audio%20Tequila
Fender FXA6	Innerfidelity		Innerfidelity/in-ear/Fender%20FXA6
Fender FXA9	crinacle	711	crinacle/711%20in-ear/Fender%20FXA9
Fender Ten 5	crinacle	711	crinacle/711%20in-ear/Fender%20Ten%205
Fender Thirteen 6	crinacle	711	crinacle/711%20in-ear/Fender%20Thirteen%206
Fengru EMX500	HypetheSonics		HypetheSonics/earbud/Fengru%20EMX500
Fengru HE-200	crinacle	711	crinacle/711%20in-ear/Fengru%20HE-200
Fidue A31s	Innerfidelity		Innerfidelity/in-ear/Fidue%20A31s
Fidue A63	Innerfidelity		Innerfidelity/in-ear/Fidue%20A63
Fidue A65	Innerfidelity		Innerfidelity/in-ear/Fidue%20A65
Fidue A71	crinacle	711	crinacle/711%20in-ear/Fidue%20A71
Fidue A71	Innerfidelity		Innerfidelity/in-ear/Fidue%20A71
Fidue A81	Innerfidelity		Innerfidelity/in-ear/Fidue%20A81
Fidue A83	Innerfidelity		Innerfidelity/in-ear/Fidue%20A83
Fidue A91 Sirius (CIEM)	crinacle	711	crinacle/711%20in-ear/Fidue%20A91%20Sirius%20(CIEM)
Fidue A91 Sirius	crinacle	711	crinacle/711%20in-ear/Fidue%20A91%20Sirius
Fifine Ampligame H3	Auriculares Argentina		Auriculares%20Argentina/over-ear/Fifine%20Ampligame%20H3
Fifine Ampligame H6 (game)	Auriculares Argentina		Auriculares%20Argentina/over-ear/Fifine%20Ampligame%20H6%20(game)
Fifine Ampligame H6 (movie)	Auriculares Argentina		Auriculares%20Argentina/over-ear/Fifine%20Ampligame%20H6%20(movie)
Fifine Ampligame H6 (music)	Auriculares Argentina		Auriculares%20Argentina/over-ear/Fifine%20Ampligame%20H6%20(music)
FIIL GS (ANC off)	Regan Cipher		Regan%20Cipher/earbud/FIIL%20GS%20(ANC%20off)
FIIL Key Pro (ANC off)	Regan Cipher		Regan%20Cipher/in-ear/FIIL%20Key%20Pro%20(ANC%20off)
FIIL Key Pro (ANC on)	Regan Cipher		Regan%20Cipher/in-ear/FIIL%20Key%20Pro%20(ANC%20on)
FIIL Key	Regan Cipher		Regan%20Cipher/in-ear/FIIL%20Key
FIIL T1 Lite TWS (bass EQ)	RikudouGoku		RikudouGoku/in-ear/FIIL%20T1%20Lite%20TWS%20(bass%20EQ)
FIIL T1 Lite TWS (default EQ)	RikudouGoku		RikudouGoku/in-ear/FIIL%20T1%20Lite%20TWS%20(default%20EQ)
FIIL T1 Lite TWS (treble EQ)	RikudouGoku		RikudouGoku/in-ear/FIIL%20T1%20Lite%20TWS%20(treble%20EQ)
FIIL T1X	Rtings	HMS II.3	Rtings/HMS%20II.3%20in-ear/FIIL%20T1X
FiiO EH3	crinacle	EARS + 711	crinacle/EARS%20+%20711%20over-ear/FiiO%20EH3
FiiO EH3	crinacle	GRAS 43AG-7	crinacle/GRAS%2043AG-7%20over-ear/FiiO%20EH3
FiiO F3	crinacle	711	crinacle/711%20in-ear/FiiO%20F3
FiiO F3	oratory1990		oratory1990/in-ear/FiiO%20F3
FiiO F5	crinacle	711	crinacle/711%20in-ear/FiiO%20F5
FiiO F9 Pro	crinacle	711	crinacle/711%20in-ear/FiiO%20F9%20Pro
FiiO F9	crinacle	711	crinacle/711%20in-ear/FiiO%20F9
FiiO F9	Fahryst		Fahryst/in-ear/FiiO%20F9
FiiO FA1	crinacle	711	crinacle/711%20in-ear/FiiO%20FA1
FiiO FA1	Super Review		Super%20Review/in-ear/FiiO%20FA1
FiiO FA19 (off)	Super Review		Super%20Review/in-ear/FiiO%20FA19%20(off)
FiiO FA19 (on)	Super Review		Super%20Review/in-ear/FiiO%20FA19%20(on)
FiiO FA7	crinacle	711	crinacle/711%20in-ear/FiiO%20FA7
FiiO FA7	oratory1990		oratory1990/in-ear/FiiO%20FA7
FiiO FA7S	crinacle	711	crinacle/711%20in-ear/FiiO%20FA7S
FiiO FA9	crinacle	711	crinacle/711%20in-ear/FiiO%20FA9
FiiO FA9	oratory1990		oratory1990/in-ear/FiiO%20FA9
FiiO FD1	crinacle	711	crinacle/711%20in-ear/FiiO%20FD1
FiiO FD11	Fahryst		Fahryst/in-ear/FiiO%20FD11
FiiO FD11	Super Review		Super%20Review/in-ear/FiiO%20FD11
FiiO FD15	Jaytiss		Jaytiss/in-ear/FiiO%20FD15
FiiO FD3 (bass eartips)	Super Review		Super%20Review/in-ear/FiiO%20FD3%20(bass%20eartips)
FiiO FD3 (black nozzle)	Super Review		Super%20Review/in-ear/FiiO%20FD3%20(black%20nozzle)
FiiO FD3 (foam eartips)	Super Review		Super%20Review/in-ear/FiiO%20FD3%20(foam%20eartips)
FiiO FD3 (stock nozzle)	Super Review		Super%20Review/in-ear/FiiO%20FD3%20(stock%20nozzle)
FiiO FD3 (vocal eartips)	Super Review		Super%20Review/in-ear/FiiO%20FD3%20(vocal%20eartips)
FiiO FD5 (narrow nozzle)	RikudouGoku		RikudouGoku/in-ear/FiiO%20FD5%20(narrow%20nozzle)
FiiO FD5 (narrow nozzle, 3-flange eartips)	Super Review		Super%20Review/in-ear/FiiO%20FD5%20(narrow%20nozzle,%203-flange%20eartips)
FiiO FD5 (stock nozzle)	RikudouGoku		RikudouGoku/in-ear/FiiO%20FD5%20(stock%20nozzle)
FiiO FD5 (stock nozzle)	Super Review		Super%20Review/in-ear/FiiO%20FD5%20(stock%20nozzle)
FiiO FD5	crinacle	711	crinacle/711%20in-ear/FiiO%20FD5
FiiO FD7 (balanced nozzle)	Super Review		Super%20Review/in-ear/FiiO%20FD7%20(balanced%20nozzle)
FiiO FD7 (balanced)	Super Review		Super%20Review/in-ear/FiiO%20FD7%20(balanced)
FiiO FD7 (bass nozzle, 3-flange eartips)	Super Review		Super%20Review/in-ear/FiiO%20FD7%20(bass%20nozzle,%203-flange%20eartips)
FiiO FD7 (treble nozzle)	Super Review		Super%20Review/in-ear/FiiO%20FD7%20(treble%20nozzle)
FiiO FD7	crinacle	711	crinacle/711%20in-ear/FiiO%20FD7
FiiO FD7	Kazi		Kazi/in-ear/FiiO%20FD7
FiiO FD7	Super Review		Super%20Review/in-ear/FiiO%20FD7
FiiO FDX	Fahryst		Fahryst/in-ear/FiiO%20FDX
FiiO FF1 (black)	Super Review		Super%20Review/earbud/FiiO%20FF1%20(black)
FiiO FF1 (foam)	Super Review		Super%20Review/earbud/FiiO%20FF1%20(foam)
FiiO FF1 (no foam)	Super Review		Super%20Review/earbud/FiiO%20FF1%20(no%20foam)
FiiO FF1 (white)	Super Review		Super%20Review/earbud/FiiO%20FF1%20(white)
FiiO FF1	kr0mka		kr0mka/earbud/FiiO%20FF1
FiiO FH1	crinacle	711	crinacle/711%20in-ear/FiiO%20FH1
FiiO FH1	Hi End Portable		Hi%20End%20Portable/in-ear/FiiO%20FH1
FiiO FH1	Super Review		Super%20Review/in-ear/FiiO%20FH1
FiiO FH11	Super Review		Super%20Review/in-ear/FiiO%20FH11
FiiO FH15 (balanced nozzle)	Super Review		Super%20Review/in-ear/FiiO%20FH15%20(balanced%20nozzle)
FiiO FH15 (bass nozzle)	Super Review		Super%20Review/in-ear/FiiO%20FH15%20(bass%20nozzle)
FiiO FH15 (treble nozzle)	Super Review		Super%20Review/in-ear/FiiO%20FH15%20(treble%20nozzle)
FiiO FH1s	crinacle	711	crinacle/711%20in-ear/FiiO%20FH1s
FiiO FH3	crinacle	711	crinacle/711%20in-ear/FiiO%20FH3
FiiO FH3	crinacle	Bruel & Kjaer 4620	crinacle/Bruel%20&%20Kjaer%204620%20in-ear/FiiO%20FH3
FiiO FH3	HypetheSonics	GRAS RA0045	HypetheSonics/GRAS%20RA0045%20in-ear/FiiO%20FH3
FiiO FH3	RikudouGoku		RikudouGoku/in-ear/FiiO%20FH3
FiiO FH3	Super Review		Super%20Review/in-ear/FiiO%20FH3
FiiO FH5	crinacle	711	crinacle/711%20in-ear/FiiO%20FH5
FiiO FH5	Harpo		Harpo/in-ear/FiiO%20FH5
FiiO FH5	oratory1990		oratory1990/in-ear/FiiO%20FH5
FiiO FH5	Super Review		Super%20Review/in-ear/FiiO%20FH5
FiiO FH5s (off-off-off)	RikudouGoku		RikudouGoku/in-ear/FiiO%20FH5s%20(off-off-off)
FiiO FH5s (off-off-off)	Super Review		Super%20Review/in-ear/FiiO%20FH5s%20(off-off-off)
FiiO FH5s (off-off-on)	crinacle	711	crinacle/711%20in-ear/FiiO%20FH5s%20(off-off-on)
FiiO FH5s (off-off-on)	crinacle	Bruel & Kjaer 4620	crinacle/Bruel%20&%20Kjaer%204620%20in-ear/FiiO%20FH5s%20(off-off-on)
FiiO FH5s (off-off-on)	RikudouGoku		RikudouGoku/in-ear/FiiO%20FH5s%20(off-off-on)
FiiO FH5s (off-off-on)	Super Review		Super%20Review/in-ear/FiiO%20FH5s%20(off-off-on)
FiiO FH5s (off-on-off)	crinacle	711	crinacle/711%20in-ear/FiiO%20FH5s%20(off-on-off)
FiiO FH5s (off-on-off)	crinacle	Bruel & Kjaer 4620	crinacle/Bruel%20&%20Kjaer%204620%20in-ear/FiiO%20FH5s%20(off-on-off)
FiiO FH5s (off-on-off)	RikudouGoku		RikudouGoku/in-ear/FiiO%20FH5s%20(off-on-off)
FiiO FH5s (off-on-off)	Super Review		Super%20Review/in-ear/FiiO%20FH5s%20(off-on-off)
FiiO FH5s (off-on-on)	RikudouGoku		RikudouGoku/in-ear/FiiO%20FH5s%20(off-on-on)
FiiO FH5s (on-off-off)	crinacle	711	crinacle/711%20in-ear/FiiO%20FH5s%20(on-off-off)
FiiO FH5s (on-off-off)	crinacle	Bruel & Kjaer 4620	crinacle/Bruel%20&%20Kjaer%204620%20in-ear/FiiO%20FH5s%20(on-off-off)
FiiO FH5s (on-off-off)	RikudouGoku		RikudouGoku/in-ear/FiiO%20FH5s%20(on-off-off)
FiiO FH5s (on-off-off)	Super Review		Super%20Review/in-ear/FiiO%20FH5s%20(on-off-off)
FiiO FH5s (on-off-on)	RikudouGoku		RikudouGoku/in-ear/FiiO%20FH5s%20(on-off-on)
FiiO FH5s (on-on-off)	RikudouGoku		RikudouGoku/in-ear/FiiO%20FH5s%20(on-on-off)
FiiO FH5s (on-on-on)	crinacle	711	crinacle/711%20in-ear/FiiO%20FH5s%20(on-on-on)
FiiO FH5s (on-on-on)	RikudouGoku		RikudouGoku/in-ear/FiiO%20FH5s%20(on-on-on)
FiiO FH5s (on-on-on)	Super Review		Super%20Review/in-ear/FiiO%20FH5s%20(on-on-on)
FiiO FH5s	crinacle	711	crinacle/711%20in-ear/FiiO%20FH5s
FiiO FH5s	crinacle	Bruel & Kjaer 4620	crinacle/Bruel%20&%20Kjaer%204620%20in-ear/FiiO%20FH5s
FiiO FH5s	ToneDeafMonk		ToneDeafMonk/in-ear/FiiO%20FH5s
FiiO FH7 (bass nozzle)	HypetheSonics	GRAS RA0045	HypetheSonics/GRAS%20RA0045%20in-ear/FiiO%20FH7%20(bass%20nozzle)
FiiO FH7 (reference nozzle)	HypetheSonics	GRAS RA0045	HypetheSonics/GRAS%20RA0045%20in-ear/FiiO%20FH7%20(reference%20nozzle)
FiiO FH7 (treble nozzle)	HypetheSonics	GRAS RA0045	HypetheSonics/GRAS%20RA0045%20in-ear/FiiO%20FH7%20(treble%20nozzle)
FiiO FH7	crinacle	711	crinacle/711%20in-ear/FiiO%20FH7
FiiO FH7s (balanced nozzle)	Super Review		Super%20Review/in-ear/FiiO%20FH7s%20(balanced%20nozzle)
FiiO FH7s (bass nozzle)	Super Review		Super%20Review/in-ear/FiiO%20FH7s%20(bass%20nozzle)
FiiO FH7s (treble nozzle)	Super Review		Super%20Review/in-ear/FiiO%20FH7s%20(treble%20nozzle)
FiiO FH7S	oratory1990		oratory1990/in-ear/FiiO%20FH7S
FiiO FH9 (black filter)	crinacle	711	crinacle/711%20in-ear/FiiO%20FH9%20(black%20filter)
FiiO FH9 (black filter)	crinacle	Bruel & Kjaer 4620	crinacle/Bruel%20&%20Kjaer%204620%20in-ear/FiiO%20FH9%20(black%20filter)
FiiO FH9 (green filter)	crinacle	711	crinacle/711%20in-ear/FiiO%20FH9%20(green%20filter)
FiiO FH9 (green filter)	crinacle	Bruel & Kjaer 4620	crinacle/Bruel%20&%20Kjaer%204620%20in-ear/FiiO%20FH9%20(green%20filter)
FiiO FH9 (red filter)	crinacle	711	crinacle/711%20in-ear/FiiO%20FH9%20(red%20filter)
FiiO FH9 (red filter)	crinacle	Bruel & Kjaer 4620	crinacle/Bruel%20&%20Kjaer%204620%20in-ear/FiiO%20FH9%20(red%20filter)
FiiO FHE Eclipse	crinacle	711	crinacle/711%20in-ear/FiiO%20FHE%20Eclipse
FiiO FHE Eclipse	crinacle	Bruel & Kjaer 4620	crinacle/Bruel%20&%20Kjaer%204620%20in-ear/FiiO%20FHE%20Eclipse
FiiO FHE Eclipse	Super Review		Super%20Review/in-ear/FiiO%20FHE%20Eclipse
FiiO FP3	Jaytiss		Jaytiss/in-ear/FiiO%20FP3
FiiO FT1 Pro	Kuulokenurkka		Kuulokenurkka/over-ear/FiiO%20FT1%20Pro
FiiO FT1 Pro	oratory1990		oratory1990/over-ear/FiiO%20FT1%20Pro
FiiO FT1 Pro	Super Review		Super%20Review/over-ear/FiiO%20FT1%20Pro
FiiO FT1	oratory1990		oratory1990/over-ear/FiiO%20FT1
FiiO FT1	Super Review		Super%20Review/over-ear/FiiO%20FT1
FiiO FT3 (pleather earpads)	Kuulokenurkka		Kuulokenurkka/over-ear/FiiO%20FT3%20(pleather%20earpads)
FiiO FT3 (pleather earpads)	oratory1990		oratory1990/over-ear/FiiO%20FT3%20(pleather%20earpads)
FiiO FT3 (suede earpads)	Kuulokenurkka		Kuulokenurkka/over-ear/FiiO%20FT3%20(suede%20earpads)
FiiO FT3 (suede earpads)	oratory1990		oratory1990/over-ear/FiiO%20FT3%20(suede%20earpads)
FiiO FT5 (pleather earpads)	kr0mka		kr0mka/over-ear/FiiO%20FT5%20(pleather%20earpads)
FiiO FT5 (pleather earpads)	Kuulokenurkka		Kuulokenurkka/over-ear/FiiO%20FT5%20(pleather%20earpads)
FiiO FT5 (pleather earpads)	oratory1990		oratory1990/over-ear/FiiO%20FT5%20(pleather%20earpads)
FiiO FT5 (pleather earpads)	Super Review		Super%20Review/over-ear/FiiO%20FT5%20(pleather%20earpads)
FiiO FT5 (suede earpads)	kr0mka		kr0mka/over-ear/FiiO%20FT5%20(suede%20earpads)
FiiO FT5 (suede earpads)	Kuulokenurkka		Kuulokenurkka/over-ear/FiiO%20FT5%20(suede%20earpads)
FiiO FT5 (suede earpads)	oratory1990		oratory1990/over-ear/FiiO%20FT5%20(suede%20earpads)
FiiO FT5 (suede earpads)	Super Review		Super%20Review/over-ear/FiiO%20FT5%20(suede%20earpads)
FiiO FT7 (fabric earpads)	Kuulokenurkka		Kuulokenurkka/over-ear/FiiO%20FT7%20(fabric%20earpads)
FiiO FT7 (fabric earpads)	Super Review		Super%20Review/over-ear/FiiO%20FT7%20(fabric%20earpads)
FiiO FT7 (leather earpads)	Kuulokenurkka		Kuulokenurkka/over-ear/FiiO%20FT7%20(leather%20earpads)
FiiO FT7 (leather earpads)	Super Review		Super%20Review/over-ear/FiiO%20FT7%20(leather%20earpads)
FiiO FW5	Super Review		Super%20Review/in-ear/FiiO%20FW5
FiiO FX15 (off)	Super Review		Super%20Review/in-ear/FiiO%20FX15%20(off)
FiiO FX15 (on)	Super Review		Super%20Review/in-ear/FiiO%20FX15%20(on)
FiiO JD1	Jaytiss		Jaytiss/in-ear/FiiO%20JD1
FiiO JD10	Jaytiss		Jaytiss/in-ear/FiiO%20JD10
FiiO JH5	Super Review		Super%20Review/in-ear/FiiO%20JH5
FiiO Snowsky Wind	Kuulokenurkka		Kuulokenurkka/over-ear/FiiO%20Snowsky%20Wind
FiiO x JadeAudio JD3	Kazi		Kazi/in-ear/FiiO%20x%20JadeAudio%20JD3
Final Audio A3000	crinacle	711	crinacle/711%20in-ear/Final%20Audio%20A3000
Final Audio A4000	crinacle	711	crinacle/711%20in-ear/Final%20Audio%20A4000
Final Audio A4000	Super Review		Super%20Review/in-ear/Final%20Audio%20A4000
Final Audio A5000	freeryder05		freeryder05/in-ear/Final%20Audio%20A5000
Final Audio A8000	crinacle	711	crinacle/711%20in-ear/Final%20Audio%20A8000
Final Audio A8000	HypetheSonics	Bruel & Kjaer 5128	HypetheSonics/Bruel%20&%20Kjaer%205128%20in-ear/Final%20Audio%20A8000
Final Audio A8000	Kazi		Kazi/in-ear/Final%20Audio%20A8000
Final Audio A8000	oratory1990		oratory1990/in-ear/Final%20Audio%20A8000
Final Audio Adagio III	Innerfidelity		Innerfidelity/in-ear/Final%20Audio%20Adagio%20III
Final Audio Adagio III	oratory1990		oratory1990/in-ear/Final%20Audio%20Adagio%20III
Final Audio B1	crinacle	711	crinacle/711%20in-ear/Final%20Audio%20B1
Final Audio B2	crinacle	711	crinacle/711%20in-ear/Final%20Audio%20B2
Final Audio B3 (Final Audio TWS eartips)	Super Review		Super%20Review/in-ear/Final%20Audio%20B3%20(Final%20Audio%20TWS%20eartips)
Final Audio B3 (Final Audio Type E eartips)	Super Review		Super%20Review/in-ear/Final%20Audio%20B3%20(Final%20Audio%20Type%20E%20eartips)
Final Audio B3	crinacle	711	crinacle/711%20in-ear/Final%20Audio%20B3
Final Audio B3	Jaytiss		Jaytiss/in-ear/Final%20Audio%20B3
Final Audio D7000	kr0mka		kr0mka/over-ear/Final%20Audio%20D7000
Final Audio D8000 Pro Edition	crinacle	GRAS 43AG-7	crinacle/GRAS%2043AG-7%20over-ear/Final%20Audio%20D8000%20Pro%20Edition
Final Audio D8000 Pro Edition	oratory1990		oratory1990/over-ear/Final%20Audio%20D8000%20Pro%20Edition
Final Audio D8000	crinacle	EARS + 711	crinacle/EARS%20+%20711%20over-ear/Final%20Audio%20D8000
Final Audio D8000	crinacle	GRAS 43AG-7	crinacle/GRAS%2043AG-7%20over-ear/Final%20Audio%20D8000
Final Audio E1000 (Final Audio Type E eartips)	Super Review		Super%20Review/in-ear/Final%20Audio%20E1000%20(Final%20Audio%20Type%20E%20eartips)
Final Audio E1000	Auriculares Argentina		Auriculares%20Argentina/in-ear/Final%20Audio%20E1000
Final Audio E1000	crinacle	711	crinacle/711%20in-ear/Final%20Audio%20E1000
Final Audio E1000	Kazi		Kazi/in-ear/Final%20Audio%20E1000
Final Audio E1000	kr0mka		kr0mka/in-ear/Final%20Audio%20E1000
Final Audio E1000	oratory1990		oratory1990/in-ear/Final%20Audio%20E1000
Final Audio E1000	RikudouGoku		RikudouGoku/in-ear/Final%20Audio%20E1000
Final Audio E2000	crinacle	711	crinacle/711%20in-ear/Final%20Audio%20E2000
Final Audio E2000	HypetheSonics	Bruel & Kjaer 5128	HypetheSonics/Bruel%20&%20Kjaer%205128%20in-ear/Final%20Audio%20E2000
Final Audio E2000	RikudouGoku		RikudouGoku/in-ear/Final%20Audio%20E2000
Final Audio E2000	Super Review		Super%20Review/in-ear/Final%20Audio%20E2000
Final Audio E3000	crinacle	711	crinacle/711%20in-ear/Final%20Audio%20E3000
Final Audio E3000	Fahryst		Fahryst/in-ear/Final%20Audio%20E3000
Final Audio E3000	Harpo		Harpo/in-ear/Final%20Audio%20E3000
Final Audio E3000	Kazi		Kazi/in-ear/Final%20Audio%20E3000
Final Audio E3000	oratory1990		oratory1990/in-ear/Final%20Audio%20E3000
Final Audio E3000	RikudouGoku		RikudouGoku/in-ear/Final%20Audio%20E3000
Final Audio E4000	crinacle	711	crinacle/711%20in-ear/Final%20Audio%20E4000
Final Audio E4000	HypetheSonics	GRAS RA0045	HypetheSonics/GRAS%20RA0045%20in-ear/Final%20Audio%20E4000
Final Audio E4000	oratory1990		oratory1990/in-ear/Final%20Audio%20E4000
Final Audio E4000	RikudouGoku		RikudouGoku/in-ear/Final%20Audio%20E4000
Final Audio E500	Kazi		Kazi/in-ear/Final%20Audio%20E500
Final Audio E500	oratory1990		oratory1990/in-ear/Final%20Audio%20E500
Final Audio E500	RikudouGoku		RikudouGoku/in-ear/Final%20Audio%20E500
Final Audio E500	Super Review		Super%20Review/in-ear/Final%20Audio%20E500
Final Audio E5000	crinacle	711	crinacle/711%20in-ear/Final%20Audio%20E5000
Final Audio E5000	HypetheSonics	GRAS RA0045	HypetheSonics/GRAS%20RA0045%20in-ear/Final%20Audio%20E5000
Final Audio E5000	Kazi		Kazi/in-ear/Final%20Audio%20E5000
Final Audio E5000	oratory1990		oratory1990/in-ear/Final%20Audio%20E5000
Final Audio E5000	RikudouGoku		RikudouGoku/in-ear/Final%20Audio%20E5000
Final Audio EVA2020	RikudouGoku		RikudouGoku/in-ear/Final%20Audio%20EVA2020
Final Audio F3100	oratory1990		oratory1990/in-ear/Final%20Audio%20F3100
Final Audio F3100	RikudouGoku		RikudouGoku/in-ear/Final%20Audio%20F3100
Final Audio F4100	crinacle	711	crinacle/711%20in-ear/Final%20Audio%20F4100
Final Audio F7200	crinacle	711	crinacle/711%20in-ear/Final%20Audio%20F7200
Final Audio F7200	HypetheSonics	GRAS RA0045	HypetheSonics/GRAS%20RA0045%20in-ear/Final%20Audio%20F7200
Final Audio FI-DO6SS ANT20	crinacle	711	crinacle/711%20in-ear/Final%20Audio%20FI-DO6SS%20ANT20
Final Audio Heaven 4	crinacle	711	crinacle/711%20in-ear/Final%20Audio%20Heaven%204
Final Audio Heaven 7	crinacle	711	crinacle/711%20in-ear/Final%20Audio%20Heaven%207
Final Audio Heaven 8	crinacle	711	crinacle/711%20in-ear/Final%20Audio%20Heaven%208
Final Audio Heaven A	Innerfidelity		Innerfidelity/in-ear/Final%20Audio%20Heaven%20A
Final Audio Heaven II	Innerfidelity		Innerfidelity/in-ear/Final%20Audio%20Heaven%20II
Final Audio Heaven III	crinacle	711	crinacle/711%20in-ear/Final%20Audio%20Heaven%20III
Final Audio Heaven IV	oratory1990		oratory1990/in-ear/Final%20Audio%20Heaven%20IV
Final Audio Heaven S	crinacle	711	crinacle/711%20in-ear/Final%20Audio%20Heaven%20S
Final Audio Heaven S	Innerfidelity		Innerfidelity/in-ear/Final%20Audio%20Heaven%20S
Final Audio Heaven V	oratory1990		oratory1990/in-ear/Final%20Audio%20Heaven%20V
Final Audio Lab 1 Fit 1	crinacle	711	crinacle/711%20in-ear/Final%20Audio%20Lab%201%20Fit%201
Final Audio Lab 1 Fit 2	crinacle	711	crinacle/711%20in-ear/Final%20Audio%20Lab%201%20Fit%202
Final Audio Lab 1	crinacle	711	crinacle/711%20in-ear/Final%20Audio%20Lab%201
Final Audio Make 2	crinacle	711	crinacle/711%20in-ear/Final%20Audio%20Make%202
Final Audio Pandora Hope 4	Innerfidelity		Innerfidelity/over-ear/Final%20Audio%20Pandora%20Hope%204
Final Audio Sonorous III	HypetheSonics		HypetheSonics/over-ear/Final%20Audio%20Sonorous%20III
Final Audio Sonorous IV (A-type earpads)	oratory1990		oratory1990/over-ear/Final%20Audio%20Sonorous%20IV%20(A-type%20earpads)
Final Audio Sonorous VIII	crinacle	GRAS 43AG-7	crinacle/GRAS%2043AG-7%20over-ear/Final%20Audio%20Sonorous%20VIII
Final Audio Sonorous X	crinacle	GRAS 43AG-7	crinacle/GRAS%2043AG-7%20over-ear/Final%20Audio%20Sonorous%20X
Final Audio Sonorous X	HypetheSonics		HypetheSonics/over-ear/Final%20Audio%20Sonorous%20X
Final Audio UX3000 (Bluetooth, ANC on)	oratory1990		oratory1990/over-ear/Final%20Audio%20UX3000%20(Bluetooth,%20ANC%20on)
Final Audio UX3000 SV (analog connection)	Super Review		Super%20Review/over-ear/Final%20Audio%20UX3000%20SV%20(analog%20connection)
Final Audio UX3000 SV (ANC off)	Super Review		Super%20Review/over-ear/Final%20Audio%20UX3000%20SV%20(ANC%20off)
Final Audio UX3000 SV (ANC on)	Super Review		Super%20Review/over-ear/Final%20Audio%20UX3000%20SV%20(ANC%20on)
Final Audio UX3000	Super Review		Super%20Review/over-ear/Final%20Audio%20UX3000
Final Audio VR2000	Kazi		Kazi/in-ear/Final%20Audio%20VR2000
Final Audio VR3000	Kazi		Kazi/in-ear/Final%20Audio%20VR3000
Final Audio VR3000	RikudouGoku		RikudouGoku/in-ear/Final%20Audio%20VR3000
Final Audio VR3000	Super Review		Super%20Review/in-ear/Final%20Audio%20VR3000
Final Audio ZE3000	Harpo		Harpo/in-ear/Final%20Audio%20ZE3000
Final Audio ZE3000	Kazi		Kazi/in-ear/Final%20Audio%20ZE3000
Final Audio ZE8000	Kazi		Kazi/in-ear/Final%20Audio%20ZE8000
fineEars TSH-HR1000K	crinacle	711	crinacle/711%20in-ear/fineEars%20TSH-HR1000K
Fir Audio e10	Jaytiss		Jaytiss/in-ear/Fir%20Audio%20e10
Fir Audio e12	HypetheSonics	GRAS RA0045	HypetheSonics/GRAS%20RA0045%20in-ear/Fir%20Audio%20e12
Fir Audio e12	Jaytiss		Jaytiss/in-ear/Fir%20Audio%20e12
Fir Audio Krypton 5	crinacle	711	crinacle/711%20in-ear/Fir%20Audio%20Krypton%205
Fir Audio Krypton 5	HypetheSonics	GRAS RA0045	HypetheSonics/GRAS%20RA0045%20in-ear/Fir%20Audio%20Krypton%205
Fir Audio M2	crinacle	711	crinacle/711%20in-ear/Fir%20Audio%20M2
Fir Audio M2	HypetheSonics	GRAS RA0045	HypetheSonics/GRAS%20RA0045%20in-ear/Fir%20Audio%20M2
Fir Audio M3	crinacle	711	crinacle/711%20in-ear/Fir%20Audio%20M3
Fir Audio M3	HypetheSonics	GRAS RA0045	HypetheSonics/GRAS%20RA0045%20in-ear/Fir%20Audio%20M3
Fir Audio M4	crinacle	711	crinacle/711%20in-ear/Fir%20Audio%20M4
Fir Audio M4	HypetheSonics	GRAS RA0045	HypetheSonics/GRAS%20RA0045%20in-ear/Fir%20Audio%20M4
Fir Audio M5 (CIEM)	crinacle	711	crinacle/711%20in-ear/Fir%20Audio%20M5%20(CIEM)
Fir Audio M5 S2	crinacle	711	crinacle/711%20in-ear/Fir%20Audio%20M5%20S2
Fir Audio M5	crinacle	711	crinacle/711%20in-ear/Fir%20Audio%20M5
Fir Audio M5	HypetheSonics	Bruel & Kjaer 5128	HypetheSonics/Bruel%20&%20Kjaer%205128%20in-ear/Fir%20Audio%20M5
Fir Audio Neon 4	crinacle	711	crinacle/711%20in-ear/Fir%20Audio%20Neon%204
Fir Audio Neon 4	HypetheSonics	GRAS RA0045	HypetheSonics/GRAS%20RA0045%20in-ear/Fir%20Audio%20Neon%204
Fir Audio Radon 6 (black module)	Jaytiss		Jaytiss/in-ear/Fir%20Audio%20Radon%206%20(black%20module)
Fir Audio Radon 6 (gold module)	Jaytiss		Jaytiss/in-ear/Fir%20Audio%20Radon%206%20(gold%20module)
Fir Audio Radon 6 (red module)	Jaytiss		Jaytiss/in-ear/Fir%20Audio%20Radon%206%20(red%20module)
Fir Audio Radon 6 (silver module)	Jaytiss		Jaytiss/in-ear/Fir%20Audio%20Radon%206%20(silver%20module)
Fir Audio Radon 6	Fahryst		Fahryst/in-ear/Fir%20Audio%20Radon%206
Fir Audio Radon 6	Kazi		Kazi/in-ear/Fir%20Audio%20Radon%206
Fir Audio VxV	crinacle	711	crinacle/711%20in-ear/Fir%20Audio%20VxV
Fir Audio VxV	HypetheSonics	GRAS RA0045	HypetheSonics/GRAS%20RA0045%20in-ear/Fir%20Audio%20VxV
Fir Audio Xenon 6 (CIEM)	crinacle	711	crinacle/711%20in-ear/Fir%20Audio%20Xenon%206%20(CIEM)
Fir Audio Xenon 6	crinacle	711	crinacle/711%20in-ear/Fir%20Audio%20Xenon%206
Fir Audio Xenon 6	HypetheSonics	GRAS RA0045	HypetheSonics/GRAS%20RA0045%20in-ear/Fir%20Audio%20Xenon%206
Fir Audio Xenon 6	ToneDeafMonk		ToneDeafMonk/in-ear/Fir%20Audio%20Xenon%206
First Harmonic IEB6	Innerfidelity		Innerfidelity/in-ear/First%20Harmonic%20IEB6
Fischer Audio FA-003	Innerfidelity		Innerfidelity/over-ear/Fischer%20Audio%20FA-003
Fischer Audio FA-011 LE	Innerfidelity		Innerfidelity/over-ear/Fischer%20Audio%20FA-011%20LE
Fischer Audio Oldskool RPM 33 1-3 (Zeppelin & Co Limited Edition)	crinacle	GRAS 43AG-7	crinacle/GRAS%2043AG-7%20over-ear/Fischer%20Audio%20Oldskool%20RPM%2033%201-3%20(Zeppelin%20&%20Co%20Limited%20Edition)
Fischer Audio Omega Spark	crinacle	711	crinacle/711%20in-ear/Fischer%20Audio%20Omega%20Spark
Fischer Audio SBA-03	Innerfidelity		Innerfidelity/in-ear/Fischer%20Audio%20SBA-03
Fischer Audio Tandem	Innerfidelity		Innerfidelity/in-ear/Fischer%20Audio%20Tandem
Fitbit Flyer	Rtings	HMS II.3	Rtings/HMS%20II.3%20in-ear/Fitbit%20Flyer
FitEar Air 2	crinacle	711	crinacle/711%20in-ear/FitEar%20Air%202
FitEar Aya	crinacle	711	crinacle/711%20in-ear/FitEar%20Aya
FitEar EST	crinacle	711	crinacle/711%20in-ear/FitEar%20EST
FitEar F111	crinacle	711	crinacle/711%20in-ear/FitEar%20F111
FitEar Fitear	crinacle	711	crinacle/711%20in-ear/FitEar%20Fitear
FitEar MH334	crinacle	711	crinacle/711%20in-ear/FitEar%20MH334
FitEar MH334SR (CIEM)	crinacle	711	crinacle/711%20in-ear/FitEar%20MH334SR%20(CIEM)
FitEar MH335DW	crinacle	711	crinacle/711%20in-ear/FitEar%20MH335DW
FitEar Monet 17	crinacle	711	crinacle/711%20in-ear/FitEar%20Monet%2017
FitEar Parterre	crinacle	711	crinacle/711%20in-ear/FitEar%20Parterre
FitEar Private 222	crinacle	711	crinacle/711%20in-ear/FitEar%20Private%20222
FitEar Private 223	crinacle	711	crinacle/711%20in-ear/FitEar%20Private%20223
FitEar Private 333	crinacle	711	crinacle/711%20in-ear/FitEar%20Private%20333
FitEar Private C435	crinacle	711	crinacle/711%20in-ear/FitEar%20Private%20C435
FitEar TG334	crinacle	711	crinacle/711%20in-ear/FitEar%20TG334
FitEar Titan	crinacle	711	crinacle/711%20in-ear/FitEar%20Titan
fix Bespoke Edition (Leneo)	crinacle	711	crinacle/711%20in-ear/fix%20Bespoke%20Edition%20(Leneo)
fix Event Horizon	crinacle	711	crinacle/711%20in-ear/fix%20Event%20Horizon
Flare Audio Reference R1	Innerfidelity		Innerfidelity/over-ear/Flare%20Audio%20Reference%20R1
FLC Technology DD31	Super Review		Super%20Review/in-ear/FLC%20Technology%20DD31
FLC Technology FLC8 (gray LF, grey ULF, black HF)	Innerfidelity		Innerfidelity/in-ear/FLC%20Technology%20FLC8%20(gray%20LF,%20grey%20ULF,%20black%20HF)
FLC Technology FLC8 (gray LF, grey ULF, blue HF)	Innerfidelity		Innerfidelity/in-ear/FLC%20Technology%20FLC8%20(gray%20LF,%20grey%20ULF,%20blue%20HF)
FLC Technology FLC8 (light, grey LF, grey ULF, blue HF)	Innerfidelity		Innerfidelity/in-ear/FLC%20Technology%20FLC8%20(light,%20grey%20LF,%20grey%20ULF,%20blue%20HF)
FLC Technology FLC8 (pop-rap, black LF, grey ULF, black HF)	Innerfidelity		Innerfidelity/in-ear/FLC%20Technology%20FLC8%20(pop-rap,%20black%20LF,%20grey%20ULF,%20black%20HF)
FLC Technology FLC8 (strings-piano, clear LF, clear LF, green HF)	Innerfidelity		Innerfidelity/in-ear/FLC%20Technology%20FLC8%20(strings-piano,%20clear%20LF,%20clear%20LF,%20green%20HF)
FLC Technology FLC8 (vocals, clear LF, clear ULF, yellow HF)	Innerfidelity		Innerfidelity/in-ear/FLC%20Technology%20FLC8%20(vocals,%20clear%20LF,%20clear%20ULF,%20yellow%20HF)
FLC Technology FLC8D (gold filter)	HypetheSonics	GRAS RA0045	HypetheSonics/GRAS%20RA0045%20in-ear/FLC%20Technology%20FLC8D%20(gold%20filter)
FLC Technology FLC8D (gunmetal filter)	HypetheSonics	GRAS RA0045	HypetheSonics/GRAS%20RA0045%20in-ear/FLC%20Technology%20FLC8D%20(gunmetal%20filter)
FLC Technology FLC8P (gold, black, gunmetal)	Super Review		Super%20Review/in-ear/FLC%20Technology%20FLC8P%20(gold,%20black,%20gunmetal)
FLC Technology FLC8P (gold, black, red)	Super Review		Super%20Review/in-ear/FLC%20Technology%20FLC8P%20(gold,%20black,%20red)
FLC Technology FLC8P (gold, black, transparent)	Super Review		Super%20Review/in-ear/FLC%20Technology%20FLC8P%20(gold,%20black,%20transparent)
FLC Technology FLC8P (gold, gray, gunmetal)	Super Review		Super%20Review/in-ear/FLC%20Technology%20FLC8P%20(gold,%20gray,%20gunmetal)
FLC Technology FLC8P (gold, white, gunmetal)	Super Review		Super%20Review/in-ear/FLC%20Technology%20FLC8P%20(gold,%20white,%20gunmetal)
FLC Technology FLC8P (green, gray, gunmetal)	Super Review		Super%20Review/in-ear/FLC%20Technology%20FLC8P%20(green,%20gray,%20gunmetal)
FLC Technology FLC8P (gunmetal, black, gunmetal)	Super Review		Super%20Review/in-ear/FLC%20Technology%20FLC8P%20(gunmetal,%20black,%20gunmetal)
FLC Technology FLC8P (gunmetal, gray, gunmetal)	Super Review		Super%20Review/in-ear/FLC%20Technology%20FLC8P%20(gunmetal,%20gray,%20gunmetal)
FLC Technology FLC8P (silver, gray, gunmetal)	Super Review		Super%20Review/in-ear/FLC%20Technology%20FLC8P%20(silver,%20gray,%20gunmetal)
Flicker Ear Flow	Harpo		Harpo/in-ear/Flicker%20Ear%20Flow
Flicker Ear Norma	crinacle	711	crinacle/711%20in-ear/Flicker%20Ear%20Norma
FlipEars Aegis	Jaytiss		Jaytiss/in-ear/FlipEars%20Aegis
FlipEars Aether	Kazi		Kazi/in-ear/FlipEars%20Aether
FlipEars Aurora	crinacle	711	crinacle/711%20in-ear/FlipEars%20Aurora
FlipEars Legion	Jaytiss		Jaytiss/in-ear/FlipEars%20Legion
Floaudio CALLA	Harpo		Harpo/in-ear/Floaudio%20CALLA
Focal Azurys	Kuulokenurkka		Kuulokenurkka/over-ear/Focal%20Azurys
Focal Azurys	oratory1990		oratory1990/over-ear/Focal%20Azurys
Focal Azurys	Super Review		Super%20Review/over-ear/Focal%20Azurys
Focal Bathys (USB)	Super Review		Super%20Review/over-ear/Focal%20Bathys%20(USB)
Focal Bathys (wired)	Super Review		Super%20Review/over-ear/Focal%20Bathys%20(wired)
Focal Bathys (wireless)	Super Review		Super%20Review/over-ear/Focal%20Bathys%20(wireless)
Focal Bathys MG (dynamic preset)	Kuulokenurkka		Kuulokenurkka/over-ear/Focal%20Bathys%20MG%20(dynamic%20preset)
Focal Bathys MG	Kuulokenurkka		Kuulokenurkka/over-ear/Focal%20Bathys%20MG
Focal Bathys	Kuulokenurkka		Kuulokenurkka/over-ear/Focal%20Bathys
Focal Bathys	oratory1990		oratory1990/over-ear/Focal%20Bathys
Focal Bathys	Rtings	Bruel & Kjaer 5128	Rtings/Bruel%20&%20Kjaer%205128%20over-ear/Focal%20Bathys
Focal Celestee	crinacle	GRAS 43AG-7	crinacle/GRAS%2043AG-7%20over-ear/Focal%20Celestee
Focal Celestee	oratory1990		oratory1990/over-ear/Focal%20Celestee
Focal Celestee	Rtings	HMS II.3	Rtings/HMS%20II.3%20over-ear/Focal%20Celestee
Focal Celestee	Super Review		Super%20Review/over-ear/Focal%20Celestee
Focal Clear (Focal Clear Mg earpads)	crinacle	GRAS 43AG-7	crinacle/GRAS%2043AG-7%20over-ear/Focal%20Clear%20(Focal%20Clear%20Mg%20earpads)
Focal Clear MG Professional	Super Review		Super%20Review/over-ear/Focal%20Clear%20MG%20Professional
Focal Clear Mg	crinacle	GRAS 43AG-7	crinacle/GRAS%2043AG-7%20over-ear/Focal%20Clear%20Mg
Focal Clear Mg	Kuulokenurkka		Kuulokenurkka/over-ear/Focal%20Clear%20Mg
Focal Clear Mg	oratory1990		oratory1990/over-ear/Focal%20Clear%20Mg
Focal Clear Mg	Rtings	HMS II.3	Rtings/HMS%20II.3%20over-ear/Focal%20Clear%20Mg
Focal Clear	crinacle	EARS + 711	crinacle/EARS%20+%20711%20over-ear/Focal%20Clear
Focal Clear	crinacle	GRAS 43AG-7	crinacle/GRAS%2043AG-7%20over-ear/Focal%20Clear
Focal Clear	HypetheSonics		HypetheSonics/over-ear/Focal%20Clear
Focal Clear	Innerfidelity		Innerfidelity/over-ear/Focal%20Clear
Focal Clear	oratory1990		oratory1990/over-ear/Focal%20Clear
Focal Elear (Elex earpads)	crinacle	GRAS 43AG-7	crinacle/GRAS%2043AG-7%20over-ear/Focal%20Elear%20(Elex%20earpads)
Focal Elear (Utopia earpads)	crinacle	GRAS 43AG-7	crinacle/GRAS%2043AG-7%20over-ear/Focal%20Elear%20(Utopia%20earpads)
Focal Elear (Utopia earpads)	Innerfidelity		Innerfidelity/over-ear/Focal%20Elear%20(Utopia%20earpads)
Focal Elear	crinacle	EARS + 711	crinacle/EARS%20+%20711%20over-ear/Focal%20Elear
Focal Elear	crinacle	GRAS 43AG-7	crinacle/GRAS%2043AG-7%20over-ear/Focal%20Elear
Focal Elear	Innerfidelity		Innerfidelity/over-ear/Focal%20Elear
Focal Elear	oratory1990		oratory1990/over-ear/Focal%20Elear
Focal Elear	Rtings	HMS II.3	Rtings/HMS%20II.3%20over-ear/Focal%20Elear
Focal Elegia	crinacle	EARS + 711	crinacle/EARS%20+%20711%20over-ear/Focal%20Elegia
Focal Elegia	HypetheSonics		HypetheSonics/over-ear/Focal%20Elegia
Focal Elegia	oratory1990		oratory1990/over-ear/Focal%20Elegia
Focal Elegia	Rtings	HMS II.3	Rtings/HMS%20II.3%20over-ear/Focal%20Elegia
Focal Elex (worn earpads)	Super Review		Super%20Review/over-ear/Focal%20Elex%20(worn%20earpads)
Focal Elex	oratory1990		oratory1990/over-ear/Focal%20Elex
Focal Elex	Super Review		Super%20Review/over-ear/Focal%20Elex
Focal Hadenys	Kuulokenurkka		Kuulokenurkka/over-ear/Focal%20Hadenys
Focal Hadenys	oratory1990		oratory1990/over-ear/Focal%20Hadenys
Focal Listen Professional	Auriculares Argentina		Auriculares%20Argentina/over-ear/Focal%20Listen%20Professional
Focal Listen Professional	crinacle	GRAS 43AG-7	crinacle/GRAS%2043AG-7%20over-ear/Focal%20Listen%20Professional
Focal Listen	Innerfidelity		Innerfidelity/over-ear/Focal%20Listen
Focal Radiance	crinacle	GRAS 43AG-7	crinacle/GRAS%2043AG-7%20over-ear/Focal%20Radiance
Focal Radiance	oratory1990		oratory1990/over-ear/Focal%20Radiance
Focal Radiance	Super Review		Super%20Review/over-ear/Focal%20Radiance
Focal Sphear	crinacle	711	crinacle/711%20in-ear/Focal%20Sphear
Focal Sphear	Innerfidelity		Innerfidelity/in-ear/Focal%20Sphear
Focal Spirit Classic	oratory1990		oratory1990/over-ear/Focal%20Spirit%20Classic
Focal Spirit One S	Innerfidelity		Innerfidelity/over-ear/Focal%20Spirit%20One%20S
Focal Spirit One	Headphone.com Legacy		Headphone.com%20Legacy/over-ear/Focal%20Spirit%20One
Focal Spirit One	Innerfidelity		Innerfidelity/over-ear/Focal%20Spirit%20One
Focal Spirit Professional	Innerfidelity		Innerfidelity/over-ear/Focal%20Spirit%20Professional
Focal Stellia	crinacle	EARS + 711	crinacle/EARS%20+%20711%20over-ear/Focal%20Stellia
Focal Stellia	crinacle	GRAS 43AG-7	crinacle/GRAS%2043AG-7%20over-ear/Focal%20Stellia
Focal Stellia	HypetheSonics		HypetheSonics/over-ear/Focal%20Stellia
Focal Stellia	oratory1990		oratory1990/over-ear/Focal%20Stellia
Focal Stellia	Rtings	HMS II.3	Rtings/HMS%20II.3%20over-ear/Focal%20Stellia
Focal Utopia (Dekoni fenestrated Sheepskin Earpads)	oratory1990		oratory1990/over-ear/Focal%20Utopia%20(Dekoni%20fenestrated%20Sheepskin%20Earpads)
Focal Utopia (Dekoni sheepskin Earpads)	oratory1990		oratory1990/over-ear/Focal%20Utopia%20(Dekoni%20sheepskin%20Earpads)
Focal Utopia (Elear earpads)	Innerfidelity		Innerfidelity/over-ear/Focal%20Utopia%20(Elear%20earpads)
Focal Utopia 2022	kr0mka		kr0mka/over-ear/Focal%20Utopia%202022
Focal Utopia 2022	Kuulokenurkka		Kuulokenurkka/over-ear/Focal%20Utopia%202022
Focal Utopia 2022	oratory1990		oratory1990/over-ear/Focal%20Utopia%202022
Focal Utopia 2022	Super Review		Super%20Review/over-ear/Focal%20Utopia%202022
Focal Utopia	crinacle	EARS + 711	crinacle/EARS%20+%20711%20over-ear/Focal%20Utopia
Focal Utopia	crinacle	GRAS 43AG-7	crinacle/GRAS%2043AG-7%20over-ear/Focal%20Utopia
Focal Utopia	HypetheSonics		HypetheSonics/over-ear/Focal%20Utopia
Focal Utopia	Innerfidelity		Innerfidelity/over-ear/Focal%20Utopia
Focal Utopia	Kuulokenurkka		Kuulokenurkka/over-ear/Focal%20Utopia
Focal Utopia	oratory1990		oratory1990/over-ear/Focal%20Utopia
Focus Audio EDM	Harpo		Harpo/in-ear/Focus%20Audio%20EDM
Focusrite HP60 (Scarlett Studio)	oratory1990		oratory1990/over-ear/Focusrite%20HP60%20(Scarlett%20Studio)
Fonge X2 Pro	kr0mka		kr0mka/in-ear/Fonge%20X2%20Pro
Fosi Audio i5	Super Review		Super%20Review/over-ear/Fosi%20Audio%20i5
Fostex T20RP Mk3	Innerfidelity		Innerfidelity/over-ear/Fostex%20T20RP%20Mk3
Fostex T40RP Mk3	Innerfidelity		Innerfidelity/over-ear/Fostex%20T40RP%20Mk3
Fostex T40RP Mk3	oratory1990		oratory1990/over-ear/Fostex%20T40RP%20Mk3
Fostex T50	Innerfidelity		Innerfidelity/over-ear/Fostex%20T50
Fostex T50RP (sample 1)	Innerfidelity		Innerfidelity/over-ear/Fostex%20T50RP%20(sample%201)
Fostex T50RP (sample 2)	Innerfidelity		Innerfidelity/over-ear/Fostex%20T50RP%20(sample%202)
Fostex T50RP 50th Anniversary	kr0mka		kr0mka/over-ear/Fostex%20T50RP%2050th%20Anniversary
Fostex T50RP Mk2	Innerfidelity		Innerfidelity/over-ear/Fostex%20T50RP%20Mk2
Fostex T50RP Mk3	crinacle	GRAS 43AG-7	crinacle/GRAS%2043AG-7%20over-ear/Fostex%20T50RP%20Mk3
Fostex T50RP Mk3	Innerfidelity		Innerfidelity/over-ear/Fostex%20T50RP%20Mk3
Fostex T50RP Mk4	Super Review		Super%20Review/over-ear/Fostex%20T50RP%20Mk4
Fostex T50RP	Innerfidelity		Innerfidelity/over-ear/Fostex%20T50RP
Fostex TH500 (worn earpads)	crinacle	GRAS 43AG-7	crinacle/GRAS%2043AG-7%20over-ear/Fostex%20TH500%20(worn%20earpads)
Fostex TH500RP	oratory1990		oratory1990/over-ear/Fostex%20TH500RP
Fostex TH600	Headphone.com Legacy		Headphone.com%20Legacy/over-ear/Fostex%20TH600
Fostex TH600	Innerfidelity		Innerfidelity/over-ear/Fostex%20TH600
Fostex TH610 (Dekoni fenestrated Sheepskin Earpads)	oratory1990		oratory1990/over-ear/Fostex%20TH610%20(Dekoni%20fenestrated%20Sheepskin%20Earpads)
Fostex TH610	crinacle	GRAS 43AG-7	crinacle/GRAS%2043AG-7%20over-ear/Fostex%20TH610
Fostex TH610	Innerfidelity		Innerfidelity/over-ear/Fostex%20TH610
Fostex TH616	kr0mka		kr0mka/over-ear/Fostex%20TH616
Fostex TH7	crinacle	GRAS 43AG-7	crinacle/GRAS%2043AG-7%20over-ear/Fostex%20TH7
Fostex TH900	crinacle	GRAS 43AG-7	crinacle/GRAS%2043AG-7%20over-ear/Fostex%20TH900
Fostex TH900	Headphone.com Legacy		Headphone.com%20Legacy/over-ear/Fostex%20TH900
Fostex TH900	Innerfidelity		Innerfidelity/over-ear/Fostex%20TH900
Fostex TH900mk2 (anniversary tuning)	oratory1990		oratory1990/over-ear/Fostex%20TH900mk2%20(anniversary%20tuning)
Fostex TH900mk2 (TH610 earpads)	Innerfidelity		Innerfidelity/over-ear/Fostex%20TH900mk2%20(TH610%20earpads)
Fostex TH900mk2	Innerfidelity		Innerfidelity/over-ear/Fostex%20TH900mk2
Fostex TH900mk2	kr0mka		kr0mka/over-ear/Fostex%20TH900mk2
Fostex TH900mk2	oratory1990		oratory1990/over-ear/Fostex%20TH900mk2
Fostex TH909	crinacle	GRAS 43AG-7	crinacle/GRAS%2043AG-7%20over-ear/Fostex%20TH909
Fostex TH909	oratory1990		oratory1990/over-ear/Fostex%20TH909
Fostex TH-X00 (ebony)	oratory1990		oratory1990/over-ear/Fostex%20TH-X00%20(ebony)
Fostex TH-X00 (mahogany) (sample 1)	Innerfidelity		Innerfidelity/over-ear/Fostex%20TH-X00%20(mahogany)%20(sample%201)
Fostex TH-X00 (mahogany) (serial number 1927)	Innerfidelity		Innerfidelity/over-ear/Fostex%20TH-X00%20(mahogany)%20(serial%20number%201927)
Fostex TH-X00 (mahogany)	oratory1990		oratory1990/over-ear/Fostex%20TH-X00%20(mahogany)
Fostex TH-X00 (purpleheart)	Kuulokenurkka		Kuulokenurkka/over-ear/Fostex%20TH-X00%20(purpleheart)
Fostex TH-X00 (purpleheart)	oratory1990		oratory1990/over-ear/Fostex%20TH-X00%20(purpleheart)
Fostex TH-X00 (ZMF Universe perforated lambskin earpads)	kr0mka		kr0mka/over-ear/Fostex%20TH-X00%20(ZMF%20Universe%20perforated%20lambskin%20earpads)
Fostex TH-X00 (ZMF Universe perforated suede earpads)	kr0mka		kr0mka/over-ear/Fostex%20TH-X00%20(ZMF%20Universe%20perforated%20suede%20earpads)
Fostex TH-X00 Mahogany	Innerfidelity		Innerfidelity/over-ear/Fostex%20TH-X00%20Mahogany
Fostex TH-X00	kr0mka		kr0mka/over-ear/Fostex%20TH-X00
Fostex TM2	crinacle	711	crinacle/711%20in-ear/Fostex%20TM2
Fostex TR-80	crinacle	GRAS 43AG-7	crinacle/GRAS%2043AG-7%20over-ear/Fostex%20TR-80
Fostex T-X0	oratory1990		oratory1990/over-ear/Fostex%20T-X0
Fujisan Telos	Innerfidelity		Innerfidelity/in-ear/Fujisan%20Telos
Future Sonics G10	crinacle	711	crinacle/711%20in-ear/Future%20Sonics%20G10
Future Sonics MG5HX	crinacle	711	crinacle/711%20in-ear/Future%20Sonics%20MG5HX
Gaudio Tödi	ToneDeafMonk		ToneDeafMonk/in-ear/Gaudio%20T%C3%B6di
Geek Wold GK10	crinacle	711	crinacle/711%20in-ear/Geek%20Wold%20GK10
Geek Wold GK10	crinacle	Bruel & Kjaer 4620	crinacle/Bruel%20&%20Kjaer%204620%20in-ear/Geek%20Wold%20GK10
Geek Wold GK10	RikudouGoku		RikudouGoku/in-ear/Geek%20Wold%20GK10
Geek Wold GK3	crinacle	711	crinacle/711%20in-ear/Geek%20Wold%20GK3
Geek Wold GK3	RikudouGoku		RikudouGoku/in-ear/Geek%20Wold%20GK3
Geek Wold GK80 (microphone cable)	Hi End Portable		Hi%20End%20Portable/in-ear/Geek%20Wold%20GK80%20(microphone%20cable)
Geek Wold GK80 (normal cable)	Hi End Portable		Hi%20End%20Portable/in-ear/Geek%20Wold%20GK80%20(normal%20cable)
Geekfly GF10	Hi End Portable		Hi%20End%20Portable/in-ear/Geekfly%20GF10
Geekfly GF8S	Hi End Portable		Hi%20End%20Portable/in-ear/Geekfly%20GF8S
Genesis Neon 613	Filk		Filk/over-ear/Genesis%20Neon%20613
Genesis Radon 800 (farbic earpads)	Filk		Filk/over-ear/Genesis%20Radon%20800%20(farbic%20earpads)
Genesis Radon 800 (leather earpads)	Filk		Filk/over-ear/Genesis%20Radon%20800%20(leather%20earpads)
Genesis Toron 301	Filk		Filk/over-ear/Genesis%20Toron%20301
Genesis Toron 531 (breathable earpads)	Filk		Filk/over-ear/Genesis%20Toron%20531%20(breathable%20earpads)
Genesis Toron 531 (hybrid earpads)	Filk		Filk/over-ear/Genesis%20Toron%20531%20(hybrid%20earpads)
GK G1	kr0mka		kr0mka/in-ear/GK%20G1
Gold Planar GL12 (filter)	crinacle	711	crinacle/711%20in-ear/Gold%20Planar%20GL12%20(filter)
Gold Planar GL12 (no filter)	crinacle	711	crinacle/711%20in-ear/Gold%20Planar%20GL12%20(no%20filter)
Gold Planar GL20	crinacle	711	crinacle/711%20in-ear/Gold%20Planar%20GL20
Gold Planar GL2000 (double-sided, leather earpads)	crinacle	GRAS 43AG-7	crinacle/GRAS%2043AG-7%20over-ear/Gold%20Planar%20GL2000%20(double-sided,%20leather%20earpads)
Gold Planar GL2000 (double-sided, perforated hybrid earpads)	crinacle	GRAS 43AG-7	crinacle/GRAS%2043AG-7%20over-ear/Gold%20Planar%20GL2000%20(double-sided,%20perforated%20hybrid%20earpads)
Gold Planar GL2000 (single-sided, leather earpads)	crinacle	GRAS 43AG-7	crinacle/GRAS%2043AG-7%20over-ear/Gold%20Planar%20GL2000%20(single-sided,%20leather%20earpads)
Gold Planar GL2000 (single-sided, perforated hybrid earpads)	crinacle	GRAS 43AG-7	crinacle/GRAS%2043AG-7%20over-ear/Gold%20Planar%20GL2000%20(single-sided,%20perforated%20hybrid%20earpads)
Gold Planar GL2000	kr0mka		kr0mka/over-ear/Gold%20Planar%20GL2000
Gold Planar GL2000	oratory1990		oratory1990/over-ear/Gold%20Planar%20GL2000
Gold Planar GL850	crinacle	GRAS 43AG-7	crinacle/GRAS%2043AG-7%20over-ear/Gold%20Planar%20GL850
Google Pixel Buds (2017)	Rtings	HMS II.3	Rtings/HMS%20II.3%20in-ear/Google%20Pixel%20Buds%20(2017)
Google Pixel Buds (2020)	Rtings	HMS II.3	Rtings/HMS%20II.3%20in-ear/Google%20Pixel%20Buds%20(2020)
Google Pixel Buds A-Series	Rtings	HMS II.3	Rtings/HMS%20II.3%20in-ear/Google%20Pixel%20Buds%20A-Series
Google Pixel Buds Pro 2	DHRME		DHRME/in-ear/Google%20Pixel%20Buds%20Pro%202
Google Pixel Buds Pro 2	Rtings	Bruel & Kjaer 5128	Rtings/Bruel%20&%20Kjaer%205128%20in-ear/Google%20Pixel%20Buds%20Pro%202
Google Pixel Buds Pro	HypetheSonics	GRAS RA0045	HypetheSonics/GRAS%20RA0045%20in-ear/Google%20Pixel%20Buds%20Pro
Google Pixel Buds Pro	Rtings	Bruel & Kjaer 5128	Rtings/Bruel%20&%20Kjaer%205128%20in-ear/Google%20Pixel%20Buds%20Pro
Google Pixel USB-C Earbuds	Rtings	HMS II.3	Rtings/HMS%20II.3%20earbud/Google%20Pixel%20USB-C%20Earbuds
Grado GR10	Headphone.com Legacy		Headphone.com%20Legacy/in-ear/Grado%20GR10
Grado GR8	crinacle	711	crinacle/711%20in-ear/Grado%20GR8
Grado GR8	Headphone.com Legacy		Headphone.com%20Legacy/in-ear/Grado%20GR8
Grado GR8	Innerfidelity		Innerfidelity/in-ear/Grado%20GR8
Grado GS1000	Headphone.com Legacy		Headphone.com%20Legacy/over-ear/Grado%20GS1000
Grado GS1000	Innerfidelity		Innerfidelity/over-ear/Grado%20GS1000
Grado GS3000e	HypetheSonics		HypetheSonics/over-ear/Grado%20GS3000e
Grado GT220	oratory1990		oratory1990/in-ear/Grado%20GT220
Grado GW100 (bluetooth)	Super Review		Super%20Review/over-ear/Grado%20GW100%20(bluetooth)
Grado GW100 (wired)	Super Review		Super%20Review/over-ear/Grado%20GW100%20(wired)
Grado GW100	crinacle	GRAS 43AG-7	crinacle/GRAS%2043AG-7%20over-ear/Grado%20GW100
Grado GW100	oratory1990		oratory1990/over-ear/Grado%20GW100
Grado GW100	Rtings	HMS II.3	Rtings/HMS%20II.3%20over-ear/Grado%20GW100
Grado Hemp	oratory1990		oratory1990/over-ear/Grado%20Hemp
Grado HF1 Prototype	Innerfidelity		Innerfidelity/over-ear/Grado%20HF1%20Prototype
Grado HF1	Innerfidelity		Innerfidelity/over-ear/Grado%20HF1
Grado HF2	Innerfidelity		Innerfidelity/over-ear/Grado%20HF2
Grado iGE	crinacle	711	crinacle/711%20in-ear/Grado%20iGE
Grado iGi	Headphone.com Legacy		Headphone.com%20Legacy/in-ear/Grado%20iGi
Grado iGrado White	Headphone.com Legacy		Headphone.com%20Legacy/in-ear/Grado%20iGrado%20White
Grado PS1000	Headphone.com Legacy		Headphone.com%20Legacy/over-ear/Grado%20PS1000
Grado PS1000	Innerfidelity		Innerfidelity/over-ear/Grado%20PS1000
Grado PS2000e	HypetheSonics		HypetheSonics/over-ear/Grado%20PS2000e
Grado PS500	Headphone.com Legacy		Headphone.com%20Legacy/over-ear/Grado%20PS500
Grado PS500	Innerfidelity		Innerfidelity/over-ear/Grado%20PS500
Grado PS500e	crinacle	GRAS 43AG-7	crinacle/GRAS%2043AG-7%20over-ear/Grado%20PS500e
Grado RS1	Headphone.com Legacy		Headphone.com%20Legacy/over-ear/Grado%20RS1
Grado RS1	Innerfidelity		Innerfidelity/over-ear/Grado%20RS1
Grado RS1e (bowl earpads)	Innerfidelity		Innerfidelity/over-ear/Grado%20RS1e%20(bowl%20earpads)
Grado RS1e (flat earpads)	Innerfidelity		Innerfidelity/over-ear/Grado%20RS1e%20(flat%20earpads)
Grado RS1e (S earpads)	Innerfidelity		Innerfidelity/over-ear/Grado%20RS1e%20(S%20earpads)
Grado RS1e (yellow earpads)	Innerfidelity		Innerfidelity/over-ear/Grado%20RS1e%20(yellow%20earpads)
Grado RS1e	HypetheSonics		HypetheSonics/over-ear/Grado%20RS1e
Grado RS1x	Auriculares Argentina		Auriculares%20Argentina/over-ear/Grado%20RS1x
Grado RS2	Headphone.com Legacy		Headphone.com%20Legacy/over-ear/Grado%20RS2
Grado RS2	Innerfidelity		Innerfidelity/over-ear/Grado%20RS2
Grado SR125e	crinacle	GRAS 43AG-7	crinacle/GRAS%2043AG-7%20over-ear/Grado%20SR125e
Grado SR125e	Kuulokenurkka		Kuulokenurkka/over-ear/Grado%20SR125e
Grado SR125e	Rtings	HMS II.3	Rtings/HMS%20II.3%20over-ear/Grado%20SR125e
Grado SR125i	Headphone.com Legacy		Headphone.com%20Legacy/over-ear/Grado%20SR125i
Grado SR125i	Innerfidelity		Innerfidelity/over-ear/Grado%20SR125i
Grado SR225	Headphone.com Legacy		Headphone.com%20Legacy/over-ear/Grado%20SR225
Grado SR225e	Rtings	HMS II.3	Rtings/HMS%20II.3%20over-ear/Grado%20SR225e
Grado SR225i (comfy earpads)	Innerfidelity		Innerfidelity/over-ear/Grado%20SR225i%20(comfy%20earpads)
Grado SR225i (G earpads)	Innerfidelity		Innerfidelity/over-ear/Grado%20SR225i%20(G%20earpads)
Grado SR225i (goo bowl earpads)	Innerfidelity		Innerfidelity/over-ear/Grado%20SR225i%20(goo%20bowl%20earpads)
Grado SR225i (reverse bowl earpads)	Innerfidelity		Innerfidelity/over-ear/Grado%20SR225i%20(reverse%20bowl%20earpads)
Grado SR225i (small flat earpads)	Innerfidelity		Innerfidelity/over-ear/Grado%20SR225i%20(small%20flat%20earpads)
Grado SR225i (TTVJ flat earpads)	Innerfidelity		Innerfidelity/over-ear/Grado%20SR225i%20(TTVJ%20flat%20earpads)
Grado SR225i	Innerfidelity		Innerfidelity/over-ear/Grado%20SR225i
Grado SR325	Headphone.com Legacy		Headphone.com%20Legacy/over-ear/Grado%20SR325
Grado SR325	Innerfidelity		Innerfidelity/over-ear/Grado%20SR325
Grado SR325e	crinacle	GRAS 43AG-7	crinacle/GRAS%2043AG-7%20over-ear/Grado%20SR325e
Grado SR325e	HypetheSonics		HypetheSonics/over-ear/Grado%20SR325e
Grado SR325e	Innerfidelity		Innerfidelity/over-ear/Grado%20SR325e
Grado SR325e	Rtings	HMS II.3	Rtings/HMS%20II.3%20over-ear/Grado%20SR325e
Grado SR325i	Innerfidelity		Innerfidelity/over-ear/Grado%20SR325i
Grado SR325x	Auriculares Argentina		Auriculares%20Argentina/over-ear/Grado%20SR325x
Grado SR325x	kr0mka		kr0mka/over-ear/Grado%20SR325x
Grado SR325x	oratory1990		oratory1990/over-ear/Grado%20SR325x
Grado SR60	Headphone.com Legacy		Headphone.com%20Legacy/over-ear/Grado%20SR60
Grado SR60e	Auriculares Argentina		Auriculares%20Argentina/over-ear/Grado%20SR60e
Grado SR60e	crinacle	GRAS 43AG-7	crinacle/GRAS%2043AG-7%20over-ear/Grado%20SR60e
Grado SR60e	oratory1990		oratory1990/over-ear/Grado%20SR60e
Grado SR60e	Rtings	HMS II.3	Rtings/HMS%20II.3%20over-ear/Grado%20SR60e
Grado SR60i	Innerfidelity		Innerfidelity/over-ear/Grado%20SR60i
Grado SR60x	Auriculares Argentina		Auriculares%20Argentina/over-ear/Grado%20SR60x
Grado SR60x	oratory1990		oratory1990/over-ear/Grado%20SR60x
Grado SR80 (L-Cush earpads)	Super Review		Super%20Review/over-ear/Grado%20SR80%20(L-Cush%20earpads)
Grado SR80 (S-Cush earpads)	Super Review		Super%20Review/over-ear/Grado%20SR80%20(S-Cush%20earpads)
Grado SR80	Headphone.com Legacy		Headphone.com%20Legacy/over-ear/Grado%20SR80
Grado SR80e	crinacle	GRAS 43AG-7	crinacle/GRAS%2043AG-7%20over-ear/Grado%20SR80e
Grado SR80e	HypetheSonics		HypetheSonics/over-ear/Grado%20SR80e
Grado SR80e	Rtings	HMS II.3	Rtings/HMS%20II.3%20over-ear/Grado%20SR80e
Grado The Hemp Headphone	crinacle	GRAS 43AG-7	crinacle/GRAS%2043AG-7%20over-ear/Grado%20The%20Hemp%20Headphone
Grado The Hemp Headphone	Rtings	HMS II.3	Rtings/HMS%20II.3%20over-ear/Grado%20The%20Hemp%20Headphone
Grell Audio TWS 1	crinacle	711	crinacle/711%20in-ear/Grell%20Audio%20TWS%201
GS Audio GD11	RikudouGoku		RikudouGoku/in-ear/GS%20Audio%20GD11
GS Audio GD3A	RikudouGoku		RikudouGoku/in-ear/GS%20Audio%20GD3A
GS Audio GD3A	Super Review		Super%20Review/in-ear/GS%20Audio%20GD3A
GS Audio GD3C	Super Review		Super%20Review/in-ear/GS%20Audio%20GD3C
GS Audio GT12X	RikudouGoku		RikudouGoku/in-ear/GS%20Audio%20GT12X
GS Audio SE11	Super Review		Super%20Review/in-ear/GS%20Audio%20SE11
GS Audio SE12	ToneDeafMonk		ToneDeafMonk/in-ear/GS%20Audio%20SE12
GS Audio ST1	RikudouGoku		RikudouGoku/in-ear/GS%20Audio%20ST1
GuideRay GR-I	crinacle	Bruel & Kjaer 4620	crinacle/Bruel%20&%20Kjaer%204620%20in-ear/GuideRay%20GR-I
HAKUGEI Sea-elf	Fahryst		Fahryst/in-ear/HAKUGEI%20Sea-elf
Harman Kardon FLY ANC	crinacle	GRAS 43AG-7	crinacle/GRAS%2043AG-7%20over-ear/Harman%20Kardon%20FLY%20ANC
Harman Kardon NI	Innerfidelity		Innerfidelity/in-ear/Harman%20Kardon%20NI
HarmonicDyne Black Hole	Auriculares Argentina		Auriculares%20Argentina/over-ear/HarmonicDyne%20Black%20Hole
HarmonicDyne Devil	Kazi		Kazi/in-ear/HarmonicDyne%20Devil
HarmonicDyne G200 (lambskin earpads)	crinacle	GRAS 43AG-7	crinacle/GRAS%2043AG-7%20over-ear/HarmonicDyne%20G200%20(lambskin%20earpads)
HarmonicDyne G200 (velour earpads)	crinacle	GRAS 43AG-7	crinacle/GRAS%2043AG-7%20over-ear/HarmonicDyne%20G200%20(velour%20earpads)
HarmonicDyne G200 (velour earpads)	oratory1990		oratory1990/over-ear/HarmonicDyne%20G200%20(velour%20earpads)
HarmonicDyne Helios	crinacle	EARS + 711	crinacle/EARS%20+%20711%20over-ear/HarmonicDyne%20Helios
HarmonicDyne Helios	crinacle	GRAS 43AG-7	crinacle/GRAS%2043AG-7%20over-ear/HarmonicDyne%20Helios
HarmonicDyne P.D.1	crinacle	711	crinacle/711%20in-ear/HarmonicDyne%20P.D.1
HarmonicDyne P.D.1	crinacle	Bruel & Kjaer 4620	crinacle/Bruel%20&%20Kjaer%204620%20in-ear/HarmonicDyne%20P.D.1
HarmonicDyne P.D.1	Super Review		Super%20Review/in-ear/HarmonicDyne%20P.D.1
HarmonicDyne Poseidon	crinacle	GRAS 43AG-7	crinacle/GRAS%2043AG-7%20over-ear/HarmonicDyne%20Poseidon
HarmonicDyne Poseidon	Super Review		Super%20Review/over-ear/HarmonicDyne%20Poseidon
HarmonicDyne Zeus Elite	Auriculares Argentina		Auriculares%20Argentina/over-ear/HarmonicDyne%20Zeus%20Elite
HarmonicDyne Zeus Elite	Super Review		Super%20Review/over-ear/HarmonicDyne%20Zeus%20Elite
HarmonicDyne Zeus	crinacle	GRAS 43AG-7	crinacle/GRAS%2043AG-7%20over-ear/HarmonicDyne%20Zeus
HarmonicDyne Zeus	oratory1990		oratory1990/over-ear/HarmonicDyne%20Zeus
HarmonicDyne Zeus	Super Review		Super%20Review/over-ear/HarmonicDyne%20Zeus
Havi B3 Pro1	Innerfidelity		Innerfidelity/in-ear/Havi%20B3%20Pro1
Haylou GT1	Super Review		Super%20Review/in-ear/Haylou%20GT1
Haylou GT2	Super Review		Super%20Review/in-ear/Haylou%20GT2
Haylou Moripods	Auriculares Argentina		Auriculares%20Argentina/in-ear/Haylou%20Moripods
Haylou PurFree Buds	Regan Cipher		Regan%20Cipher/in-ear/Haylou%20PurFree%20Buds
Haylou S30 (ANC on)	Regan Cipher		Regan%20Cipher/over-ear/Haylou%20S30%20(ANC%20on)
Haylou S30 (wired)	Regan Cipher		Regan%20Cipher/in-ear/Haylou%20S30%20(wired)
Haylou S35 (ANC off)	Regan Cipher		Regan%20Cipher/over-ear/Haylou%20S35%20(ANC%20off)
Haylou S35 ANC	Regan Cipher		Regan%20Cipher/in-ear/Haylou%20S35%20ANC
Haylou S35	Filk		Filk/over-ear/Haylou%20S35
Haylou S35	Regan Cipher		Regan%20Cipher/over-ear/Haylou%20S35
Haylou W1 ANC	Regan Cipher		Regan%20Cipher/in-ear/Haylou%20W1%20ANC
HeartField Blanc	Jaytiss		Jaytiss/in-ear/HeartField%20Blanc
HeartField CU8	Jaytiss		Jaytiss/in-ear/HeartField%20CU8
Heavys H1H (AUX power off)	Kuulokenurkka		Kuulokenurkka/over-ear/Heavys%20H1H%20(AUX%20power%20off)
Heavys H1H (Hell Blocker off)	Kuulokenurkka		Kuulokenurkka/over-ear/Heavys%20H1H%20(Hell%20Blocker%20off)
Heavys H1H (Hell Blocker on)	Kuulokenurkka		Kuulokenurkka/over-ear/Heavys%20H1H%20(Hell%20Blocker%20on)
HEDD Audio HEDDphone Two GT (leather earpads)	Super Review		Super%20Review/over-ear/HEDD%20Audio%20HEDDphone%20Two%20GT%20(leather%20earpads)
HEDD Heddphone 2	kr0mka		kr0mka/over-ear/HEDD%20Heddphone%202
HEDD Heddphone 2	Kuulokenurkka		Kuulokenurkka/over-ear/HEDD%20Heddphone%202
HEDD Heddphone 2	oratory1990		oratory1990/over-ear/HEDD%20Heddphone%202
HEDD Heddphone 2	Super Review		Super%20Review/over-ear/HEDD%20Heddphone%202
HEDD HEDDphone Two GT (leather earpads)	Super Review		Super%20Review/over-ear/HEDD%20HEDDphone%20Two%20GT%20(leather%20earpads)
HEDD HEDDphone Two GT (suede earpads)	Super Review		Super%20Review/over-ear/HEDD%20HEDDphone%20Two%20GT%20(suede%20earpads)
HEDD HEDDphone	Auriculares Argentina		Auriculares%20Argentina/over-ear/HEDD%20HEDDphone
HEDD HEDDphone	crinacle	EARS + 711	crinacle/EARS%20+%20711%20over-ear/HEDD%20HEDDphone
HEDD HEDDphone	crinacle	GRAS 43AG-7	crinacle/GRAS%2043AG-7%20over-ear/HEDD%20HEDDphone
HEDD HEDDphone	HypetheSonics		HypetheSonics/over-ear/HEDD%20HEDDphone
HEDD HEDDphone	kr0mka		kr0mka/over-ear/HEDD%20HEDDphone
HEDD HEDDphone	oratory1990		oratory1990/over-ear/HEDD%20HEDDphone
Heir Audio Tzar 350	crinacle	711	crinacle/711%20in-ear/Heir%20Audio%20Tzar%20350
Hessian TWS7	Hi End Portable		Hi%20End%20Portable/in-ear/Hessian%20TWS7
HiBy Crystal 6 II	Super Review		Super%20Review/in-ear/HiBy%20Crystal%206%20II
HiBy Crystal 6	crinacle	711	crinacle/711%20in-ear/HiBy%20Crystal%206
HiBy Crystal 6	Super Review		Super%20Review/in-ear/HiBy%20Crystal%206
HiBy Seeds II	Harpo		Harpo/in-ear/HiBy%20Seeds%20II
HiBy WH3	crinacle	711	crinacle/711%20in-ear/HiBy%20WH3
HiBy x FAudio Project Ace	Fahryst		Fahryst/in-ear/HiBy%20x%20FAudio%20Project%20Ace
HiBy x FAudio Project Ace	ToneDeafMonk		ToneDeafMonk/in-ear/HiBy%20x%20FAudio%20Project%20Ace
HiBy XENO	ToneDeafMonk		ToneDeafMonk/in-ear/HiBy%20XENO
HiBy XOE	Super Review		Super%20Review/in-ear/HiBy%20XOE
HiBy Yacht 10	Super Review		Super%20Review/in-ear/HiBy%20Yacht%2010
HiBy Yacht 10	ToneDeafMonk		ToneDeafMonk/in-ear/HiBy%20Yacht%2010
HiBy Yves	ToneDeafMonk		ToneDeafMonk/in-ear/HiBy%20Yves
Hidition NT6 Pro	crinacle	711	crinacle/711%20in-ear/Hidition%20NT6%20Pro
Hidition NT6 Uni	crinacle	711	crinacle/711%20in-ear/Hidition%20NT6%20Uni
Hidition NT6	crinacle	711	crinacle/711%20in-ear/Hidition%20NT6
Hidition NT8	crinacle	711	crinacle/711%20in-ear/Hidition%20NT8
Hidition Viento (bass)	crinacle	711	crinacle/711%20in-ear/Hidition%20Viento%20(bass)
Hidition Viento (bass)	oratory1990		oratory1990/in-ear/Hidition%20Viento%20(bass)
Hidition Viento (bass, mids)	crinacle	711	crinacle/711%20in-ear/Hidition%20Viento%20(bass,%20mids)
Hidition Viento (mids)	crinacle	711	crinacle/711%20in-ear/Hidition%20Viento%20(mids)
Hidition Viento	crinacle	711	crinacle/711%20in-ear/Hidition%20Viento
Hidition Viento-A (CIEM)	crinacle	711	crinacle/711%20in-ear/Hidition%20Viento-A%20(CIEM)
Hidition Viento-B (CIEM)	crinacle	711	crinacle/711%20in-ear/Hidition%20Viento-B%20(CIEM)
Hidition Viento-B (CIEM)	freeryder05		freeryder05/in-ear/Hidition%20Viento-B%20(CIEM)
Hidition Viento-D (CIEM)	crinacle	711	crinacle/711%20in-ear/Hidition%20Viento-D%20(CIEM)
Hidition Violet	crinacle	711	crinacle/711%20in-ear/Hidition%20Violet
Hidition Violet	Hi End Portable		Hi%20End%20Portable/in-ear/Hidition%20Violet
Hidition Violet	Super Review		Super%20Review/in-ear/Hidition%20Violet
Hidition Waltz	crinacle	711	crinacle/711%20in-ear/Hidition%20Waltz
Hidizs MD4 (off-off)	Hi End Portable		Hi%20End%20Portable/in-ear/Hidizs%20MD4%20(off-off)
Hidizs MD4 (off-on)	Hi End Portable		Hi%20End%20Portable/in-ear/Hidizs%20MD4%20(off-on)
Hidizs MD4 (on-off)	Hi End Portable		Hi%20End%20Portable/in-ear/Hidizs%20MD4%20(on-off)
Hidizs MD4 (on-on)	Hi End Portable		Hi%20End%20Portable/in-ear/Hidizs%20MD4%20(on-on)
Hidizs Mermaid MM2 (balanced filter)	Hi End Portable		Hi%20End%20Portable/in-ear/Hidizs%20Mermaid%20MM2%20(balanced%20filter)
Hidizs Mermaid MM2 (bass filter)	Hi End Portable		Hi%20End%20Portable/in-ear/Hidizs%20Mermaid%20MM2%20(bass%20filter)
Hidizs Mermaid MM2 (reference filter)	Hi End Portable		Hi%20End%20Portable/in-ear/Hidizs%20Mermaid%20MM2%20(reference%20filter)
Hidizs Mermaid MM2 (treble filter)	Hi End Portable		Hi%20End%20Portable/in-ear/Hidizs%20Mermaid%20MM2%20(treble%20filter)
Hidizs Mermaid MS1	Hi End Portable		Hi%20End%20Portable/in-ear/Hidizs%20Mermaid%20MS1
Hidizs Mermaid MS4	crinacle	711	crinacle/711%20in-ear/Hidizs%20Mermaid%20MS4
Hidizs MK12 (gold nozzle)	Kazi		Kazi/in-ear/Hidizs%20MK12%20(gold%20nozzle)
Hidizs MK12 (red nozzle)	Kazi		Kazi/in-ear/Hidizs%20MK12%20(red%20nozzle)
Hidizs MK12 (silver nozzle)	Kazi		Kazi/in-ear/Hidizs%20MK12%20(silver%20nozzle)
Hidizs MP143 (gold nozzle)	Hi End Portable		Hi%20End%20Portable/in-ear/Hidizs%20MP143%20(gold%20nozzle)
Hidizs MP143 (gold nozzle)	Jaytiss		Jaytiss/in-ear/Hidizs%20MP143%20(gold%20nozzle)
Hidizs MP143 (red nozzle)	Hi End Portable		Hi%20End%20Portable/in-ear/Hidizs%20MP143%20(red%20nozzle)
Hidizs MP143 (silver nozzle)	Hi End Portable		Hi%20End%20Portable/in-ear/Hidizs%20MP143%20(silver%20nozzle)
Hidizs MP143 Golden Titanium (gold nozzle)	Hi End Portable		Hi%20End%20Portable/in-ear/Hidizs%20MP143%20Golden%20Titanium%20(gold%20nozzle)
Hidizs MP143 Golden Titanium (red nozzle)	Hi End Portable		Hi%20End%20Portable/in-ear/Hidizs%20MP143%20Golden%20Titanium%20(red%20nozzle)
Hidizs MP143 Golden Titanium (silver nozzle)	Hi End Portable		Hi%20End%20Portable/in-ear/Hidizs%20MP143%20Golden%20Titanium%20(silver%20nozzle)
Hidizs MP143	Kazi		Kazi/in-ear/Hidizs%20MP143
Hidizs MP145 (red nozzle)	Fahryst		Fahryst/in-ear/Hidizs%20MP145%20(red%20nozzle)
Hidizs MP145 (red nozzle)	Hi End Portable		Hi%20End%20Portable/in-ear/Hidizs%20MP145%20(red%20nozzle)
Hidizs MP145 (red nozzle)	RikudouGoku		RikudouGoku/in-ear/Hidizs%20MP145%20(red%20nozzle)
Hidizs MP145 (rosegold nozzle)	Fahryst		Fahryst/in-ear/Hidizs%20MP145%20(rosegold%20nozzle)
Hidizs MP145 (rosegold nozzle)	RikudouGoku		RikudouGoku/in-ear/Hidizs%20MP145%20(rosegold%20nozzle)
Hidizs MP145 (silver nozzle)	Fahryst		Fahryst/in-ear/Hidizs%20MP145%20(silver%20nozzle)
Hidizs MP145 (silver nozzle)	Hi End Portable		Hi%20End%20Portable/in-ear/Hidizs%20MP145%20(silver%20nozzle)
Hidizs MP145 (silver nozzle)	RikudouGoku		RikudouGoku/in-ear/Hidizs%20MP145%20(silver%20nozzle)
Hidizs MP145 Golden Titanium Edition (red nozzle)	Hi End Portable		Hi%20End%20Portable/in-ear/Hidizs%20MP145%20Golden%20Titanium%20Edition%20(red%20nozzle)
Hidizs MP145 Golden Titanium Edition (rosegold nozzle)	Hi End Portable		Hi%20End%20Portable/in-ear/Hidizs%20MP145%20Golden%20Titanium%20Edition%20(rosegold%20nozzle)
Hidizs MP145 Golden Titanium Edition (silver nozzle)	Hi End Portable		Hi%20End%20Portable/in-ear/Hidizs%20MP145%20Golden%20Titanium%20Edition%20(silver%20nozzle)
Hidizs MP145	Kazi		Kazi/in-ear/Hidizs%20MP145
Hidizs MS2	Hi End Portable		Hi%20End%20Portable/in-ear/Hidizs%20MS2
Hidizs MS3 (red nozzle)	Fahryst		Fahryst/in-ear/Hidizs%20MS3%20(red%20nozzle)
Hidizs MS3 (red nozzle)	Hi End Portable		Hi%20End%20Portable/in-ear/Hidizs%20MS3%20(red%20nozzle)
Hidizs MS3 (red nozzle)	Regan Cipher		Regan%20Cipher/in-ear/Hidizs%20MS3%20(red%20nozzle)
Hidizs MS3 (rosegold nozzle)	Fahryst		Fahryst/in-ear/Hidizs%20MS3%20(rosegold%20nozzle)
Hidizs MS3 (rosegold nozzle)	Hi End Portable		Hi%20End%20Portable/in-ear/Hidizs%20MS3%20(rosegold%20nozzle)
Hidizs MS3 (rosegold nozzle)	Regan Cipher		Regan%20Cipher/in-ear/Hidizs%20MS3%20(rosegold%20nozzle)
Hidizs MS3 (silver nozzle)	Fahryst		Fahryst/in-ear/Hidizs%20MS3%20(silver%20nozzle)
Hidizs MS3 (silver nozzle)	Hi End Portable		Hi%20End%20Portable/in-ear/Hidizs%20MS3%20(silver%20nozzle)
Hidizs MS3 (silver nozzle)	Regan Cipher		Regan%20Cipher/in-ear/Hidizs%20MS3%20(silver%20nozzle)
Hidizs MS3	Jaytiss		Jaytiss/in-ear/Hidizs%20MS3
Hidizs MS5 (red nozzle)	Hi End Portable		Hi%20End%20Portable/in-ear/Hidizs%20MS5%20(red%20nozzle)
Hidizs MS5 (red nozzle)	ToneDeafMonk		ToneDeafMonk/in-ear/Hidizs%20MS5%20(red%20nozzle)
Hidizs MS5 (rosegold nozzle)	Hi End Portable		Hi%20End%20Portable/in-ear/Hidizs%20MS5%20(rosegold%20nozzle)
Hidizs MS5 (rosegold nozzle)	Kazi		Kazi/in-ear/Hidizs%20MS5%20(rosegold%20nozzle)
Hidizs MS5 (rosegold nozzle)	ToneDeafMonk		ToneDeafMonk/in-ear/Hidizs%20MS5%20(rosegold%20nozzle)
Hidizs MS5 (silver nozzle)	Hi End Portable		Hi%20End%20Portable/in-ear/Hidizs%20MS5%20(silver%20nozzle)
Hidizs MS5 (silver nozzle)	ToneDeafMonk		ToneDeafMonk/in-ear/Hidizs%20MS5%20(silver%20nozzle)
Hidizs MS5	Fahryst		Fahryst/in-ear/Hidizs%20MS5
Hidizs ST2 Nebula	Jaytiss		Jaytiss/in-ear/Hidizs%20ST2%20Nebula
Hidizs ST2 Pro	Hi End Portable		Hi%20End%20Portable/in-ear/Hidizs%20ST2%20Pro
HiFi Boy OS V3	crinacle	711	crinacle/711%20in-ear/HiFi%20Boy%20OS%20V3
HIFI FOR ALL Dahlia (balanced resonator)	Super Review		Super%20Review/over-ear/HIFI%20FOR%20ALL%20Dahlia%20(balanced%20resonator)
HIFI FOR ALL Dahlia (dynamic resonator)	Super Review		Super%20Review/over-ear/HIFI%20FOR%20ALL%20Dahlia%20(dynamic%20resonator)
HIFIMAN Ananda (V1)	kr0mka		kr0mka/over-ear/HIFIMAN%20Ananda%20(V1)
HIFIMAN Ananda BT	Rtings	HMS II.3	Rtings/HMS%20II.3%20over-ear/HIFIMAN%20Ananda%20BT
HIFIMAN Ananda Nano	Kuulokenurkka		Kuulokenurkka/over-ear/HIFIMAN%20Ananda%20Nano
HIFIMAN Ananda Nano	oratory1990		oratory1990/over-ear/HIFIMAN%20Ananda%20Nano
HIFIMAN Ananda Nano	Super Review		Super%20Review/over-ear/HIFIMAN%20Ananda%20Nano
HIFIMAN Ananda Stealth	oratory1990		oratory1990/over-ear/HIFIMAN%20Ananda%20Stealth
HIFIMAN Ananda	Auriculares Argentina		Auriculares%20Argentina/over-ear/HIFIMAN%20Ananda
HIFIMAN Ananda	crinacle	EARS + 711	crinacle/EARS%20+%20711%20over-ear/HIFIMAN%20Ananda
HIFIMAN Ananda	crinacle	GRAS 43AG-7	crinacle/GRAS%2043AG-7%20over-ear/HIFIMAN%20Ananda
HIFIMAN Ananda	Filk		Filk/over-ear/HIFIMAN%20Ananda
HIFIMAN Ananda	Kuulokenurkka		Kuulokenurkka/over-ear/HIFIMAN%20Ananda
HIFIMAN Ananda	oratory1990		oratory1990/over-ear/HIFIMAN%20Ananda
HIFIMAN Ananda	Rtings	HMS II.3	Rtings/HMS%20II.3%20over-ear/HIFIMAN%20Ananda
HIFIMAN Arya Organic	kr0mka		kr0mka/over-ear/HIFIMAN%20Arya%20Organic
HIFIMAN Arya Organic	Kuulokenurkka		Kuulokenurkka/over-ear/HIFIMAN%20Arya%20Organic
HIFIMAN Arya Organic	oratory1990		oratory1990/over-ear/HIFIMAN%20Arya%20Organic
HIFIMAN Arya Stealth Magnet Version	crinacle	GRAS 43AG-7	crinacle/GRAS%2043AG-7%20over-ear/HIFIMAN%20Arya%20Stealth%20Magnet%20Version
HIFIMAN Arya Stealth Magnet Version	oratory1990		oratory1990/over-ear/HIFIMAN%20Arya%20Stealth%20Magnet%20Version
HIFIMAN Arya Stealth Magnet Version	Rtings	Bruel & Kjaer 5128	Rtings/Bruel%20&%20Kjaer%205128%20over-ear/HIFIMAN%20Arya%20Stealth%20Magnet%20Version
HIFIMAN Arya Unveiled	Kuulokenurkka		Kuulokenurkka/over-ear/HIFIMAN%20Arya%20Unveiled
HIFIMAN Arya	Auriculares Argentina		Auriculares%20Argentina/over-ear/HIFIMAN%20Arya
HIFIMAN Arya	crinacle	EARS + 711	crinacle/EARS%20+%20711%20over-ear/HIFIMAN%20Arya
HIFIMAN Arya	crinacle	GRAS 43AG-7	crinacle/GRAS%2043AG-7%20over-ear/HIFIMAN%20Arya
HIFIMAN Arya	oratory1990		oratory1990/over-ear/HIFIMAN%20Arya
HIFIMAN Arya	Rtings	HMS II.3	Rtings/HMS%20II.3%20over-ear/HIFIMAN%20Arya
HIFIMAN Audivina	oratory1990		oratory1990/over-ear/HIFIMAN%20Audivina
HIFIMAN Bolt	Super Review		Super%20Review/in-ear/HIFIMAN%20Bolt
HIFIMAN Deva (wired)	crinacle	GRAS 43AG-7	crinacle/GRAS%2043AG-7%20over-ear/HIFIMAN%20Deva%20(wired)
HIFIMAN Deva (wired)	oratory1990		oratory1990/over-ear/HIFIMAN%20Deva%20(wired)
HIFIMAN Deva (wireless)	oratory1990		oratory1990/over-ear/HIFIMAN%20Deva%20(wireless)
HIFIMAN Deva Pro	Auriculares Argentina		Auriculares%20Argentina/over-ear/HIFIMAN%20Deva%20Pro
HIFIMAN Deva Pro	crinacle	GRAS 43AG-7	crinacle/GRAS%2043AG-7%20over-ear/HIFIMAN%20Deva%20Pro
HIFIMAN Deva Pro	oratory1990		oratory1990/over-ear/HIFIMAN%20Deva%20Pro
HIFIMAN Deva Pro-wired	Kuulokenurkka		Kuulokenurkka/over-ear/HIFIMAN%20Deva%20Pro-wired
HIFIMAN Edition S (closed back)	oratory1990		oratory1990/over-ear/HIFIMAN%20Edition%20S%20(closed%20back)
HIFIMAN Edition S (open back)	oratory1990		oratory1990/over-ear/HIFIMAN%20Edition%20S%20(open%20back)
HIFIMAN Edition X V2	crinacle	GRAS 43AG-7	crinacle/GRAS%2043AG-7%20over-ear/HIFIMAN%20Edition%20X%20V2
HIFIMAN Edition X V2	Innerfidelity		Innerfidelity/over-ear/HIFIMAN%20Edition%20X%20V2
HIFIMAN Edition X V2	oratory1990		oratory1990/over-ear/HIFIMAN%20Edition%20X%20V2
HIFIMAN Edition X	Innerfidelity		Innerfidelity/over-ear/HIFIMAN%20Edition%20X
HIFIMAN Edition X	oratory1990		oratory1990/over-ear/HIFIMAN%20Edition%20X
HIFIMAN Edition X	Rtings	HMS II.3	Rtings/HMS%20II.3%20over-ear/HIFIMAN%20Edition%20X
HIFIMAN Edition XS	Kuulokenurkka		Kuulokenurkka/over-ear/HIFIMAN%20Edition%20XS
HIFIMAN Edition XS	oratory1990		oratory1990/over-ear/HIFIMAN%20Edition%20XS
HIFIMAN Edition XS	Rtings	Bruel & Kjaer 5128	Rtings/Bruel%20&%20Kjaer%205128%20over-ear/HIFIMAN%20Edition%20XS
HIFIMAN Edition XS	Super Review		Super%20Review/over-ear/HIFIMAN%20Edition%20XS
HIFIMAN Edition XX	oratory1990		oratory1990/over-ear/HIFIMAN%20Edition%20XX
HIFIMAN HE1000 Stealth	oratory1990		oratory1990/over-ear/HIFIMAN%20HE1000%20Stealth
HIFIMAN HE1000 Unveiled	Kuulokenurkka		Kuulokenurkka/over-ear/HIFIMAN%20HE1000%20Unveiled
HIFIMAN HE1000 V1	crinacle	EARS + 711	crinacle/EARS%20+%20711%20over-ear/HIFIMAN%20HE1000%20V1
HIFIMAN HE1000 V1	crinacle	GRAS 43AG-7	crinacle/GRAS%2043AG-7%20over-ear/HIFIMAN%20HE1000%20V1
HIFIMAN HE1000 V2	crinacle	GRAS 43AG-7	crinacle/GRAS%2043AG-7%20over-ear/HIFIMAN%20HE1000%20V2
HIFIMAN HE1000 V2	oratory1990		oratory1990/over-ear/HIFIMAN%20HE1000%20V2
HIFIMAN HE1000	crinacle	EARS + 711	crinacle/EARS%20+%20711%20over-ear/HIFIMAN%20HE1000
HIFIMAN HE1000	Innerfidelity		Innerfidelity/over-ear/HIFIMAN%20HE1000
HIFIMAN HE1000se (Dekoni fenestrated sheepskin earpads)	kr0mka		kr0mka/over-ear/HIFIMAN%20HE1000se%20(Dekoni%20fenestrated%20sheepskin%20earpads)
HIFIMAN HE1000se	crinacle	GRAS 43AG-7	crinacle/GRAS%2043AG-7%20over-ear/HIFIMAN%20HE1000se
HIFIMAN HE1000se	Kuulokenurkka		Kuulokenurkka/over-ear/HIFIMAN%20HE1000se
HIFIMAN HE1000se	oratory1990		oratory1990/over-ear/HIFIMAN%20HE1000se
HIFIMAN HE-300 Rev 2	Innerfidelity		Innerfidelity/over-ear/HIFIMAN%20HE-300%20Rev%202
HIFIMAN HE-300	Innerfidelity		Innerfidelity/over-ear/HIFIMAN%20HE-300
HIFIMAN HE350	oratory1990		oratory1990/over-ear/HIFIMAN%20HE350
HIFIMAN HE35X	oratory1990		oratory1990/over-ear/HIFIMAN%20HE35X
HIFIMAN HE-4	Innerfidelity		Innerfidelity/over-ear/HIFIMAN%20HE-4
HIFIMAN HE-400	Headphone.com Legacy		Headphone.com%20Legacy/over-ear/HIFIMAN%20HE-400
HIFIMAN HE400i (2016)	crinacle	GRAS 43AG-7	crinacle/GRAS%2043AG-7%20over-ear/HIFIMAN%20HE400i%20(2016)
HIFIMAN HE400i (2016)	oratory1990		oratory1990/over-ear/HIFIMAN%20HE400i%20(2016)
HIFIMAN HE400i (2020)	crinacle	GRAS 43AG-7	crinacle/GRAS%2043AG-7%20over-ear/HIFIMAN%20HE400i%20(2020)
HIFIMAN HE400i (2020)	oratory1990		oratory1990/over-ear/HIFIMAN%20HE400i%20(2020)
HIFIMAN HE400i	Innerfidelity		Innerfidelity/over-ear/HIFIMAN%20HE400i
HIFIMAN HE400i	Rtings	HMS II.3	Rtings/HMS%20II.3%20over-ear/HIFIMAN%20HE400i
HIFIMAN HE400S	Innerfidelity		Innerfidelity/over-ear/HIFIMAN%20HE400S
HIFIMAN HE400se (non-stealth magnet)	Filk		Filk/over-ear/HIFIMAN%20HE400se%20(non-stealth%20magnet)
HIFIMAN HE400se (stealth magnet)	Filk		Filk/over-ear/HIFIMAN%20HE400se%20(stealth%20magnet)
HIFIMAN HE400se	Auriculares Argentina		Auriculares%20Argentina/over-ear/HIFIMAN%20HE400se
HIFIMAN HE400se	crinacle	GRAS 43AG-7	crinacle/GRAS%2043AG-7%20over-ear/HIFIMAN%20HE400se
HIFIMAN HE400se	Kuulokenurkka		Kuulokenurkka/over-ear/HIFIMAN%20HE400se
HIFIMAN HE400se	oratory1990		oratory1990/over-ear/HIFIMAN%20HE400se
HIFIMAN HE400se	Rtings	HMS II.3	Rtings/HMS%20II.3%20over-ear/HIFIMAN%20HE400se
HIFIMAN HE4XX	Innerfidelity		Innerfidelity/over-ear/HIFIMAN%20HE4XX
HIFIMAN HE4XX	oratory1990		oratory1990/over-ear/HIFIMAN%20HE4XX
HIFIMAN HE-5	crinacle	GRAS 43AG-7	crinacle/GRAS%2043AG-7%20over-ear/HIFIMAN%20HE-5
HIFIMAN HE-5	Headphone.com Legacy		Headphone.com%20Legacy/over-ear/HIFIMAN%20HE-5
HIFIMAN HE-5	Innerfidelity		Innerfidelity/over-ear/HIFIMAN%20HE-5
HIFIMAN HE-500 (FocusPad-A)	crinacle	GRAS 43AG-7	crinacle/GRAS%2043AG-7%20over-ear/HIFIMAN%20HE-500%20(FocusPad-A)
HIFIMAN HE-500	Headphone.com Legacy		Headphone.com%20Legacy/over-ear/HIFIMAN%20HE-500
HIFIMAN HE-500	Innerfidelity		Innerfidelity/over-ear/HIFIMAN%20HE-500
HIFIMAN HE560 (V1)	crinacle	GRAS 43AG-7	crinacle/GRAS%2043AG-7%20over-ear/HIFIMAN%20HE560%20(V1)
HIFIMAN HE560 2014	Innerfidelity		Innerfidelity/over-ear/HIFIMAN%20HE560%202014
HIFIMAN HE560	oratory1990		oratory1990/over-ear/HIFIMAN%20HE560
HIFIMAN HE-5LE	Headphone.com Legacy		Headphone.com%20Legacy/over-ear/HIFIMAN%20HE-5LE
HIFIMAN HE-5LE	Innerfidelity		Innerfidelity/over-ear/HIFIMAN%20HE-5LE
HIFIMAN HE5se	crinacle	EARS + 711	crinacle/EARS%20+%20711%20over-ear/HIFIMAN%20HE5se
HIFIMAN HE5se	crinacle	GRAS 43AG-7	crinacle/GRAS%2043AG-7%20over-ear/HIFIMAN%20HE5se
HIFIMAN HE5XX	oratory1990		oratory1990/over-ear/HIFIMAN%20HE5XX
HIFIMAN HE-6 (6-screw, HIFIMAN FocusPad earpads)	Kuulokenurkka		Kuulokenurkka/over-ear/HIFIMAN%20HE-6%20(6-screw,%20HIFIMAN%20FocusPad%20earpads)
HIFIMAN HE-6 (6-screw, pleather earpads)	Kuulokenurkka		Kuulokenurkka/over-ear/HIFIMAN%20HE-6%20(6-screw,%20pleather%20earpads)
HIFIMAN HE6 (6-screw, velour earpads)	crinacle	GRAS 43AG-7	crinacle/GRAS%2043AG-7%20over-ear/HIFIMAN%20HE6%20(6-screw,%20velour%20earpads)
HIFIMAN HE6	Headphone.com Legacy		Headphone.com%20Legacy/over-ear/HIFIMAN%20HE6
HIFIMAN HE6	Innerfidelity		Innerfidelity/over-ear/HIFIMAN%20HE6
HIFIMAN HE6	oratory1990		oratory1990/over-ear/HIFIMAN%20HE6
HIFIMAN HE6se V2	crinacle	GRAS 43AG-7	crinacle/GRAS%2043AG-7%20over-ear/HIFIMAN%20HE6se%20V2
HIFIMAN HE6se V2	oratory1990		oratory1990/over-ear/HIFIMAN%20HE6se%20V2
HIFIMAN HE6se	crinacle	GRAS 43AG-7	crinacle/GRAS%2043AG-7%20over-ear/HIFIMAN%20HE6se
HIFIMAN HE6se	oratory1990		oratory1990/over-ear/HIFIMAN%20HE6se
HIFIMAN HE-R9	Auriculares Argentina		Auriculares%20Argentina/over-ear/HIFIMAN%20HE-R9
HIFIMAN HE-R9	Kuulokenurkka		Kuulokenurkka/over-ear/HIFIMAN%20HE-R9
HIFIMAN HE-R9	oratory1990		oratory1990/over-ear/HIFIMAN%20HE-R9
HIFIMAN HE-X4	crinacle	GRAS 43AG-7	crinacle/GRAS%2043AG-7%20over-ear/HIFIMAN%20HE-X4
HIFIMAN HE-X4	oratory1990		oratory1990/over-ear/HIFIMAN%20HE-X4
HIFIMAN Isvarna	Kuulokenurkka		Kuulokenurkka/over-ear/HIFIMAN%20Isvarna
HIFIMAN Jade II	crinacle	GRAS 43AG-7	crinacle/GRAS%2043AG-7%20over-ear/HIFIMAN%20Jade%20II
HIFIMAN Jade II	oratory1990		oratory1990/over-ear/HIFIMAN%20Jade%20II
HIFIMAN RE2000 Pro	crinacle	711	crinacle/711%20in-ear/HIFIMAN%20RE2000%20Pro
HIFIMAN RE2000	crinacle	711	crinacle/711%20in-ear/HIFIMAN%20RE2000
HIFIMAN RE262	Innerfidelity		Innerfidelity/in-ear/HIFIMAN%20RE262
HIFIMAN RE272	Innerfidelity		Innerfidelity/in-ear/HIFIMAN%20RE272
HIFIMAN RE300	Innerfidelity		Innerfidelity/in-ear/HIFIMAN%20RE300
HIFIMAN RE400 (double flange eartips)	Fahryst		Fahryst/in-ear/HIFIMAN%20RE400%20(double%20flange%20eartips)
HIFIMAN RE400	crinacle	711	crinacle/711%20in-ear/HIFIMAN%20RE400
HIFIMAN RE400	Innerfidelity		Innerfidelity/in-ear/HIFIMAN%20RE400
HIFIMAN RE600	Innerfidelity		Innerfidelity/in-ear/HIFIMAN%20RE600
HIFIMAN RE600S	oratory1990		oratory1990/in-ear/HIFIMAN%20RE600S
HIFIMAN RE800	crinacle	711	crinacle/711%20in-ear/HIFIMAN%20RE800
HIFIMAN RE800	Harpo		Harpo/in-ear/HIFIMAN%20RE800
HIFIMAN Shangri-La Jr	crinacle	GRAS 43AG-7	crinacle/GRAS%2043AG-7%20over-ear/HIFIMAN%20Shangri-La%20Jr
HIFIMAN Shangri-La Jr	oratory1990		oratory1990/over-ear/HIFIMAN%20Shangri-La%20Jr
HIFIMAN Shangri-La	oratory1990		oratory1990/over-ear/HIFIMAN%20Shangri-La
HIFIMAN Sundara (2018)	Innerfidelity		Innerfidelity/over-ear/HIFIMAN%20Sundara%20(2018)
HIFIMAN Sundara (Dekoni sheepskin Earpads)	oratory1990		oratory1990/over-ear/HIFIMAN%20Sundara%20(Dekoni%20sheepskin%20Earpads)
HIFIMAN Sundara (post-2020 earpads)	Auriculares Argentina		Auriculares%20Argentina/over-ear/HIFIMAN%20Sundara%20(post-2020%20earpads)
HIFIMAN Sundara (post-2020 earpads)	crinacle	GRAS 43AG-7	crinacle/GRAS%2043AG-7%20over-ear/HIFIMAN%20Sundara%20(post-2020%20earpads)
HIFIMAN Sundara (post-2020 earpads)	Kuulokenurkka		Kuulokenurkka/over-ear/HIFIMAN%20Sundara%20(post-2020%20earpads)
HIFIMAN Sundara (post-2020 earpads)	oratory1990		oratory1990/over-ear/HIFIMAN%20Sundara%20(post-2020%20earpads)
HIFIMAN Sundara (post-2020 earpads)	Rtings	Bruel & Kjaer 5128	Rtings/Bruel%20&%20Kjaer%205128%20over-ear/HIFIMAN%20Sundara%20(post-2020%20earpads)
HIFIMAN Sundara (pre-2020 earpads)	crinacle	EARS + 711	crinacle/EARS%20+%20711%20over-ear/HIFIMAN%20Sundara%20(pre-2020%20earpads)
HIFIMAN Sundara (pre-2020 earpads)	oratory1990		oratory1990/over-ear/HIFIMAN%20Sundara%20(pre-2020%20earpads)
HIFIMAN Sundara (pre-2020 earpads)	Rtings	HMS II.3	Rtings/HMS%20II.3%20over-ear/HIFIMAN%20Sundara%20(pre-2020%20earpads)
HIFIMAN Sundara Closed-Back	Auriculares Argentina		Auriculares%20Argentina/over-ear/HIFIMAN%20Sundara%20Closed-Back
HIFIMAN Sundara Closed-Back	Kuulokenurkka		Kuulokenurkka/over-ear/HIFIMAN%20Sundara%20Closed-Back
HIFIMAN Sundara Closed-Back	oratory1990		oratory1990/over-ear/HIFIMAN%20Sundara%20Closed-Back
HIFIMAN Sundara Silver	Kuulokenurkka		Kuulokenurkka/over-ear/HIFIMAN%20Sundara%20Silver
HIFIMAN Sundara	crinacle	GRAS 43AG-7	crinacle/GRAS%2043AG-7%20over-ear/HIFIMAN%20Sundara
HIFIMAN Sundara	Super Review		Super%20Review/over-ear/HIFIMAN%20Sundara
HIFIMAN Susvara Unveiled	Kuulokenurkka		Kuulokenurkka/over-ear/HIFIMAN%20Susvara%20Unveiled
HIFIMAN Susvara	crinacle	GRAS 43AG-7	crinacle/GRAS%2043AG-7%20over-ear/HIFIMAN%20Susvara
HIFIMAN Susvara	Kuulokenurkka		Kuulokenurkka/over-ear/HIFIMAN%20Susvara
HIFIMAN Svanar (ANC Hifi)	DHRME		DHRME/in-ear/HIFIMAN%20Svanar%20(ANC%20Hifi)
HIFIMAN Svanar (ANC)	DHRME		DHRME/in-ear/HIFIMAN%20Svanar%20(ANC)
HIFIMAN Svanar	Kazi		Kazi/in-ear/HIFIMAN%20Svanar
HIFIMAN TWS600	crinacle	711	crinacle/711%20in-ear/HIFIMAN%20TWS600
Hi-Fri Audio Aphex	Super Review		Super%20Review/in-ear/Hi-Fri%20Audio%20Aphex
Hisenior Cano Cristales	Super Review		Super%20Review/in-ear/Hisenior%20Cano%20Cristales
Hisenior Mega 5 EST (CIEM)	Filk		Filk/in-ear/Hisenior%20Mega%205%20EST%20(CIEM)
Hisenior Mega 5 EST (sample 1)	Super Review		Super%20Review/in-ear/Hisenior%20Mega%205%20EST%20(sample%201)
Hisenior Mega 5 EST (sample 2)	Super Review		Super%20Review/in-ear/Hisenior%20Mega%205%20EST%20(sample%202)
Hisenior Mega 5 EST Bass+	Super Review		Super%20Review/in-ear/Hisenior%20Mega%205%20EST%20Bass+
Hisenior Mega 5 EST	freeryder05		freeryder05/in-ear/Hisenior%20Mega%205%20EST
Hisenior Mega 5 EST	Jaytiss		Jaytiss/in-ear/Hisenior%20Mega%205%20EST
Hisenior Mega 5 EST	Super Review		Super%20Review/in-ear/Hisenior%20Mega%205%20EST
Hisenior Mega 5 EST	ToneDeafMonk		ToneDeafMonk/in-ear/Hisenior%20Mega%205%20EST
Hisenior Mega5P	ToneDeafMonk		ToneDeafMonk/in-ear/Hisenior%20Mega5P
Hisenior Okavango (off-off)	Kazi		Kazi/in-ear/Hisenior%20Okavango%20(off-off)
Hisenior Okavango (off-off)	Super Review		Super%20Review/in-ear/Hisenior%20Okavango%20(off-off)
Hisenior Okavango (off-off)	ToneDeafMonk		ToneDeafMonk/in-ear/Hisenior%20Okavango%20(off-off)
Hisenior Okavango (off-on)	Kazi		Kazi/in-ear/Hisenior%20Okavango%20(off-on)
Hisenior Okavango (off-on)	ToneDeafMonk		ToneDeafMonk/in-ear/Hisenior%20Okavango%20(off-on)
Hisenior Okavango (on-off)	Kazi		Kazi/in-ear/Hisenior%20Okavango%20(on-off)
Hisenior Okavango (on-off)	Super Review		Super%20Review/in-ear/Hisenior%20Okavango%20(on-off)
Hisenior Okavango (on-off)	ToneDeafMonk		ToneDeafMonk/in-ear/Hisenior%20Okavango%20(on-off)
Hisenior Okavango (on-on)	Kazi		Kazi/in-ear/Hisenior%20Okavango%20(on-on)
Hisenior Okavango (on-on)	Super Review		Super%20Review/in-ear/Hisenior%20Okavango%20(on-on)
Hisenior Okavango (on-on)	ToneDeafMonk		ToneDeafMonk/in-ear/Hisenior%20Okavango%20(on-on)
Hisenior T2	RikudouGoku		RikudouGoku/in-ear/Hisenior%20T2
Hisenior T2U	ToneDeafMonk		ToneDeafMonk/in-ear/Hisenior%20T2U
Hisenior T4 (off-off)	ToneDeafMonk		ToneDeafMonk/in-ear/Hisenior%20T4%20(off-off)
Hisenior T4 (off-on)	ToneDeafMonk		ToneDeafMonk/in-ear/Hisenior%20T4%20(off-on)
Hisenior T4 (on-off)	ToneDeafMonk		ToneDeafMonk/in-ear/Hisenior%20T4%20(on-off)
Hisenior T4 (on-on)	ToneDeafMonk		ToneDeafMonk/in-ear/Hisenior%20T4%20(on-on)
HiSoundAudio BA-100	Innerfidelity		Innerfidelity/in-ear/HiSoundAudio%20BA-100
HiSoundAudio Crystal	Innerfidelity		Innerfidelity/in-ear/HiSoundAudio%20Crystal
HiSoundAudio Golden Crystal	Innerfidelity		Innerfidelity/in-ear/HiSoundAudio%20Golden%20Crystal
HiSoundAudio Hiphone HP4	Innerfidelity		Innerfidelity/in-ear/HiSoundAudio%20Hiphone%20HP4
HiSoundAudio Wooduo	Innerfidelity		Innerfidelity/in-ear/HiSoundAudio%20Wooduo
Horluchs HL4300	crinacle	711	crinacle/711%20in-ear/Horluchs%20HL4300
House of Marley Exodus Second Pair	Innerfidelity		Innerfidelity/over-ear/House%20of%20Marley%20Exodus%20Second%20Pair
House of Marley Legend	Innerfidelity		Innerfidelity/in-ear/House%20of%20Marley%20Legend
House of Marley Liberate XLBT Wired	Innerfidelity		Innerfidelity/over-ear/House%20of%20Marley%20Liberate%20XLBT%20Wired
House of Marley Positive Vibration 2	oratory1990		oratory1990/over-ear/House%20of%20Marley%20Positive%20Vibration%202
House of Marley Smile Jamaica	Innerfidelity		Innerfidelity/in-ear/House%20of%20Marley%20Smile%20Jamaica
House of Marley Stir It Up	Innerfidelity		Innerfidelity/over-ear/House%20of%20Marley%20Stir%20It%20Up
Howard Leight Sync	Innerfidelity		Innerfidelity/over-ear/Howard%20Leight%20Sync
Huawei Free Buds Pro 3 (ANC max)	DHRME		DHRME/in-ear/Huawei%20Free%20Buds%20Pro%203%20(ANC%20max)
Huawei Free Buds Pro 4 (default eq)	DHRME		DHRME/in-ear/Huawei%20Free%20Buds%20Pro%204%20(default%20eq)
Huawei FreeArc (ANC off)	Regan Cipher		Regan%20Cipher/earbud/Huawei%20FreeArc%20(ANC%20off)
Huawei Freebuds 4i	oratory1990		oratory1990/in-ear/Huawei%20Freebuds%204i
Huawei Freebuds 5	Regan Cipher		Regan%20Cipher/earbud/Huawei%20Freebuds%205
Huawei Freebuds 5i (ANC off)	kr0mka		kr0mka/in-ear/Huawei%20Freebuds%205i%20(ANC%20off)
Huawei Freebuds 5i (ANC off, awareness)	kr0mka		kr0mka/in-ear/Huawei%20Freebuds%205i%20(ANC%20off,%20awareness)
Huawei Freebuds 5i (ANC off, bass boost)	kr0mka		kr0mka/in-ear/Huawei%20Freebuds%205i%20(ANC%20off,%20bass%20boost)
Huawei Freebuds 5i (ANC off, treble boost)	kr0mka		kr0mka/in-ear/Huawei%20Freebuds%205i%20(ANC%20off,%20treble%20boost)
Huawei Freebuds 5i (ANC on)	kr0mka		kr0mka/in-ear/Huawei%20Freebuds%205i%20(ANC%20on)
Huawei Freebuds 5i (ANC on, bass boost)	kr0mka		kr0mka/in-ear/Huawei%20Freebuds%205i%20(ANC%20on,%20bass%20boost)
Huawei Freebuds 5i (ANC on, treble boost)	kr0mka		kr0mka/in-ear/Huawei%20Freebuds%205i%20(ANC%20on,%20treble%20boost)
Huawei Freebuds Pro (ANC off)	Regan Cipher		Regan%20Cipher/in-ear/Huawei%20Freebuds%20Pro%20(ANC%20off)
Huawei Freebuds Pro (ANC on)	Regan Cipher		Regan%20Cipher/in-ear/Huawei%20Freebuds%20Pro%20(ANC%20on)
Huawei Freebuds Pro 2	Harpo		Harpo/in-ear/Huawei%20Freebuds%20Pro%202
Huawei Freebuds Pro 2	oratory1990		oratory1990/in-ear/Huawei%20Freebuds%20Pro%202
Huawei FreeBuds Pro 4 (ANC off)	Regan Cipher		Regan%20Cipher/in-ear/Huawei%20FreeBuds%20Pro%204%20(ANC%20off)
Huawei FreeBuds Pro 4 (ANC on)	Regan Cipher		Regan%20Cipher/in-ear/Huawei%20FreeBuds%20Pro%204%20(ANC%20on)
Huawei Freebuds Pro	Regan Cipher		Regan%20Cipher/in-ear/Huawei%20Freebuds%20Pro
HUM Dolores	crinacle	711	crinacle/711%20in-ear/HUM%20Dolores
HUM Hong Kong Reference	crinacle	711	crinacle/711%20in-ear/HUM%20Hong%20Kong%20Reference
HUM Hong Kong TT	crinacle	711	crinacle/711%20in-ear/HUM%20Hong%20Kong%20TT
HUM Pristine Reference	crinacle	711	crinacle/711%20in-ear/HUM%20Pristine%20Reference
HYLA CE-5	crinacle	711	crinacle/711%20in-ear/HYLA%20CE-5
HYLA Nerva X	crinacle	711	crinacle/711%20in-ear/HYLA%20Nerva%20X
HYLA Sarda	crinacle	711	crinacle/711%20in-ear/HYLA%20Sarda
HYLA TE-5B	crinacle	711	crinacle/711%20in-ear/HYLA%20TE-5B
HYLA TE-5T	crinacle	711	crinacle/711%20in-ear/HYLA%20TE-5T
HyperX Cloud Alpha S	Rtings	HMS II.3	Rtings/HMS%20II.3%20over-ear/HyperX%20Cloud%20Alpha%20S
HyperX Cloud Alpha Wireless	Rtings	HMS II.3	Rtings/HMS%20II.3%20over-ear/HyperX%20Cloud%20Alpha%20Wireless
HyperX Cloud Alpha	Kuulokenurkka		Kuulokenurkka/over-ear/HyperX%20Cloud%20Alpha
HyperX Cloud Alpha	oratory1990		oratory1990/over-ear/HyperX%20Cloud%20Alpha
HyperX Cloud Alpha	Rtings	HMS II.3	Rtings/HMS%20II.3%20over-ear/HyperX%20Cloud%20Alpha
HyperX Cloud Core	Rtings	HMS II.3	Rtings/HMS%20II.3%20over-ear/HyperX%20Cloud%20Core
HyperX Cloud Flight S	Rtings	HMS II.3	Rtings/HMS%20II.3%20over-ear/HyperX%20Cloud%20Flight%20S
HyperX Cloud Flight	Rtings	HMS II.3	Rtings/HMS%20II.3%20over-ear/HyperX%20Cloud%20Flight
HyperX Cloud II Wireless	Rtings	HMS II.3	Rtings/HMS%20II.3%20over-ear/HyperX%20Cloud%20II%20Wireless
HyperX Cloud II	Filk		Filk/over-ear/HyperX%20Cloud%20II
HyperX Cloud II	oratory1990		oratory1990/over-ear/HyperX%20Cloud%20II
HyperX Cloud II	Rtings	HMS II.3	Rtings/HMS%20II.3%20over-ear/HyperX%20Cloud%20II
HyperX Cloud III Wireless	Rtings	Bruel & Kjaer 5128	Rtings/Bruel%20&%20Kjaer%205128%20over-ear/HyperX%20Cloud%20III%20Wireless
HyperX Cloud III	Rtings	HMS II.3	Rtings/HMS%20II.3%20over-ear/HyperX%20Cloud%20III
HyperX Cloud Mix	Rtings	HMS II.3	Rtings/HMS%20II.3%20over-ear/HyperX%20Cloud%20Mix
HyperX Cloud Revolver + 7.1	Rtings	HMS II.3	Rtings/HMS%20II.3%20over-ear/HyperX%20Cloud%20Revolver%20+%207.1
HyperX Cloud Revolver	Rtings	HMS II.3	Rtings/HMS%20II.3%20over-ear/HyperX%20Cloud%20Revolver
HyperX Cloud Stinger 2	Rtings	HMS II.3	Rtings/HMS%20II.3%20over-ear/HyperX%20Cloud%20Stinger%202
HyperX Cloud Stinger S	Rtings	HMS II.3	Rtings/HMS%20II.3%20over-ear/HyperX%20Cloud%20Stinger%20S
HyperX Cloud Stinger	Rtings	HMS II.3	Rtings/HMS%20II.3%20over-ear/HyperX%20Cloud%20Stinger
HyperX Cloud	Filk		Filk/over-ear/HyperX%20Cloud
HZSOUND Heart Mirror Pro	crinacle	711	crinacle/711%20in-ear/HZSOUND%20Heart%20Mirror%20Pro
HZSOUND Heart Mirror Pro	Harpo		Harpo/in-ear/HZSOUND%20Heart%20Mirror%20Pro
HZSOUND Heart Mirror Zero	Super Review		Super%20Review/in-ear/HZSOUND%20Heart%20Mirror%20Zero
HZSOUND Heart Mirror	crinacle	711	crinacle/711%20in-ear/HZSOUND%20Heart%20Mirror
HZSOUND Heart Mirror	Harpo		Harpo/in-ear/HZSOUND%20Heart%20Mirror
HZSOUND Heart Mirror	Super Review		Super%20Review/in-ear/HZSOUND%20Heart%20Mirror
HZSOUND HZ3	Innerfidelity		Innerfidelity/in-ear/HZSOUND%20HZ3
HZSOUND HZ-EP001	Innerfidelity		Innerfidelity/in-ear/HZSOUND%20HZ-EP001
HZSOUND LUNA	ToneDeafMonk		ToneDeafMonk/in-ear/HZSOUND%20LUNA
HZSOUND White Snow	ToneDeafMonk		ToneDeafMonk/in-ear/HZSOUND%20White%20Snow
iBasso 3T-154	ToneDeafMonk		ToneDeafMonk/in-ear/iBasso%203T-154
iBasso AM05	crinacle	711	crinacle/711%20in-ear/iBasso%20AM05
iBasso IT00	crinacle	711	crinacle/711%20in-ear/iBasso%20IT00
iBasso IT00	RikudouGoku		RikudouGoku/in-ear/iBasso%20IT00
iBasso IT01	crinacle	711	crinacle/711%20in-ear/iBasso%20IT01
iBasso IT01S	crinacle	711	crinacle/711%20in-ear/iBasso%20IT01S
iBasso IT01X	crinacle	711	crinacle/711%20in-ear/iBasso%20IT01X
iBasso IT01X	Super Review		Super%20Review/in-ear/iBasso%20IT01X
iBasso IT03	crinacle	711	crinacle/711%20in-ear/iBasso%20IT03
iBasso IT03w	crinacle	711	crinacle/711%20in-ear/iBasso%20IT03w
iBasso IT04	crinacle	711	crinacle/711%20in-ear/iBasso%20IT04
iBasso IT07	crinacle	711	crinacle/711%20in-ear/iBasso%20IT07
iBasso IT07	Kazi		Kazi/in-ear/iBasso%20IT07
iBasso Jr. KLEE	ToneDeafMonk		ToneDeafMonk/in-ear/iBasso%20Jr.%20KLEE
iBasso SR1	crinacle	GRAS 43AG-7	crinacle/GRAS%2043AG-7%20over-ear/iBasso%20SR1
iBasso SR2	crinacle	GRAS 43AG-7	crinacle/GRAS%2043AG-7%20over-ear/iBasso%20SR2
Ice Lab Prismatica Gold	freeryder05		freeryder05/in-ear/Ice%20Lab%20Prismatica%20Gold
Ice Lab Prismatica	ToneDeafMonk		ToneDeafMonk/in-ear/Ice%20Lab%20Prismatica
Ice Lab Spectrumica (orange eartips)	Super Review		Super%20Review/in-ear/Ice%20Lab%20Spectrumica%20(orange%20eartips)
Ice Lab Spectrumica (purple eartips)	Super Review		Super%20Review/in-ear/Ice%20Lab%20Spectrumica%20(purple%20eartips)
iClever Boostcare	Rtings	HMS II.3	Rtings/HMS%20II.3%20over-ear/iClever%20Boostcare
iClever BTH02	Rtings	HMS II.3	Rtings/HMS%20II.3%20over-ear/iClever%20BTH02
iHarmonix iHX Pro ev-Series	Headphone.com Legacy		Headphone.com%20Legacy/in-ear/iHarmonix%20iHX%20Pro%20ev-Series
iHarmonix Platinum ev-Series	Innerfidelity		Innerfidelity/in-ear/iHarmonix%20Platinum%20ev-Series
I-INTO i8	crinacle	711	crinacle/711%20in-ear/I-INTO%20i8
iKF Y3	Super Review		Super%20Review/over-ear/iKF%20Y3
IKKO ActiveBuds	Regan Cipher		Regan%20Cipher/in-ear/IKKO%20ActiveBuds
IKKO OH1	crinacle	711	crinacle/711%20in-ear/IKKO%20OH1
IKKO OH1	oratory1990		oratory1990/in-ear/IKKO%20OH1
IKKO OH1	Super Review		Super%20Review/in-ear/IKKO%20OH1
IKKO OH10	crinacle	711	crinacle/711%20in-ear/IKKO%20OH10
IKKO OH10	Fahryst		Fahryst/in-ear/IKKO%20OH10
IKKO OH10	Harpo		Harpo/in-ear/IKKO%20OH10
IKKO OH10	Hi End Portable		Hi%20End%20Portable/in-ear/IKKO%20OH10
IKKO OH10	oratory1990		oratory1990/in-ear/IKKO%20OH10
IKKO OH10	RikudouGoku		RikudouGoku/in-ear/IKKO%20OH10
IKKO OH10	Super Review		Super%20Review/in-ear/IKKO%20OH10
IKKO OH10	ToneDeafMonk		ToneDeafMonk/in-ear/IKKO%20OH10
IKKO OH1S	crinacle	711	crinacle/711%20in-ear/IKKO%20OH1S
IKKO OH1S	Fahryst		Fahryst/in-ear/IKKO%20OH1S
IKKO OH1S	Hi End Portable		Hi%20End%20Portable/in-ear/IKKO%20OH1S
IKKO OH1S	Super Review		Super%20Review/in-ear/IKKO%20OH1S
IKKO OH2	crinacle	711	crinacle/711%20in-ear/IKKO%20OH2
IKKO OH2	Fahryst		Fahryst/in-ear/IKKO%20OH2
IKKO OH2	Hi End Portable		Hi%20End%20Portable/in-ear/IKKO%20OH2
IKKO OH2	Super Review		Super%20Review/in-ear/IKKO%20OH2
IKKO OH300	Regan Cipher		Regan%20Cipher/in-ear/IKKO%20OH300
IKKO OH5	Fahryst		Fahryst/in-ear/IKKO%20OH5
IKKO OH7	crinacle	711	crinacle/711%20in-ear/IKKO%20OH7
I-Mego Throne	Innerfidelity		Innerfidelity/over-ear/I-Mego%20Throne
iMetal iM590	Innerfidelity		Innerfidelity/in-ear/iMetal%20iM590
IMR Acoustics Aten (silver nozzle, blue filter)	crinacle	711	crinacle/711%20in-ear/IMR%20Acoustics%20Aten%20(silver%20nozzle,%20blue%20filter)
IMR Acoustics Na-Le	Kazi		Kazi/in-ear/IMR%20Acoustics%20Na-Le
IMR Acoustics R1 (black)	crinacle	711	crinacle/711%20in-ear/IMR%20Acoustics%20R1%20(black)
IMR Acoustics R1 (blue)	crinacle	711	crinacle/711%20in-ear/IMR%20Acoustics%20R1%20(blue)
IMR Acoustics R1 (orange)	crinacle	711	crinacle/711%20in-ear/IMR%20Acoustics%20R1%20(orange)
IMR Acoustics R1 (pink)	crinacle	711	crinacle/711%20in-ear/IMR%20Acoustics%20R1%20(pink)
IMR Acoustics R1 (yellow)	crinacle	711	crinacle/711%20in-ear/IMR%20Acoustics%20R1%20(yellow)
IMR Acoustics R2 Aten (black nozzle, black filter)	crinacle	711	crinacle/711%20in-ear/IMR%20Acoustics%20R2%20Aten%20(black%20nozzle,%20black%20filter)
IMR Acoustics R2 Aten (black nozzle, blue filter)	crinacle	711	crinacle/711%20in-ear/IMR%20Acoustics%20R2%20Aten%20(black%20nozzle,%20blue%20filter)
IMR Acoustics R2 Aten (black nozzle, gold filter)	crinacle	711	crinacle/711%20in-ear/IMR%20Acoustics%20R2%20Aten%20(black%20nozzle,%20gold%20filter)
IMR Acoustics R2 Aten (black nozzle, green filter)	crinacle	711	crinacle/711%20in-ear/IMR%20Acoustics%20R2%20Aten%20(black%20nozzle,%20green%20filter)
IMR Acoustics R2 Aten (black nozzle, purple filter)	crinacle	711	crinacle/711%20in-ear/IMR%20Acoustics%20R2%20Aten%20(black%20nozzle,%20purple%20filter)
IMR Acoustics R2 Aten (black nozzle, red filter)	crinacle	711	crinacle/711%20in-ear/IMR%20Acoustics%20R2%20Aten%20(black%20nozzle,%20red%20filter)
IMR Acoustics R2 Aten (gold nozzle, black filter)	crinacle	711	crinacle/711%20in-ear/IMR%20Acoustics%20R2%20Aten%20(gold%20nozzle,%20black%20filter)
IMR Acoustics R2 Aten (gold nozzle, blue filter)	crinacle	711	crinacle/711%20in-ear/IMR%20Acoustics%20R2%20Aten%20(gold%20nozzle,%20blue%20filter)
IMR Acoustics R2 Aten (green nozzle, black filter)	crinacle	711	crinacle/711%20in-ear/IMR%20Acoustics%20R2%20Aten%20(green%20nozzle,%20black%20filter)
IMR Acoustics R2 Aten (purple nozzle, black filter)	crinacle	711	crinacle/711%20in-ear/IMR%20Acoustics%20R2%20Aten%20(purple%20nozzle,%20black%20filter)
IMR Acoustics R2 Aten (purple nozzle, purple filter)	crinacle	711	crinacle/711%20in-ear/IMR%20Acoustics%20R2%20Aten%20(purple%20nozzle,%20purple%20filter)
IMR Acoustics R2 Aten (red nozzle, black filter)	crinacle	711	crinacle/711%20in-ear/IMR%20Acoustics%20R2%20Aten%20(red%20nozzle,%20black%20filter)
IMR Acoustics R2 Aten (red nozzle, red filter)	crinacle	711	crinacle/711%20in-ear/IMR%20Acoustics%20R2%20Aten%20(red%20nozzle,%20red%20filter)
IMR Acoustics RAH (black nozzle, black filter)	crinacle	711	crinacle/711%20in-ear/IMR%20Acoustics%20RAH%20(black%20nozzle,%20black%20filter)
IMR Acoustics RAH (black nozzle, silver filter)	crinacle	711	crinacle/711%20in-ear/IMR%20Acoustics%20RAH%20(black%20nozzle,%20silver%20filter)
IMR Acoustics RAH (blue nozzle, black filter)	crinacle	711	crinacle/711%20in-ear/IMR%20Acoustics%20RAH%20(blue%20nozzle,%20black%20filter)
IMR Acoustics RAH (gold nozzle, black filter)	crinacle	711	crinacle/711%20in-ear/IMR%20Acoustics%20RAH%20(gold%20nozzle,%20black%20filter)
IMR Acoustics RAH (green nozzle, black filter)	crinacle	711	crinacle/711%20in-ear/IMR%20Acoustics%20RAH%20(green%20nozzle,%20black%20filter)
IMR Acoustics RAH (purle nozzle, black filter)	crinacle	711	crinacle/711%20in-ear/IMR%20Acoustics%20RAH%20(purle%20nozzle,%20black%20filter)
IMR Acoustics RAH (red nozzle, black filter)	crinacle	711	crinacle/711%20in-ear/IMR%20Acoustics%20RAH%20(red%20nozzle,%20black%20filter)
IMR Acoustics RAH (red nozzle, blue filter)	crinacle	711	crinacle/711%20in-ear/IMR%20Acoustics%20RAH%20(red%20nozzle,%20blue%20filter)
IMR Acoustics RAH (red nozzle, gold filter)	crinacle	711	crinacle/711%20in-ear/IMR%20Acoustics%20RAH%20(red%20nozzle,%20gold%20filter)
IMR Acoustics RAH (red nozzle, green filter)	crinacle	711	crinacle/711%20in-ear/IMR%20Acoustics%20RAH%20(red%20nozzle,%20green%20filter)
IMR Acoustics RAH (red nozzle, no filter)	crinacle	711	crinacle/711%20in-ear/IMR%20Acoustics%20RAH%20(red%20nozzle,%20no%20filter)
IMR Acoustics RAH (red nozzle, purple filter)	crinacle	711	crinacle/711%20in-ear/IMR%20Acoustics%20RAH%20(red%20nozzle,%20purple%20filter)
IMR Acoustics RAH (red nozzle, red filter)	crinacle	711	crinacle/711%20in-ear/IMR%20Acoustics%20RAH%20(red%20nozzle,%20red%20filter)
IMR Acoustics RAH (red nozzle, silver filter)	crinacle	711	crinacle/711%20in-ear/IMR%20Acoustics%20RAH%20(red%20nozzle,%20silver%20filter)
IMR Acoustics RAH (silver nozzle, black filter)	crinacle	711	crinacle/711%20in-ear/IMR%20Acoustics%20RAH%20(silver%20nozzle,%20black%20filter)
IMR Acoustics Semper (Pink nozzle with pink filter)	crinacle	711	crinacle/711%20in-ear/IMR%20Acoustics%20Semper%20(Pink%20nozzle%20with%20pink%20filter)
IMR Acoustics Zenith (black)	crinacle	711	crinacle/711%20in-ear/IMR%20Acoustics%20Zenith%20(black)
IMR Acoustics Zenith (blue)	crinacle	711	crinacle/711%20in-ear/IMR%20Acoustics%20Zenith%20(blue)
IMR Acoustics Zenith (gold)	crinacle	711	crinacle/711%20in-ear/IMR%20Acoustics%20Zenith%20(gold)
IMR Acoustics Zenith (orange)	crinacle	711	crinacle/711%20in-ear/IMR%20Acoustics%20Zenith%20(orange)
IMR Acoustics Zenith (pink)	crinacle	711	crinacle/711%20in-ear/IMR%20Acoustics%20Zenith%20(pink)
INAIR M360	crinacle	711	crinacle/711%20in-ear/INAIR%20M360
InAwaken Dawn Ms	Filk		Filk/in-ear/InAwaken%20Dawn%20Ms
InAwaken Dawn Ms	Jaytiss		Jaytiss/in-ear/InAwaken%20Dawn%20Ms
InAwaken Dawn	ToneDeafMonk		ToneDeafMonk/in-ear/InAwaken%20Dawn
InEar ProPhile-8 (bass)	crinacle	711	crinacle/711%20in-ear/InEar%20ProPhile-8%20(bass)
InEar ProPhile-8 (bass, treble)	crinacle	711	crinacle/711%20in-ear/InEar%20ProPhile-8%20(bass,%20treble)
InEar ProPhile-8 (treble)	crinacle	711	crinacle/711%20in-ear/InEar%20ProPhile-8%20(treble)
InEar ProPhile-8	crinacle	711	crinacle/711%20in-ear/InEar%20ProPhile-8
InEar ProPhile-8	Kazi		Kazi/in-ear/InEar%20ProPhile-8
InEar ProPhile-8	oratory1990		oratory1990/in-ear/InEar%20ProPhile-8
InEar StageDiver SD2	crinacle	711	crinacle/711%20in-ear/InEar%20StageDiver%20SD2
InEar StageDiver SD3	crinacle	711	crinacle/711%20in-ear/InEar%20StageDiver%20SD3
InEar StageDiver SD4	crinacle	711	crinacle/711%20in-ear/InEar%20StageDiver%20SD4
InEar StageDiver SD5	crinacle	711	crinacle/711%20in-ear/InEar%20StageDiver%20SD5
InEar StageDriver 3	Innerfidelity		Innerfidelity/in-ear/InEar%20StageDriver%203
Insignia Digital Wireless Headphones	Rtings	HMS II.3	Rtings/HMS%20II.3%20over-ear/Insignia%20Digital%20Wireless%20Headphones
Intime Miyabi	Kazi		Kazi/in-ear/Intime%20Miyabi
Intime Sho DD	Kazi		Kazi/in-ear/Intime%20Sho%20DD
Intime Shu-Mai	Kazi		Kazi/in-ear/Intime%20Shu-Mai
Intime Sora 2	RikudouGoku		RikudouGoku/in-ear/Intime%20Sora%202
Intime Sora Light (2019 Edition)	Jaytiss		Jaytiss/in-ear/Intime%20Sora%20Light%20(2019%20Edition)
Intime Sora Light	RikudouGoku		RikudouGoku/in-ear/Intime%20Sora%20Light
Intime Sora Light	Super Review		Super%20Review/in-ear/Intime%20Sora%20Light
Intime Sora	crinacle	711	crinacle/711%20in-ear/Intime%20Sora
Intime Sora	Super Review		Super%20Review/in-ear/Intime%20Sora
Intime Todoroki GO	RikudouGoku		RikudouGoku/in-ear/Intime%20Todoroki%20GO
Intime Yo	Kazi		Kazi/in-ear/Intime%20Yo
INTUAURA Reference 2019	Hi End Portable		Hi%20End%20Portable/in-ear/INTUAURA%20Reference%202019
INTUAURA SplendorII	Jaytiss		Jaytiss/in-ear/INTUAURA%20SplendorII
IO Audio Sogno	Super Review		Super%20Review/in-ear/IO%20Audio%20Sogno
IO Audio Volare	Jaytiss		Jaytiss/in-ear/IO%20Audio%20Volare
IO Audio Volare	Kazi		Kazi/in-ear/IO%20Audio%20Volare
IO Audio Volare	Super Review		Super%20Review/in-ear/IO%20Audio%20Volare
IO Audio Volare	ToneDeafMonk		ToneDeafMonk/in-ear/IO%20Audio%20Volare
iSK HD-9999 (thick earpads)	Filk		Filk/over-ear/iSK%20HD-9999%20(thick%20earpads)
iSK HD-9999 (thin earpads)	Filk		Filk/over-ear/iSK%20HD-9999%20(thin%20earpads)
ISN AUDIO D10	RikudouGoku		RikudouGoku/in-ear/ISN%20AUDIO%20D10
ISN AUDIO EBC80	Jaytiss		Jaytiss/in-ear/ISN%20AUDIO%20EBC80
ISN AUDIO EST50	Harpo		Harpo/in-ear/ISN%20AUDIO%20EST50
ISN AUDIO H40	Harpo		Harpo/in-ear/ISN%20AUDIO%20H40
ISN AUDIO H40	Hi End Portable		Hi%20End%20Portable/in-ear/ISN%20AUDIO%20H40
ISN AUDIO H50	ToneDeafMonk		ToneDeafMonk/in-ear/ISN%20AUDIO%20H50
ISN AUDIO Neo 1	ToneDeafMonk		ToneDeafMonk/in-ear/ISN%20AUDIO%20Neo%201
ISN AUDIO Neo 5	ToneDeafMonk		ToneDeafMonk/in-ear/ISN%20AUDIO%20Neo%205
ISN AUDIO Rambo II	Hi End Portable		Hi%20End%20Portable/in-ear/ISN%20AUDIO%20Rambo%20II
Itsfit Lab Fusion	crinacle	711	crinacle/711%20in-ear/Itsfit%20Lab%20Fusion
Itsfit Lab Fusion	crinacle	Bruel & Kjaer 4620	crinacle/Bruel%20&%20Kjaer%204620%20in-ear/Itsfit%20Lab%20Fusion
Itsfit Lab R3 (CIEM)	crinacle	711	crinacle/711%20in-ear/Itsfit%20Lab%20R3%20(CIEM)
Itsfit Lab R3	crinacle	711	crinacle/711%20in-ear/Itsfit%20Lab%20R3
Itsfit Lab R3	crinacle	Bruel & Kjaer 4620	crinacle/Bruel%20&%20Kjaer%204620%20in-ear/Itsfit%20Lab%20R3
Ivery IS-1	Innerfidelity		Innerfidelity/in-ear/Ivery%20IS-1
ivipQ Ker Meng	RikudouGoku		RikudouGoku/in-ear/ivipQ%20Ker%20Meng
ivipQ Q-09 Phoenixia	ToneDeafMonk		ToneDeafMonk/in-ear/ivipQ%20Q-09%20Phoenixia
Jabra Elite 10 Gen 2	DHRME		DHRME/in-ear/Jabra%20Elite%2010%20Gen%202
Jabra Elite 10 Gen 2	Rtings	Bruel & Kjaer 5128	Rtings/Bruel%20&%20Kjaer%205128%20in-ear/Jabra%20Elite%2010%20Gen%202
Jabra Elite 10	DHRME		DHRME/in-ear/Jabra%20Elite%2010
Jabra Elite 10	Rtings	Bruel & Kjaer 5128	Rtings/Bruel%20&%20Kjaer%205128%20in-ear/Jabra%20Elite%2010
Jabra Elite 25e	Rtings	HMS II.3	Rtings/HMS%20II.3%20in-ear/Jabra%20Elite%2025e
Jabra Elite 3 Active	HypetheSonics	GRAS RA0045	HypetheSonics/GRAS%20RA0045%20in-ear/Jabra%20Elite%203%20Active
Jabra Elite 3	Rtings	HMS II.3	Rtings/HMS%20II.3%20in-ear/Jabra%20Elite%203
Jabra Elite 4 Active	Rtings	HMS II.3	Rtings/HMS%20II.3%20in-ear/Jabra%20Elite%204%20Active
Jabra Elite 4	DHRME		DHRME/in-ear/Jabra%20Elite%204
Jabra Elite 4	Rtings	HMS II.3	Rtings/HMS%20II.3%20in-ear/Jabra%20Elite%204
Jabra Elite 45e	Rtings	HMS II.3	Rtings/HMS%20II.3%20in-ear/Jabra%20Elite%2045e
Jabra Elite 5	DHRME		DHRME/in-ear/Jabra%20Elite%205
Jabra Elite 5	Rtings	HMS II.3	Rtings/HMS%20II.3%20in-ear/Jabra%20Elite%205
Jabra Elite 65e	Rtings	HMS II.3	Rtings/HMS%20II.3%20in-ear/Jabra%20Elite%2065e
Jabra Elite 65t	Rtings	HMS II.3	Rtings/HMS%20II.3%20in-ear/Jabra%20Elite%2065t
Jabra Elite 7 Active	Rtings	HMS II.3	Rtings/HMS%20II.3%20in-ear/Jabra%20Elite%207%20Active
Jabra Elite 7 Pro	oratory1990		oratory1990/in-ear/Jabra%20Elite%207%20Pro
Jabra Elite 7 Pro	Rtings	HMS II.3	Rtings/HMS%20II.3%20in-ear/Jabra%20Elite%207%20Pro
Jabra Elite 75t	crinacle	711	crinacle/711%20in-ear/Jabra%20Elite%2075t
Jabra Elite 75t	oratory1990		oratory1990/in-ear/Jabra%20Elite%2075t
Jabra Elite 75t	Rtings	HMS II.3	Rtings/HMS%20II.3%20in-ear/Jabra%20Elite%2075t
Jabra Elite 8 Active 2	DHRME		DHRME/in-ear/Jabra%20Elite%208%20Active%202
Jabra Elite 8 Active Gen 2	Rtings	Bruel & Kjaer 5128	Rtings/Bruel%20&%20Kjaer%205128%20in-ear/Jabra%20Elite%208%20Active%20Gen%202
Jabra Elite 8 Active	DHRME		DHRME/in-ear/Jabra%20Elite%208%20Active
Jabra Elite 8 Active	Rtings	Bruel & Kjaer 5128	Rtings/Bruel%20&%20Kjaer%205128%20in-ear/Jabra%20Elite%208%20Active
Jabra Elite 85h	Rtings	HMS II.3	Rtings/HMS%20II.3%20over-ear/Jabra%20Elite%2085h
Jabra Elite 85t (ANC Off)	HypetheSonics	GRAS RA0045	HypetheSonics/GRAS%20RA0045%20in-ear/Jabra%20Elite%2085t%20(ANC%20Off)
Jabra Elite 85t (ANC On)	HypetheSonics	GRAS RA0045	HypetheSonics/GRAS%20RA0045%20in-ear/Jabra%20Elite%2085t%20(ANC%20On)
Jabra Elite 85t	Rtings	HMS II.3	Rtings/HMS%20II.3%20in-ear/Jabra%20Elite%2085t
Jabra Elite Active 45e	Rtings	HMS II.3	Rtings/HMS%20II.3%20in-ear/Jabra%20Elite%20Active%2045e
Jabra Elite Active 65t	crinacle	711	crinacle/711%20in-ear/Jabra%20Elite%20Active%2065t
Jabra Elite Active 65t	Rtings	HMS II.3	Rtings/HMS%20II.3%20in-ear/Jabra%20Elite%20Active%2065t
Jabra Elite Active 75t	Rtings	HMS II.3	Rtings/HMS%20II.3%20in-ear/Jabra%20Elite%20Active%2075t
Jabra Elite Sport	Rtings	HMS II.3	Rtings/HMS%20II.3%20in-ear/Jabra%20Elite%20Sport
Jabra Evolve 40	oratory1990		oratory1990/over-ear/Jabra%20Evolve%2040
Jabra Evolve 65t	Rtings	HMS II.3	Rtings/HMS%20II.3%20in-ear/Jabra%20Evolve%2065t
Jabra Evolve 75e	oratory1990		oratory1990/in-ear/Jabra%20Evolve%2075e
Jabra Evolve2 65	Rtings	HMS II.3	Rtings/HMS%20II.3%20over-ear/Jabra%20Evolve2%2065
Jabra Evolve2 85	Rtings	HMS II.3	Rtings/HMS%20II.3%20over-ear/Jabra%20Evolve2%2085
Jabra Move (wired)	Innerfidelity		Innerfidelity/over-ear/Jabra%20Move%20(wired)
Jabra Steel	Rtings	HMS II.3	Rtings/HMS%20II.3%20earbud/Jabra%20Steel
Jabra Talk 45	Rtings	HMS II.3	Rtings/HMS%20II.3%20earbud/Jabra%20Talk%2045
Jade Audio EA1	Harpo		Harpo/in-ear/Jade%20Audio%20EA1
Jade Audio EA3	crinacle	711	crinacle/711%20in-ear/Jade%20Audio%20EA3
Jaybird Freedom 2	Rtings	HMS II.3	Rtings/HMS%20II.3%20in-ear/Jaybird%20Freedom%202
Jaybird Freedom F5 (2016)	Rtings	HMS II.3	Rtings/HMS%20II.3%20in-ear/Jaybird%20Freedom%20F5%20(2016)
Jaybird Run XT	Rtings	HMS II.3	Rtings/HMS%20II.3%20in-ear/Jaybird%20Run%20XT
Jaybird Run	Rtings	HMS II.3	Rtings/HMS%20II.3%20in-ear/Jaybird%20Run
Jaybird Tarah Pro	Rtings	HMS II.3	Rtings/HMS%20II.3%20in-ear/Jaybird%20Tarah%20Pro
Jaybird Tarah	Rtings	HMS II.3	Rtings/HMS%20II.3%20in-ear/Jaybird%20Tarah
Jaybird Vista 2	Rtings	HMS II.3	Rtings/HMS%20II.3%20in-ear/Jaybird%20Vista%202
Jaybird Vista	crinacle	711	crinacle/711%20in-ear/Jaybird%20Vista
Jaybird Vista	Rtings	HMS II.3	Rtings/HMS%20II.3%20in-ear/Jaybird%20Vista
Jaybird X2	Rtings	HMS II.3	Rtings/HMS%20II.3%20in-ear/Jaybird%20X2
Jaybird X3	Rtings	HMS II.3	Rtings/HMS%20II.3%20in-ear/Jaybird%20X3
Jaybird X4	Rtings	HMS II.3	Rtings/HMS%20II.3%20in-ear/Jaybird%20X4
JAYS a-JAYS FIVE	Innerfidelity		Innerfidelity/in-ear/JAYS%20a-JAYS%20FIVE
JAYS d-JAYS	Headphone.com Legacy		Headphone.com%20Legacy/in-ear/JAYS%20d-JAYS
JAYS j-JAYS	Headphone.com Legacy		Headphone.com%20Legacy/in-ear/JAYS%20j-JAYS
JAYS q-JAYS	Headphone.com Legacy		Headphone.com%20Legacy/in-ear/JAYS%20q-JAYS
JAYS q-JAYS	Innerfidelity		Innerfidelity/in-ear/JAYS%20q-JAYS
JAYS u-JAYS	Innerfidelity		Innerfidelity/over-ear/JAYS%20u-JAYS
JAYS v-JAYS	Innerfidelity		Innerfidelity/over-ear/JAYS%20v-JAYS
JBL CLUB 700BT	Rtings	HMS II.3	Rtings/HMS%20II.3%20over-ear/JBL%20CLUB%20700BT
JBL CLUB 950NC	Rtings	HMS II.3	Rtings/HMS%20II.3%20over-ear/JBL%20CLUB%20950NC
JBL CLUB ONE	Rtings	HMS II.3	Rtings/HMS%20II.3%20over-ear/JBL%20CLUB%20ONE
JBL CLUB PRO Plus TWS	Rtings	HMS II.3	Rtings/HMS%20II.3%20in-ear/JBL%20CLUB%20PRO%20Plus%20TWS
JBL Duet NC (ANC Off)	oratory1990		oratory1990/over-ear/JBL%20Duet%20NC%20(ANC%20Off)
JBL Duet NC (ANC On)	oratory1990		oratory1990/over-ear/JBL%20Duet%20NC%20(ANC%20On)
JBL E25BT	Rtings	HMS II.3	Rtings/HMS%20II.3%20in-ear/JBL%20E25BT
JBL E45BT	Rtings	HMS II.3	Rtings/HMS%20II.3%20over-ear/JBL%20E45BT
JBL E55BT	Rtings	HMS II.3	Rtings/HMS%20II.3%20over-ear/JBL%20E55BT
JBL E65BTNC	Rtings	HMS II.3	Rtings/HMS%20II.3%20over-ear/JBL%20E65BTNC
JBL Endurance Dive	Rtings	HMS II.3	Rtings/HMS%20II.3%20in-ear/JBL%20Endurance%20Dive
JBL Endurance Peak 3	Rtings	HMS II.3	Rtings/HMS%20II.3%20in-ear/JBL%20Endurance%20Peak%203
JBL Endurance Peak II	Rtings	HMS II.3	Rtings/HMS%20II.3%20in-ear/JBL%20Endurance%20Peak%20II
JBL Endurance Peak	Rtings	HMS II.3	Rtings/HMS%20II.3%20in-ear/JBL%20Endurance%20Peak
JBL Endurance Sprint	Rtings	HMS II.3	Rtings/HMS%20II.3%20in-ear/JBL%20Endurance%20Sprint
JBL Everest 110	Rtings	HMS II.3	Rtings/HMS%20II.3%20in-ear/JBL%20Everest%20110
JBL Everest 310	Rtings	HMS II.3	Rtings/HMS%20II.3%20over-ear/JBL%20Everest%20310
JBL Everest 710	Rtings	HMS II.3	Rtings/HMS%20II.3%20over-ear/JBL%20Everest%20710
JBL Everest Elite 700 (wired, active)	Innerfidelity		Innerfidelity/over-ear/JBL%20Everest%20Elite%20700%20(wired,%20active)
JBL Everest Elite 700 (wired, passive)	Innerfidelity		Innerfidelity/over-ear/JBL%20Everest%20Elite%20700%20(wired,%20passive)
JBL Everest Elite 700 (wireless)	Innerfidelity		Innerfidelity/over-ear/JBL%20Everest%20Elite%20700%20(wireless)
JBL Everest Elite 700	Rtings	HMS II.3	Rtings/HMS%20II.3%20over-ear/JBL%20Everest%20Elite%20700
JBL Free 2018	Rtings	HMS II.3	Rtings/HMS%20II.3%20in-ear/JBL%20Free%202018
JBL Free X	oratory1990		oratory1990/in-ear/JBL%20Free%20X
JBL Free X	Rtings	HMS II.3	Rtings/HMS%20II.3%20in-ear/JBL%20Free%20X
JBL J55i	Innerfidelity		Innerfidelity/over-ear/JBL%20J55i
JBL J88i	Innerfidelity		Innerfidelity/over-ear/JBL%20J88i
JBL JR300BT	Rtings	HMS II.3	Rtings/HMS%20II.3%20over-ear/JBL%20JR300BT
JBL Live 200BT	Rtings	HMS II.3	Rtings/HMS%20II.3%20in-ear/JBL%20Live%20200BT
JBL Live 300TWS	crinacle	711	crinacle/711%20in-ear/JBL%20Live%20300TWS
JBL Live 300TWS	Rtings	HMS II.3	Rtings/HMS%20II.3%20in-ear/JBL%20Live%20300TWS
JBL Live 400BT	Rtings	HMS II.3	Rtings/HMS%20II.3%20over-ear/JBL%20Live%20400BT
JBL Live 460NC	Rtings	HMS II.3	Rtings/HMS%20II.3%20over-ear/JBL%20Live%20460NC
JBL Live 500BT	Rtings	HMS II.3	Rtings/HMS%20II.3%20over-ear/JBL%20Live%20500BT
JBL Live 650BTNC	Rtings	HMS II.3	Rtings/HMS%20II.3%20over-ear/JBL%20Live%20650BTNC
JBL Live 660NC	Rtings	HMS II.3	Rtings/HMS%20II.3%20over-ear/JBL%20Live%20660NC
JBL Live 670NC	Rtings	Bruel & Kjaer 5128	Rtings/Bruel%20&%20Kjaer%205128%20over-ear/JBL%20Live%20670NC
JBL Live 770NC (ANC on)	Filk		Filk/over-ear/JBL%20Live%20770NC%20(ANC%20on)
JBL Live 770NC (passive)	Filk		Filk/over-ear/JBL%20Live%20770NC%20(passive)
JBL Live 770NC	Rtings	Bruel & Kjaer 5128	Rtings/Bruel%20&%20Kjaer%205128%20over-ear/JBL%20Live%20770NC
JBL Live Free NC+ TWS	Rtings	HMS II.3	Rtings/HMS%20II.3%20in-ear/JBL%20Live%20Free%20NC+%20TWS
JBL Live Pro 2 TWS	Rtings	HMS II.3	Rtings/HMS%20II.3%20in-ear/JBL%20Live%20Pro%202%20TWS
JBL Live Pro+ TWS	Rtings	HMS II.3	Rtings/HMS%20II.3%20in-ear/JBL%20Live%20Pro+%20TWS
JBL Quantum 100	Rtings	HMS II.3	Rtings/HMS%20II.3%20over-ear/JBL%20Quantum%20100
JBL Quantum 400	Rtings	HMS II.3	Rtings/HMS%20II.3%20over-ear/JBL%20Quantum%20400
JBL Quantum 800	Rtings	HMS II.3	Rtings/HMS%20II.3%20over-ear/JBL%20Quantum%20800
JBL Quantum ONE	Rtings	HMS II.3	Rtings/HMS%20II.3%20over-ear/JBL%20Quantum%20ONE
JBL Reflect Flow	Rtings	HMS II.3	Rtings/HMS%20II.3%20in-ear/JBL%20Reflect%20Flow
JBL Reflect Mini 2	Rtings	HMS II.3	Rtings/HMS%20II.3%20in-ear/JBL%20Reflect%20Mini%202
JBL Synchros E50BT	Rtings	HMS II.3	Rtings/HMS%20II.3%20over-ear/JBL%20Synchros%20E50BT
JBL T200A	oratory1990		oratory1990/in-ear/JBL%20T200A
JBL T450BT	oratory1990		oratory1990/over-ear/JBL%20T450BT
JBL T450BT	Rtings	HMS II.3	Rtings/HMS%20II.3%20over-ear/JBL%20T450BT
JBL Tour One M2 (ANC on)	Filk		Filk/over-ear/JBL%20Tour%20One%20M2%20(ANC%20on)
JBL Tour One M2 (ANC on, studio EQ)	Filk		Filk/over-ear/JBL%20Tour%20One%20M2%20(ANC%20on,%20studio%20EQ)
JBL Tour One M2 (passive)	Filk		Filk/over-ear/JBL%20Tour%20One%20M2%20(passive)
JBL Tour One	Rtings	HMS II.3	Rtings/HMS%20II.3%20over-ear/JBL%20Tour%20One
JBL Tour Pro 2	Kazi		Kazi/in-ear/JBL%20Tour%20Pro%202
JBL Tour Pro 3 (ANC on)	Filk		Filk/in-ear/JBL%20Tour%20Pro%203%20(ANC%20on)
JBL Tour Pro 3 (eq off)	DHRME		DHRME/in-ear/JBL%20Tour%20Pro%203%20(eq%20off)
JBL Tour Pro+ TWS	Rtings	HMS II.3	Rtings/HMS%20II.3%20in-ear/JBL%20Tour%20Pro+%20TWS
JBL Tune 110	kr0mka		kr0mka/in-ear/JBL%20Tune%20110
JBL TUNE 120TWS	Rtings	HMS II.3	Rtings/HMS%20II.3%20in-ear/JBL%20TUNE%20120TWS
JBL Tune 125TWS	Rtings	HMS II.3	Rtings/HMS%20II.3%20in-ear/JBL%20Tune%20125TWS
JBL Tune 130NC TWS	Rtings	HMS II.3	Rtings/HMS%20II.3%20in-ear/JBL%20Tune%20130NC%20TWS
JBL TUNE 220TWS	Rtings	HMS II.3	Rtings/HMS%20II.3%20in-ear/JBL%20TUNE%20220TWS
JBL Tune 225TWS	Rtings	HMS II.3	Rtings/HMS%20II.3%20in-ear/JBL%20Tune%20225TWS
JBL Tune 230NC TWS	Rtings	HMS II.3	Rtings/HMS%20II.3%20in-ear/JBL%20Tune%20230NC%20TWS
JBL Tune 510BT	Rtings	HMS II.3	Rtings/HMS%20II.3%20over-ear/JBL%20Tune%20510BT
JBL Tune 520BT	Rtings	Bruel & Kjaer 5128	Rtings/Bruel%20&%20Kjaer%205128%20over-ear/JBL%20Tune%20520BT
JBL Tune 660NC	Rtings	HMS II.3	Rtings/HMS%20II.3%20over-ear/JBL%20Tune%20660NC
JBL Tune 720BT (passive)	Filk		Filk/over-ear/JBL%20Tune%20720BT%20(passive)
JBL Tune 720BT (passive)	kr0mka		kr0mka/over-ear/JBL%20Tune%20720BT%20(passive)
JBL Tune 720BT (wireless)	Filk		Filk/over-ear/JBL%20Tune%20720BT%20(wireless)
JBL Tune 720BT	kr0mka		kr0mka/over-ear/JBL%20Tune%20720BT
JBL TUNE 750BTNC	Rtings	HMS II.3	Rtings/HMS%20II.3%20over-ear/JBL%20TUNE%20750BTNC
JBL Tune 760NC	Rtings	Bruel & Kjaer 5128	Rtings/Bruel%20&%20Kjaer%205128%20over-ear/JBL%20Tune%20760NC
JBL Tune 770NC (ANC on)	Filk		Filk/over-ear/JBL%20Tune%20770NC%20(ANC%20on)
JBL Tune 770NC (ANC on)	Kuulokenurkka		Kuulokenurkka/over-ear/JBL%20Tune%20770NC%20(ANC%20on)
JBL Tune 770NC (ANC on, bass EQ)	Filk		Filk/over-ear/JBL%20Tune%20770NC%20(ANC%20on,%20bass%20EQ)
JBL Tune 770NC (passive)	Filk		Filk/over-ear/JBL%20Tune%20770NC%20(passive)
JBL Tune 770NC (passive)	Kuulokenurkka		Kuulokenurkka/over-ear/JBL%20Tune%20770NC%20(passive)
JBL Tune 770NC	Rtings	Bruel & Kjaer 5128	Rtings/Bruel%20&%20Kjaer%205128%20over-ear/JBL%20Tune%20770NC
JBL Tune Beam 2	Filk		Filk/in-ear/JBL%20Tune%20Beam%202
JBL Tune Buds	Rtings	Bruel & Kjaer 5128	Rtings/Bruel%20&%20Kjaer%205128%20in-ear/JBL%20Tune%20Buds
JBL Tune Flex	Filk		Filk/in-ear/JBL%20Tune%20Flex
JBL Tune Flex	Rtings	HMS II.3	Rtings/HMS%20II.3%20in-ear/JBL%20Tune%20Flex
JBL Vibe 100TWS	Rtings	HMS II.3	Rtings/HMS%20II.3%20in-ear/JBL%20Vibe%20100TWS
JBL Vibe Beam	Rtings	Bruel & Kjaer 5128	Rtings/Bruel%20&%20Kjaer%205128%20in-ear/JBL%20Vibe%20Beam
JBL Vibe Buds	Rtings	Bruel & Kjaer 5128	Rtings/Bruel%20&%20Kjaer%205128%20in-ear/JBL%20Vibe%20Buds
JCally AT1	kr0mka		kr0mka/in-ear/JCally%20AT1
JH Audio 13v2 (2 o'clock)	crinacle	711	crinacle/711%20in-ear/JH%20Audio%2013v2%20(2%20o'clock)
JH Audio 13v2 (max)	crinacle	711	crinacle/711%20in-ear/JH%20Audio%2013v2%20(max)
JH Audio 13v2 (min)	crinacle	711	crinacle/711%20in-ear/JH%20Audio%2013v2%20(min)
JH Audio 16v2 (2 o'clock)	crinacle	711	crinacle/711%20in-ear/JH%20Audio%2016v2%20(2%20o'clock)
JH Audio 16v2 (max)	crinacle	711	crinacle/711%20in-ear/JH%20Audio%2016v2%20(max)
JH Audio 16v2 (min)	crinacle	711	crinacle/711%20in-ear/JH%20Audio%2016v2%20(min)
JH Audio 16v2	HypetheSonics	GRAS RA0045	HypetheSonics/GRAS%20RA0045%20in-ear/JH%20Audio%2016v2
JH Audio Angie (2 o'clock)	crinacle	711	crinacle/711%20in-ear/JH%20Audio%20Angie%20(2%20o'clock)
JH Audio Angie (max)	crinacle	711	crinacle/711%20in-ear/JH%20Audio%20Angie%20(max)
JH Audio Angie (min)	crinacle	711	crinacle/711%20in-ear/JH%20Audio%20Angie%20(min)
JH Audio Billie Jean	crinacle	711	crinacle/711%20in-ear/JH%20Audio%20Billie%20Jean
JH Audio Contour XO (half bass)	crinacle	711	crinacle/711%20in-ear/JH%20Audio%20Contour%20XO%20(half%20bass)
JH Audio Contour XO (max bass)	crinacle	711	crinacle/711%20in-ear/JH%20Audio%20Contour%20XO%20(max%20bass)
JH Audio Contour XO (min bass)	crinacle	711	crinacle/711%20in-ear/JH%20Audio%20Contour%20XO%20(min%20bass)
JH Audio Diana	crinacle	711	crinacle/711%20in-ear/JH%20Audio%20Diana
JH Audio JH13v2 (half bass)	crinacle	711	crinacle/711%20in-ear/JH%20Audio%20JH13v2%20(half%20bass)
JH Audio Jolene (half bass)	crinacle	711	crinacle/711%20in-ear/JH%20Audio%20Jolene%20(half%20bass)
JH Audio Jolene (max bass)	crinacle	711	crinacle/711%20in-ear/JH%20Audio%20Jolene%20(max%20bass)
JH Audio Jolene (min bass)	crinacle	711	crinacle/711%20in-ear/JH%20Audio%20Jolene%20(min%20bass)
JH Audio Layla (2 o'clock)	crinacle	711	crinacle/711%20in-ear/JH%20Audio%20Layla%20(2%20o'clock)
JH Audio Layla (half bass)	crinacle	711	crinacle/711%20in-ear/JH%20Audio%20Layla%20(half%20bass)
JH Audio Layla (max)	crinacle	711	crinacle/711%20in-ear/JH%20Audio%20Layla%20(max)
JH Audio Layla (min)	crinacle	711	crinacle/711%20in-ear/JH%20Audio%20Layla%20(min)
JH Audio Layla AION (2 o'clock)	crinacle	711	crinacle/711%20in-ear/JH%20Audio%20Layla%20AION%20(2%20o'clock)
JH Audio Layla AION (half bass)	crinacle	711	crinacle/711%20in-ear/JH%20Audio%20Layla%20AION%20(half%20bass)
JH Audio Layla AION (max bass)	crinacle	711	crinacle/711%20in-ear/JH%20Audio%20Layla%20AION%20(max%20bass)
JH Audio Layla AION (min bass)	crinacle	711	crinacle/711%20in-ear/JH%20Audio%20Layla%20AION%20(min%20bass)
JH Audio Layla AION (min bass)	Super Review		Super%20Review/in-ear/JH%20Audio%20Layla%20AION%20(min%20bass)
JH Audio Lola (2 o'clock)	crinacle	711	crinacle/711%20in-ear/JH%20Audio%20Lola%20(2%20o'clock)
JH Audio Lola (max)	crinacle	711	crinacle/711%20in-ear/JH%20Audio%20Lola%20(max)
JH Audio Lola (min)	crinacle	711	crinacle/711%20in-ear/JH%20Audio%20Lola%20(min)
JH Audio Roxanne (2 o'clock)	crinacle	711	crinacle/711%20in-ear/JH%20Audio%20Roxanne%20(2%20o'clock)
JH Audio Roxanne (max)	crinacle	711	crinacle/711%20in-ear/JH%20Audio%20Roxanne%20(max)
JH Audio Roxanne (max)	HypetheSonics	GRAS RA0045	HypetheSonics/GRAS%20RA0045%20in-ear/JH%20Audio%20Roxanne%20(max)
JH Audio Roxanne (mid)	HypetheSonics	GRAS RA0045	HypetheSonics/GRAS%20RA0045%20in-ear/JH%20Audio%20Roxanne%20(mid)
JH Audio Roxanne (min)	crinacle	711	crinacle/711%20in-ear/JH%20Audio%20Roxanne%20(min)
JH Audio Roxanne (min)	HypetheSonics	GRAS RA0045	HypetheSonics/GRAS%20RA0045%20in-ear/JH%20Audio%20Roxanne%20(min)
JH Audio Sharona	HypetheSonics	GRAS RA0045	HypetheSonics/GRAS%20RA0045%20in-ear/JH%20Audio%20Sharona
JH Audio Sheena	HypetheSonics	GRAS RA0045	HypetheSonics/GRAS%20RA0045%20in-ear/JH%20Audio%20Sheena
JH Audio TriFi 10th Anniversary	Hi End Portable		Hi%20End%20Portable/in-ear/JH%20Audio%20TriFi%2010th%20Anniversary
Jialai Carat	ToneDeafMonk		ToneDeafMonk/in-ear/Jialai%20Carat
JLab Audio Epic Lab Edition (JLab Signature eq)	DHRME		DHRME/in-ear/JLab%20Audio%20Epic%20Lab%20Edition%20(JLab%20Signature%20eq)
JLab Audio GO Air POP	Rtings	HMS II.3	Rtings/HMS%20II.3%20in-ear/JLab%20Audio%20GO%20Air%20POP
JLab Audio JBuds Air ANC	Rtings	HMS II.3	Rtings/HMS%20II.3%20in-ear/JLab%20Audio%20JBuds%20Air%20ANC
JLab Audio JBuds Air Executive	Rtings	HMS II.3	Rtings/HMS%20II.3%20in-ear/JLab%20Audio%20JBuds%20Air%20Executive
JLab Audio JBuds Air	Rtings	HMS II.3	Rtings/HMS%20II.3%20in-ear/JLab%20Audio%20JBuds%20Air
JLab Audio JBuds ANC 3	Rtings	HMS II.3	Rtings/HMS%20II.3%20in-ear/JLab%20Audio%20JBuds%20ANC%203
JM Audio Editions XTC^2.5 Closed	Super Review		Super%20Review/over-ear/JM%20Audio%20Editions%20XTC%5E2.5%20Closed
Jomo Audio Flamenco (bass on, treble on)	crinacle	711	crinacle/711%20in-ear/Jomo%20Audio%20Flamenco%20(bass%20on,%20treble%20on)
Jomo Audio Flamenco (bass)	crinacle	711	crinacle/711%20in-ear/Jomo%20Audio%20Flamenco%20(bass)
Jomo Audio Flamenco (treble)	crinacle	711	crinacle/711%20in-ear/Jomo%20Audio%20Flamenco%20(treble)
Jomo Audio Flamenco	crinacle	711	crinacle/711%20in-ear/Jomo%20Audio%20Flamenco
Jomo Audio Haka	crinacle	711	crinacle/711%20in-ear/Jomo%20Audio%20Haka
Jomo Audio Jazz	crinacle	711	crinacle/711%20in-ear/Jomo%20Audio%20Jazz
Jomo Audio Nautilus	Jaytiss		Jaytiss/in-ear/Jomo%20Audio%20Nautilus
Jomo Audio P3	crinacle	Bruel & Kjaer 4620	crinacle/Bruel%20&%20Kjaer%204620%20in-ear/Jomo%20Audio%20P3
Jomo Audio Quatre (black)	crinacle	711	crinacle/711%20in-ear/Jomo%20Audio%20Quatre%20(black)
Jomo Audio Quatre (no filter)	crinacle	711	crinacle/711%20in-ear/Jomo%20Audio%20Quatre%20(no%20filter)
Jomo Audio Quatre (white)	crinacle	711	crinacle/711%20in-ear/Jomo%20Audio%20Quatre%20(white)
Jomo Audio Quatre	crinacle	711	crinacle/711%20in-ear/Jomo%20Audio%20Quatre
Jomo Audio Salsa	crinacle	711	crinacle/711%20in-ear/Jomo%20Audio%20Salsa
Jomo Audio Samba (CIEM)	crinacle	711	crinacle/711%20in-ear/Jomo%20Audio%20Samba%20(CIEM)
Jomo Audio Samba	crinacle	711	crinacle/711%20in-ear/Jomo%20Audio%20Samba
Jomo Audio Tango	crinacle	711	crinacle/711%20in-ear/Jomo%20Audio%20Tango
Jomo Audio Trinity Brass	crinacle	711	crinacle/711%20in-ear/Jomo%20Audio%20Trinity%20Brass
Jomo Audio Trinity	crinacle	711	crinacle/711%20in-ear/Jomo%20Audio%20Trinity
Jomo Audio Trinity	HypetheSonics	GRAS RA0045	HypetheSonics/GRAS%20RA0045%20in-ear/Jomo%20Audio%20Trinity
Joyodio Shine (off-off-off-off)	Hi End Portable		Hi%20End%20Portable/in-ear/Joyodio%20Shine%20(off-off-off-off)
Joyodio Shine (off-off-off-on)	Hi End Portable		Hi%20End%20Portable/in-ear/Joyodio%20Shine%20(off-off-off-on)
Joyodio Shine (off-off-on-on)	Hi End Portable		Hi%20End%20Portable/in-ear/Joyodio%20Shine%20(off-off-on-on)
Joyodio Shine (off-on-on-on)	Hi End Portable		Hi%20End%20Portable/in-ear/Joyodio%20Shine%20(off-on-on-on)
Joyodio Shine (on-off-off-off)	Hi End Portable		Hi%20End%20Portable/in-ear/Joyodio%20Shine%20(on-off-off-off)
Joyodio Shine (on-off-off-on)	Hi End Portable		Hi%20End%20Portable/in-ear/Joyodio%20Shine%20(on-off-off-on)
Joyodio Shine (on-off-on-off)	Hi End Portable		Hi%20End%20Portable/in-ear/Joyodio%20Shine%20(on-off-on-off)
Joyodio Shine (on-off-on-on)	Hi End Portable		Hi%20End%20Portable/in-ear/Joyodio%20Shine%20(on-off-on-on)
Joyodio Shine (on-on-off-off)	Hi End Portable		Hi%20End%20Portable/in-ear/Joyodio%20Shine%20(on-on-off-off)
Joyodio Shine (on-on-on-off)	Hi End Portable		Hi%20End%20Portable/in-ear/Joyodio%20Shine%20(on-on-on-off)
Joyodio Shine (on-on-on-on)	Hi End Portable		Hi%20End%20Portable/in-ear/Joyodio%20Shine%20(on-on-on-on)
JQ 4U Pro	crinacle	711	crinacle/711%20in-ear/JQ%204U%20Pro
JQ 4U Pro	crinacle	Bruel & Kjaer 4620	crinacle/Bruel%20&%20Kjaer%204620%20in-ear/JQ%204U%20Pro
JQ Audio 4U	Harpo		Harpo/in-ear/JQ%20Audio%204U
JQ Hua Jiang	crinacle	711	crinacle/711%20in-ear/JQ%20Hua%20Jiang
Just Ear Club Sound	crinacle	711	crinacle/711%20in-ear/Just%20Ear%20Club%20Sound
Juzear 41T	Bakkwatan		Bakkwatan/in-ear/Juzear%2041T
Juzear 41T	Jaytiss		Jaytiss/in-ear/Juzear%2041T
Juzear 41T	Super Review		Super%20Review/in-ear/Juzear%2041T
Juzear 41T	ToneDeafMonk		ToneDeafMonk/in-ear/Juzear%2041T
Juzear 51T	Bakkwatan		Bakkwatan/in-ear/Juzear%2051T
Juzear 61T	Jaytiss		Jaytiss/in-ear/Juzear%2061T
Juzear 61T	RikudouGoku		RikudouGoku/in-ear/Juzear%2061T
Juzear 61T	Super Review		Super%20Review/in-ear/Juzear%2061T
Juzear 61T	ToneDeafMonk		ToneDeafMonk/in-ear/Juzear%2061T
Juzear 81T	Jaytiss		Jaytiss/in-ear/Juzear%2081T
Juzear 81T	Super Review		Super%20Review/in-ear/Juzear%2081T
Juzear 81T	ToneDeafMonk		ToneDeafMonk/in-ear/Juzear%2081T
Juzear Clear	Jaytiss		Jaytiss/in-ear/Juzear%20Clear
Juzear Clear	ToneDeafMonk		ToneDeafMonk/in-ear/Juzear%20Clear
Juzear x Z Reviews Defiant	Jaytiss		Jaytiss/in-ear/Juzear%20x%20Z%20Reviews%20Defiant
Juzear x Z Reviews Defiant	Super Review		Super%20Review/in-ear/Juzear%20x%20Z%20Reviews%20Defiant
Juzear x Z Reviews Defiant	ToneDeafMonk		ToneDeafMonk/in-ear/Juzear%20x%20Z%20Reviews%20Defiant
JVC FD01 (modded)	crinacle	711	crinacle/711%20in-ear/JVC%20FD01%20(modded)
JVC HA-FD01 (brass nozzle)	Fahryst		Fahryst/in-ear/JVC%20HA-FD01%20(brass%20nozzle)
JVC HA-FD01 (steel nozzle)	Fahryst		Fahryst/in-ear/JVC%20HA-FD01%20(steel%20nozzle)
JVC HA-FD01 (titanium nozzle)	Fahryst		Fahryst/in-ear/JVC%20HA-FD01%20(titanium%20nozzle)
JVC HA-FD01	crinacle	711	crinacle/711%20in-ear/JVC%20HA-FD01
JVC HA-FD02	crinacle	711	crinacle/711%20in-ear/JVC%20HA-FD02
JVC HA-FDX1 (blue)	crinacle	711	crinacle/711%20in-ear/JVC%20HA-FDX1%20(blue)
JVC HA-FDX1 (blue)	Fahryst		Fahryst/in-ear/JVC%20HA-FDX1%20(blue)
JVC HA-FDX1 (blue)	freeryder05		freeryder05/in-ear/JVC%20HA-FDX1%20(blue)
JVC HA-FDX1 (blue)	HypetheSonics	GRAS RA0045	HypetheSonics/GRAS%20RA0045%20in-ear/JVC%20HA-FDX1%20(blue)
JVC HA-FDX1 (blue)	Super Review		Super%20Review/in-ear/JVC%20HA-FDX1%20(blue)
JVC HA-FDX1 (green)	crinacle	711	crinacle/711%20in-ear/JVC%20HA-FDX1%20(green)
JVC HA-FDX1 (green)	Fahryst		Fahryst/in-ear/JVC%20HA-FDX1%20(green)
JVC HA-FDX1 (green)	freeryder05		freeryder05/in-ear/JVC%20HA-FDX1%20(green)
JVC HA-FDX1 (green)	HypetheSonics	GRAS RA0045	HypetheSonics/GRAS%20RA0045%20in-ear/JVC%20HA-FDX1%20(green)
JVC HA-FDX1 (green)	Super Review		Super%20Review/in-ear/JVC%20HA-FDX1%20(green)
JVC HA-FDX1 (white)	Fahryst		Fahryst/in-ear/JVC%20HA-FDX1%20(white)
JVC HA-FDX1 (white)	HypetheSonics	GRAS RA0045	HypetheSonics/GRAS%20RA0045%20in-ear/JVC%20HA-FDX1%20(white)
JVC HA-FDX1 (white)	Super Review		Super%20Review/in-ear/JVC%20HA-FDX1%20(white)
JVC HA-FDX1	crinacle	711	crinacle/711%20in-ear/JVC%20HA-FDX1
JVC HA-FDX1	freeryder05		freeryder05/in-ear/JVC%20HA-FDX1
JVC HA-FDX1	Kazi		Kazi/in-ear/JVC%20HA-FDX1
JVC HA-FR15	kr0mka		kr0mka/in-ear/JVC%20HA-FR15
JVC HA-FR301	Innerfidelity		Innerfidelity/in-ear/JVC%20HA-FR301
JVC HA-FW01	crinacle	711	crinacle/711%20in-ear/JVC%20HA-FW01
JVC HA-FW01	Fahryst		Fahryst/in-ear/JVC%20HA-FW01
JVC HA-FW01	oratory1990		oratory1990/in-ear/JVC%20HA-FW01
JVC HA-FW02	crinacle	711	crinacle/711%20in-ear/JVC%20HA-FW02
JVC HA-FW03	crinacle	711	crinacle/711%20in-ear/JVC%20HA-FW03
JVC HA-FW10000	crinacle	711	crinacle/711%20in-ear/JVC%20HA-FW10000
JVC HA-FW10000	oratory1990		oratory1990/in-ear/JVC%20HA-FW10000
JVC HA-FW1000T	Kazi		Kazi/in-ear/JVC%20HA-FW1000T
JVC HA-FW1500	crinacle	711	crinacle/711%20in-ear/JVC%20HA-FW1500
JVC HA-FW1800	Kazi		Kazi/in-ear/JVC%20HA-FW1800
JVC HA-FW1800	oratory1990		oratory1990/in-ear/JVC%20HA-FW1800
JVC HA-FWX1	Super Review		Super%20Review/in-ear/JVC%20HA-FWX1
JVC HA-FX6	RikudouGoku		RikudouGoku/in-ear/JVC%20HA-FX6
JVC HA-FX7 Gumy	Super Review		Super%20Review/in-ear/JVC%20HA-FX7%20Gumy
JVC HA-FX7	oratory1990		oratory1990/in-ear/JVC%20HA-FX7
JVC HA-FX99X-B	crinacle	711	crinacle/711%20in-ear/JVC%20HA-FX99X-B
JVC HA-FXT90	Innerfidelity		Innerfidelity/in-ear/JVC%20HA-FXT90
JVC HA-S500-Z	Innerfidelity		Innerfidelity/over-ear/JVC%20HA-S500-Z
JVC XX Elation HA FR100X	Innerfidelity		Innerfidelity/in-ear/JVC%20XX%20Elation%20HA%20FR100X
Kaiku Tone (passive)	Kuulokenurkka		Kuulokenurkka/over-ear/Kaiku%20Tone%20(passive)
Kaiku Tone (wireless)	Kuulokenurkka		Kuulokenurkka/over-ear/Kaiku%20Tone%20(wireless)
Kaiku Tone	Kuulokenurkka		Kuulokenurkka/over-ear/Kaiku%20Tone
KBEAR Believe	Super Review		Super%20Review/in-ear/KBEAR%20Believe
KBEAR Diamond	Super Review		Super%20Review/in-ear/KBEAR%20Diamond
KBEar F1	crinacle	Bruel & Kjaer 4620	crinacle/Bruel%20&%20Kjaer%204620%20in-ear/KBEar%20F1
KBEAR KB02	Hi End Portable		Hi%20End%20Portable/in-ear/KBEAR%20KB02
KBEAR KB02	Jaytiss		Jaytiss/in-ear/KBEAR%20KB02
KBEAR KB02	ToneDeafMonk		ToneDeafMonk/in-ear/KBEAR%20KB02
KBEAR KB04	Hi End Portable		Hi%20End%20Portable/in-ear/KBEAR%20KB04
KBEAR KS1	Regan Cipher		Regan%20Cipher/in-ear/KBEAR%20KS1
KBEAR KS2	Hi End Portable		Hi%20End%20Portable/in-ear/KBEAR%20KS2
KBEAR KS2	RikudouGoku		RikudouGoku/in-ear/KBEAR%20KS2
KBEAR KS2	Super Review		Super%20Review/in-ear/KBEAR%20KS2
KBEAR Lark	Hi End Portable		Hi%20End%20Portable/in-ear/KBEAR%20Lark
KBEAR Lark	Regan Cipher		Regan%20Cipher/in-ear/KBEAR%20Lark
KBEAR Neon	crinacle	711	crinacle/711%20in-ear/KBEAR%20Neon
KBEAR Neon	crinacle	Bruel & Kjaer 4620	crinacle/Bruel%20&%20Kjaer%204620%20in-ear/KBEAR%20Neon
KBEAR Qinglong	crinacle	Bruel & Kjaer 4620	crinacle/Bruel%20&%20Kjaer%204620%20in-ear/KBEAR%20Qinglong
KBEAR Qinglong	Fahryst		Fahryst/in-ear/KBEAR%20Qinglong
KBEAR Robin	Hi End Portable		Hi%20End%20Portable/in-ear/KBEAR%20Robin
KBEAR Robin	RikudouGoku		RikudouGoku/in-ear/KBEAR%20Robin
KBEAR Rosefinch	Harpo		Harpo/in-ear/KBEAR%20Rosefinch
KBEAR Rosefinch	Hi End Portable		Hi%20End%20Portable/in-ear/KBEAR%20Rosefinch
KBEAR Rosefinch	ToneDeafMonk		ToneDeafMonk/in-ear/KBEAR%20Rosefinch
KBEAR Stellar	Filk		Filk/in-ear/KBEAR%20Stellar
KBEAR Stellar	Hi End Portable		Hi%20End%20Portable/in-ear/KBEAR%20Stellar
KBEAR Storm	Kazi		Kazi/in-ear/KBEAR%20Storm
KEF M200	Innerfidelity		Innerfidelity/in-ear/KEF%20M200
KEF M500	Headphone.com Legacy		Headphone.com%20Legacy/over-ear/KEF%20M500
KEF M500	Innerfidelity		Innerfidelity/over-ear/KEF%20M500
KEFINE Delci AE (ANC off, gold nozzle)	Regan Cipher		Regan%20Cipher/in-ear/KEFINE%20Delci%20AE%20(ANC%20off,%20gold%20nozzle)
KEFINE Delci AE (ANC off, silver nozzle)	Regan Cipher		Regan%20Cipher/in-ear/KEFINE%20Delci%20AE%20(ANC%20off,%20silver%20nozzle)
KEFINE Delci AE (gold nozzle)	Super Review		Super%20Review/in-ear/KEFINE%20Delci%20AE%20(gold%20nozzle)
KEFINE Delci AE (gold nozzle)	ToneDeafMonk		ToneDeafMonk/in-ear/KEFINE%20Delci%20AE%20(gold%20nozzle)
KEFINE Delci AE (silver nozzle)	Super Review		Super%20Review/in-ear/KEFINE%20Delci%20AE%20(silver%20nozzle)
KEFINE Delci AE (silver nozzle)	ToneDeafMonk		ToneDeafMonk/in-ear/KEFINE%20Delci%20AE%20(silver%20nozzle)
KEFINE Delci	Fahryst		Fahryst/in-ear/KEFINE%20Delci
KEFINE Delci	Harpo		Harpo/in-ear/KEFINE%20Delci
KEFINE Delci	Hi End Portable		Hi%20End%20Portable/in-ear/KEFINE%20Delci
KEFINE Delci	Jaytiss		Jaytiss/in-ear/KEFINE%20Delci
KEFINE Delci	Regan Cipher		Regan%20Cipher/in-ear/KEFINE%20Delci
KEFINE Delci	Super Review		Super%20Review/in-ear/KEFINE%20Delci
KEFINE Delci	ToneDeafMonk		ToneDeafMonk/in-ear/KEFINE%20Delci
Kefine Klanar	Hi End Portable		Hi%20End%20Portable/in-ear/Kefine%20Klanar
Kefine Klanar	Jaytiss		Jaytiss/in-ear/Kefine%20Klanar
KEFINE Klean (ANC off, black nozzle)	Regan Cipher		Regan%20Cipher/in-ear/KEFINE%20Klean%20(ANC%20off,%20black%20nozzle)
KEFINE Klean (ANC off, silver nozzle)	Regan Cipher		Regan%20Cipher/in-ear/KEFINE%20Klean%20(ANC%20off,%20silver%20nozzle)
KEFINE Klean (black filter)	Fahryst		Fahryst/in-ear/KEFINE%20Klean%20(black%20filter)
KEFINE Klean (black filter)	Hi End Portable		Hi%20End%20Portable/in-ear/KEFINE%20Klean%20(black%20filter)
KEFINE Klean (black filter)	ToneDeafMonk		ToneDeafMonk/in-ear/KEFINE%20Klean%20(black%20filter)
KEFINE Klean (silver filter)	Fahryst		Fahryst/in-ear/KEFINE%20Klean%20(silver%20filter)
KEFINE Klean (silver filter)	Hi End Portable		Hi%20End%20Portable/in-ear/KEFINE%20Klean%20(silver%20filter)
KEFINE Klean (silver filter)	ToneDeafMonk		ToneDeafMonk/in-ear/KEFINE%20Klean%20(silver%20filter)
KEFINE Klean	Jaytiss		Jaytiss/in-ear/KEFINE%20Klean
KEFINE Quatio (black nozzle)	Jaytiss		Jaytiss/in-ear/KEFINE%20Quatio%20(black%20nozzle)
KEFINE Quatio (black nozzle)	Super Review		Super%20Review/in-ear/KEFINE%20Quatio%20(black%20nozzle)
KEFINE Quatio (black nozzle)	ToneDeafMonk		ToneDeafMonk/in-ear/KEFINE%20Quatio%20(black%20nozzle)
KEFINE Quatio (gold nozzle)	Jaytiss		Jaytiss/in-ear/KEFINE%20Quatio%20(gold%20nozzle)
KEFINE Quatio (gold nozzle)	Super Review		Super%20Review/in-ear/KEFINE%20Quatio%20(gold%20nozzle)
KEFINE Quatio (gold nozzle)	ToneDeafMonk		ToneDeafMonk/in-ear/KEFINE%20Quatio%20(gold%20nozzle)
KEFINE Quatio (silver nozzle)	Jaytiss		Jaytiss/in-ear/KEFINE%20Quatio%20(silver%20nozzle)
KEFINE Quatio (silver nozzle)	Super Review		Super%20Review/in-ear/KEFINE%20Quatio%20(silver%20nozzle)
KEFINE Quatio (silver nozzle)	ToneDeafMonk		ToneDeafMonk/in-ear/KEFINE%20Quatio%20(silver%20nozzle)
Kennerton Jimo	crinacle	711	crinacle/711%20in-ear/Kennerton%20Jimo
Kennerton Magister	Innerfidelity		Innerfidelity/over-ear/Kennerton%20Magister
Kennerton Magister	oratory1990		oratory1990/over-ear/Kennerton%20Magister
Kennerton Odin Bog Oak	crinacle	GRAS 43AG-7	crinacle/GRAS%2043AG-7%20over-ear/Kennerton%20Odin%20Bog%20Oak
Kennerton Thror Bog Oak	crinacle	GRAS 43AG-7	crinacle/GRAS%2043AG-7%20over-ear/Kennerton%20Thror%20Bog%20Oak
KFA2 SONAR-04	Filk		Filk/over-ear/KFA2%20SONAR-04
KiiBOOM Allure	Harpo		Harpo/in-ear/KiiBOOM%20Allure
KiiBOOM Allure	Hi End Portable		Hi%20End%20Portable/in-ear/KiiBOOM%20Allure
KiiBOOM Evoke	Hi End Portable		Hi%20End%20Portable/in-ear/KiiBOOM%20Evoke
Kinera Baldr	crinacle	711	crinacle/711%20in-ear/Kinera%20Baldr
Kinera BD005 Pro	crinacle	711	crinacle/711%20in-ear/Kinera%20BD005%20Pro
Kinera BD005	crinacle	711	crinacle/711%20in-ear/Kinera%20BD005
Kinera Celest Gumiho	Harpo		Harpo/in-ear/Kinera%20Celest%20Gumiho
Kinera Celest Gumiho	Hi End Portable		Hi%20End%20Portable/in-ear/Kinera%20Celest%20Gumiho
Kinera Celest Pandamon 2.0	Jaytiss		Jaytiss/in-ear/Kinera%20Celest%20Pandamon%202.0
Kinera Celest Pandamon	Fahryst		Fahryst/in-ear/Kinera%20Celest%20Pandamon
Kinera Celest Pandamon	Hi End Portable		Hi%20End%20Portable/in-ear/Kinera%20Celest%20Pandamon
Kinera Celest Phoenixcall	Jaytiss		Jaytiss/in-ear/Kinera%20Celest%20Phoenixcall
Kinera Celest Phoenixcall	Kazi		Kazi/in-ear/Kinera%20Celest%20Phoenixcall
Kinera Celest Phoenixcall	ToneDeafMonk		ToneDeafMonk/in-ear/Kinera%20Celest%20Phoenixcall
Kinera Celest Plutus Beast	Fahryst		Fahryst/in-ear/Kinera%20Celest%20Plutus%20Beast
Kinera Celest Plutus Beast	Jaytiss		Jaytiss/in-ear/Kinera%20Celest%20Plutus%20Beast
Kinera Celest Plutus Beast	ToneDeafMonk		ToneDeafMonk/in-ear/Kinera%20Celest%20Plutus%20Beast
Kinera Celest Relentless	Jaytiss		Jaytiss/in-ear/Kinera%20Celest%20Relentless
Kinera Celest Rue	Fahryst		Fahryst/in-ear/Kinera%20Celest%20Rue
Kinera Celest Wyvern Abyss	Fahryst		Fahryst/in-ear/Kinera%20Celest%20Wyvern%20Abyss
Kinera Celest Wyvern Abyss	Jaytiss		Jaytiss/in-ear/Kinera%20Celest%20Wyvern%20Abyss
Kinera Celest Wyvern Abyss	Super Review		Super%20Review/in-ear/Kinera%20Celest%20Wyvern%20Abyss
Kinera Celest Wyvern Pro	Fahryst		Fahryst/in-ear/Kinera%20Celest%20Wyvern%20Pro
Kinera Celest Wyvern Pro	Ted's Squig Hoard		Ted's%20Squig%20Hoard/in-ear/Kinera%20Celest%20Wyvern%20Pro
Kinera Celest Wyvern Pro	ToneDeafMonk		ToneDeafMonk/in-ear/Kinera%20Celest%20Wyvern%20Pro
Kinera Celest Wyvern Qing	Jaytiss		Jaytiss/in-ear/Kinera%20Celest%20Wyvern%20Qing
Kinera Celest Wyvern Qing	Super Review		Super%20Review/in-ear/Kinera%20Celest%20Wyvern%20Qing
Kinera Celest Wyvern Qing	ToneDeafMonk		ToneDeafMonk/in-ear/Kinera%20Celest%20Wyvern%20Qing
Kinera Celest Wyvern	Harpo		Harpo/in-ear/Kinera%20Celest%20Wyvern
Kinera Celest Wyvern	Kazi		Kazi/in-ear/Kinera%20Celest%20Wyvern
Kinera Celest Yaksha	Jaytiss		Jaytiss/in-ear/Kinera%20Celest%20Yaksha
Kinera Celest Yaksha	ToneDeafMonk		ToneDeafMonk/in-ear/Kinera%20Celest%20Yaksha
Kinera Freya 2.0	Fahryst		Fahryst/in-ear/Kinera%20Freya%202.0
Kinera Freya 2.0	Ted's Squig Hoard		Ted's%20Squig%20Hoard/in-ear/Kinera%20Freya%202.0
Kinera Freya 2.0	ToneDeafMonk		ToneDeafMonk/in-ear/Kinera%20Freya%202.0
Kinera Freya	crinacle	711	crinacle/711%20in-ear/Kinera%20Freya
Kinera Freya	HypetheSonics	GRAS RA0045	HypetheSonics/GRAS%20RA0045%20in-ear/Kinera%20Freya
Kinera Freya	RikudouGoku		RikudouGoku/in-ear/Kinera%20Freya
Kinera Freya	Super Review		Super%20Review/in-ear/Kinera%20Freya
Kinera H3	crinacle	Bruel & Kjaer 4620	crinacle/Bruel%20&%20Kjaer%204620%20in-ear/Kinera%20H3
Kinera Hodur	crinacle	711	crinacle/711%20in-ear/Kinera%20Hodur
Kinera Hodur	Ted's Squig Hoard		Ted's%20Squig%20Hoard/in-ear/Kinera%20Hodur
Kinera IDUN Deluxe	crinacle	711	crinacle/711%20in-ear/Kinera%20IDUN%20Deluxe
Kinera IDUN	crinacle	711	crinacle/711%20in-ear/Kinera%20IDUN
Kinera Imperial Loki Emerald	Ted's Squig Hoard		Ted's%20Squig%20Hoard/in-ear/Kinera%20Imperial%20Loki%20Emerald
Kinera Imperial Loki	ToneDeafMonk		ToneDeafMonk/in-ear/Kinera%20Imperial%20Loki
Kinera Imperial Nanna	Ted's Squig Hoard		Ted's%20Squig%20Hoard/in-ear/Kinera%20Imperial%20Nanna
Kinera Imperial Odin	Ted's Squig Hoard		Ted's%20Squig%20Hoard/in-ear/Kinera%20Imperial%20Odin
Kinera Imperial URD	Ted's Squig Hoard		Ted's%20Squig%20Hoard/in-ear/Kinera%20Imperial%20URD
Kinera Nanna 2.0	crinacle	711	crinacle/711%20in-ear/Kinera%20Nanna%202.0
Kinera Nanna	crinacle	711	crinacle/711%20in-ear/Kinera%20Nanna
Kinera Norn	crinacle	711	crinacle/711%20in-ear/Kinera%20Norn
Kinera Norn	Ted's Squig Hoard		Ted's%20Squig%20Hoard/in-ear/Kinera%20Norn
Kinera Odin	crinacle	711	crinacle/711%20in-ear/Kinera%20Odin
Kinera SEED	crinacle	711	crinacle/711%20in-ear/Kinera%20SEED
Kinera SIF	crinacle	711	crinacle/711%20in-ear/Kinera%20SIF
Kinera SIF	Super Review		Super%20Review/in-ear/Kinera%20SIF
Kinera Skuld	crinacle	711	crinacle/711%20in-ear/Kinera%20Skuld
Kinera Skuld	Ted's Squig Hoard		Ted's%20Squig%20Hoard/in-ear/Kinera%20Skuld
Kinera Tyr	Kazi		Kazi/in-ear/Kinera%20Tyr
Kinera Verdandi	Jaytiss		Jaytiss/in-ear/Kinera%20Verdandi
Kinera Verdandi	Kazi		Kazi/in-ear/Kinera%20Verdandi
Kinera Verdandi	ToneDeafMonk		ToneDeafMonk/in-ear/Kinera%20Verdandi
Kingsound KS-H04	oratory1990		oratory1990/over-ear/Kingsound%20KS-H04
Kitsound Mini	RikudouGoku		RikudouGoku/in-ear/Kitsound%20Mini
Kiwi Ears Aether	Hi End Portable		Hi%20End%20Portable/in-ear/Kiwi%20Ears%20Aether
Kiwi Ears Aether	Jaytiss		Jaytiss/in-ear/Kiwi%20Ears%20Aether
Kiwi Ears Aether	Kazi		Kazi/in-ear/Kiwi%20Ears%20Aether
Kiwi Ears Aether	Super Review		Super%20Review/in-ear/Kiwi%20Ears%20Aether
Kiwi Ears Aether	ToneDeafMonk		ToneDeafMonk/in-ear/Kiwi%20Ears%20Aether
Kiwi Ears Airoso	Hi End Portable		Hi%20End%20Portable/in-ear/Kiwi%20Ears%20Airoso
Kiwi Ears Airoso	Jaytiss		Jaytiss/in-ear/Kiwi%20Ears%20Airoso
Kiwi Ears Airoso	ToneDeafMonk		ToneDeafMonk/in-ear/Kiwi%20Ears%20Airoso
Kiwi Ears Ardor (ANC off)	Super Review		Super%20Review/over-ear/Kiwi%20Ears%20Ardor%20(ANC%20off)
Kiwi Ears Ardor (ANC on)	Super Review		Super%20Review/over-ear/Kiwi%20Ears%20Ardor%20(ANC%20on)
Kiwi Ears Astral	Jaytiss		Jaytiss/in-ear/Kiwi%20Ears%20Astral
Kiwi Ears Atheia	Super Review		Super%20Review/over-ear/Kiwi%20Ears%20Atheia
Kiwi Ears Aventus (ANC off)	Super Review		Super%20Review/over-ear/Kiwi%20Ears%20Aventus%20(ANC%20off)
Kiwi Ears Aventus (ANC off, double foam)	Kuulokenurkka		Kuulokenurkka/over-ear/Kiwi%20Ears%20Aventus%20(ANC%20off,%20double%20foam)
Kiwi Ears Aventus (ANC off, thick foam)	Kuulokenurkka		Kuulokenurkka/over-ear/Kiwi%20Ears%20Aventus%20(ANC%20off,%20thick%20foam)
Kiwi Ears Aventus (ANC off, thin foam)	Kuulokenurkka		Kuulokenurkka/over-ear/Kiwi%20Ears%20Aventus%20(ANC%20off,%20thin%20foam)
Kiwi Ears Aventus (ANC on)	Super Review		Super%20Review/over-ear/Kiwi%20Ears%20Aventus%20(ANC%20on)
Kiwi Ears Aventus (ANC on, double foam)	Kuulokenurkka		Kuulokenurkka/over-ear/Kiwi%20Ears%20Aventus%20(ANC%20on,%20double%20foam)
Kiwi Ears Aventus (ANC on, thick foam)	Kuulokenurkka		Kuulokenurkka/over-ear/Kiwi%20Ears%20Aventus%20(ANC%20on,%20thick%20foam)
Kiwi Ears Aventus (ANC on, thin foam)	Kuulokenurkka		Kuulokenurkka/over-ear/Kiwi%20Ears%20Aventus%20(ANC%20on,%20thin%20foam)
Kiwi Ears Aventus (passive, double foam)	Kuulokenurkka		Kuulokenurkka/over-ear/Kiwi%20Ears%20Aventus%20(passive,%20double%20foam)
Kiwi Ears Aventus (passive, thick foam)	Kuulokenurkka		Kuulokenurkka/over-ear/Kiwi%20Ears%20Aventus%20(passive,%20thick%20foam)
Kiwi Ears Aventus (passive, thin foam)	Kuulokenurkka		Kuulokenurkka/over-ear/Kiwi%20Ears%20Aventus%20(passive,%20thin%20foam)
Kiwi Ears Cadenza	Bakkwatan		Bakkwatan/in-ear/Kiwi%20Ears%20Cadenza
Kiwi Ears Cadenza	Harpo		Harpo/in-ear/Kiwi%20Ears%20Cadenza
Kiwi Ears Cadenza	Super Review		Super%20Review/in-ear/Kiwi%20Ears%20Cadenza
Kiwi Ears Cadenza	ToneDeafMonk		ToneDeafMonk/in-ear/Kiwi%20Ears%20Cadenza
Kiwi Ears Canta	Hi End Portable		Hi%20End%20Portable/in-ear/Kiwi%20Ears%20Canta
Kiwi Ears Canta	Jaytiss		Jaytiss/in-ear/Kiwi%20Ears%20Canta
Kiwi Ears Division	Auriculares Argentina		Auriculares%20Argentina/over-ear/Kiwi%20Ears%20Division
Kiwi Ears Division	Filk		Filk/over-ear/Kiwi%20Ears%20Division
Kiwi Ears Division	Super Review		Super%20Review/over-ear/Kiwi%20Ears%20Division
Kiwi Ears Dolce	Bakkwatan		Bakkwatan/in-ear/Kiwi%20Ears%20Dolce
Kiwi Ears Dolce	Harpo		Harpo/in-ear/Kiwi%20Ears%20Dolce
Kiwi Ears Dolce	Hi End Portable		Hi%20End%20Portable/in-ear/Kiwi%20Ears%20Dolce
Kiwi Ears Dolce	Jaytiss		Jaytiss/in-ear/Kiwi%20Ears%20Dolce
Kiwi Ears Dolce	ToneDeafMonk		ToneDeafMonk/in-ear/Kiwi%20Ears%20Dolce
Kiwi Ears Ellipse	Super Review		Super%20Review/over-ear/Kiwi%20Ears%20Ellipse
Kiwi Ears Etude	Jaytiss		Jaytiss/in-ear/Kiwi%20Ears%20Etude
Kiwi Ears Forteza	Jaytiss		Jaytiss/in-ear/Kiwi%20Ears%20Forteza
Kiwi Ears Forteza	kr0mka		kr0mka/in-ear/Kiwi%20Ears%20Forteza
Kiwi Ears Forteza	RikudouGoku		RikudouGoku/in-ear/Kiwi%20Ears%20Forteza
Kiwi Ears Forteza	ToneDeafMonk		ToneDeafMonk/in-ear/Kiwi%20Ears%20Forteza
Kiwi Ears KE4	Auriculares Argentina		Auriculares%20Argentina/over-ear/Kiwi%20Ears%20KE4
Kiwi Ears KE4	Filk		Filk/in-ear/Kiwi%20Ears%20KE4
Kiwi Ears KE4	Hi End Portable		Hi%20End%20Portable/in-ear/Kiwi%20Ears%20KE4
Kiwi Ears KE4	Jaytiss		Jaytiss/in-ear/Kiwi%20Ears%20KE4
Kiwi Ears KE4	Kazi		Kazi/in-ear/Kiwi%20Ears%20KE4
Kiwi Ears KE4	Super Review		Super%20Review/in-ear/Kiwi%20Ears%20KE4
Kiwi Ears Melody	Hi End Portable		Hi%20End%20Portable/in-ear/Kiwi%20Ears%20Melody
Kiwi Ears Melody	Jaytiss		Jaytiss/in-ear/Kiwi%20Ears%20Melody
Kiwi Ears Melody	Kazi		Kazi/in-ear/Kiwi%20Ears%20Melody
Kiwi Ears Melody	ToneDeafMonk		ToneDeafMonk/in-ear/Kiwi%20Ears%20Melody
Kiwi Ears Orchestra Lite (CIEM)	freeryder05		freeryder05/in-ear/Kiwi%20Ears%20Orchestra%20Lite%20(CIEM)
Kiwi Ears Orchestra Lite	Bakkwatan		Bakkwatan/in-ear/Kiwi%20Ears%20Orchestra%20Lite
Kiwi Ears Orchestra Lite	Kazi		Kazi/in-ear/Kiwi%20Ears%20Orchestra%20Lite
Kiwi Ears Orchestra Lite	oratory1990		oratory1990/in-ear/Kiwi%20Ears%20Orchestra%20Lite
Kiwi Ears Orchestra Lite	RikudouGoku		RikudouGoku/in-ear/Kiwi%20Ears%20Orchestra%20Lite
Kiwi Ears Orchestra Lite	Super Review		Super%20Review/in-ear/Kiwi%20Ears%20Orchestra%20Lite
Kiwi Ears Orchestra	crinacle	711	crinacle/711%20in-ear/Kiwi%20Ears%20Orchestra
Kiwi Ears Orchestra	crinacle	Bruel & Kjaer 4620	crinacle/Bruel%20&%20Kjaer%204620%20in-ear/Kiwi%20Ears%20Orchestra
Kiwi Ears Orchestra	Super Review		Super%20Review/in-ear/Kiwi%20Ears%20Orchestra
Kiwi Ears Quartet (off-off)	Bakkwatan		Bakkwatan/in-ear/Kiwi%20Ears%20Quartet%20(off-off)
Kiwi Ears Quartet (off-off)	Harpo		Harpo/in-ear/Kiwi%20Ears%20Quartet%20(off-off)
Kiwi Ears Quartet (off-off)	Hi End Portable		Hi%20End%20Portable/in-ear/Kiwi%20Ears%20Quartet%20(off-off)
Kiwi Ears Quartet (off-off)	Super Review		Super%20Review/in-ear/Kiwi%20Ears%20Quartet%20(off-off)
Kiwi Ears Quartet (off-off)	ToneDeafMonk		ToneDeafMonk/in-ear/Kiwi%20Ears%20Quartet%20(off-off)
Kiwi Ears Quartet (off-on)	Bakkwatan		Bakkwatan/in-ear/Kiwi%20Ears%20Quartet%20(off-on)
Kiwi Ears Quartet (off-on)	Harpo		Harpo/in-ear/Kiwi%20Ears%20Quartet%20(off-on)
Kiwi Ears Quartet (off-on)	Hi End Portable		Hi%20End%20Portable/in-ear/Kiwi%20Ears%20Quartet%20(off-on)
Kiwi Ears Quartet (off-on)	Super Review		Super%20Review/in-ear/Kiwi%20Ears%20Quartet%20(off-on)
Kiwi Ears Quartet (off-on)	ToneDeafMonk		ToneDeafMonk/in-ear/Kiwi%20Ears%20Quartet%20(off-on)
Kiwi Ears Quartet (on-off)	Bakkwatan		Bakkwatan/in-ear/Kiwi%20Ears%20Quartet%20(on-off)
Kiwi Ears Quartet (on-off)	Harpo		Harpo/in-ear/Kiwi%20Ears%20Quartet%20(on-off)
Kiwi Ears Quartet (on-off)	Hi End Portable		Hi%20End%20Portable/in-ear/Kiwi%20Ears%20Quartet%20(on-off)
Kiwi Ears Quartet (on-off)	Super Review		Super%20Review/in-ear/Kiwi%20Ears%20Quartet%20(on-off)
Kiwi Ears Quartet (on-off)	ToneDeafMonk		ToneDeafMonk/in-ear/Kiwi%20Ears%20Quartet%20(on-off)
Kiwi Ears Quartet (on-on)	Bakkwatan		Bakkwatan/in-ear/Kiwi%20Ears%20Quartet%20(on-on)
Kiwi Ears Quartet (on-on)	Harpo		Harpo/in-ear/Kiwi%20Ears%20Quartet%20(on-on)
Kiwi Ears Quartet (on-on)	Hi End Portable		Hi%20End%20Portable/in-ear/Kiwi%20Ears%20Quartet%20(on-on)
Kiwi Ears Quartet (on-on)	Super Review		Super%20Review/in-ear/Kiwi%20Ears%20Quartet%20(on-on)
Kiwi Ears Quartet (on-on)	ToneDeafMonk		ToneDeafMonk/in-ear/Kiwi%20Ears%20Quartet%20(on-on)
Kiwi Ears Quintet	Harpo		Harpo/in-ear/Kiwi%20Ears%20Quintet
Kiwi Ears Quintet	Hi End Portable		Hi%20End%20Portable/in-ear/Kiwi%20Ears%20Quintet
Kiwi Ears Quintet	Jaytiss		Jaytiss/in-ear/Kiwi%20Ears%20Quintet
Kiwi Ears Quintet	Kazi		Kazi/in-ear/Kiwi%20Ears%20Quintet
Kiwi Ears Quintet	Regan Cipher		Regan%20Cipher/in-ear/Kiwi%20Ears%20Quintet
Kiwi Ears Quintet	RikudouGoku		RikudouGoku/in-ear/Kiwi%20Ears%20Quintet
Kiwi Ears Quintet	Super Review		Super%20Review/in-ear/Kiwi%20Ears%20Quintet
Kiwi Ears Quintet	ToneDeafMonk		ToneDeafMonk/in-ear/Kiwi%20Ears%20Quintet
Kiwi Ears Septet	Jaytiss		Jaytiss/in-ear/Kiwi%20Ears%20Septet
Kiwi Ears Septet	ToneDeafMonk		ToneDeafMonk/in-ear/Kiwi%20Ears%20Septet
Kiwi Ears Singolo	Filk		Filk/in-ear/Kiwi%20Ears%20Singolo
Kiwi Ears x Crinacle Singolo	Hi End Portable		Hi%20End%20Portable/in-ear/Kiwi%20Ears%20x%20Crinacle%20Singolo
Kiwi Ears x Crinacle Singolo	Jaytiss		Jaytiss/in-ear/Kiwi%20Ears%20x%20Crinacle%20Singolo
Kiwi Ears x Crinacle Singolo	Super Review		Super%20Review/in-ear/Kiwi%20Ears%20x%20Crinacle%20Singolo
Kiwi Ears x HBB Punch	Jaytiss		Jaytiss/in-ear/Kiwi%20Ears%20x%20HBB%20Punch
KLH Ultimate One	oratory1990		oratory1990/over-ear/KLH%20Ultimate%20One
Klipsch Heritage HP-3	crinacle	EARS + 711	crinacle/EARS%20+%20711%20over-ear/Klipsch%20Heritage%20HP-3
Klipsch Heritage HP-3	crinacle	GRAS 43AG-7	crinacle/GRAS%2043AG-7%20over-ear/Klipsch%20Heritage%20HP-3
Klipsch Image One B	Innerfidelity		Innerfidelity/over-ear/Klipsch%20Image%20One%20B
Klipsch Image One	Headphone.com Legacy		Headphone.com%20Legacy/over-ear/Klipsch%20Image%20One
Klipsch Image One	Innerfidelity		Innerfidelity/over-ear/Klipsch%20Image%20One
Klipsch Image S2	Headphone.com Legacy		Headphone.com%20Legacy/in-ear/Klipsch%20Image%20S2
Klipsch Image S4	Headphone.com Legacy		Headphone.com%20Legacy/in-ear/Klipsch%20Image%20S4
Klipsch Image S4i	Headphone.com Legacy		Headphone.com%20Legacy/in-ear/Klipsch%20Image%20S4i
Klipsch Mode M40	Headphone.com Legacy		Headphone.com%20Legacy/over-ear/Klipsch%20Mode%20M40
Klipsch Mode M40	Innerfidelity		Innerfidelity/over-ear/Klipsch%20Mode%20M40
Klipsch R6 II	HypetheSonics	GRAS RA0045	HypetheSonics/GRAS%20RA0045%20in-ear/Klipsch%20R6%20II
Klipsch Reference On Ear	Innerfidelity		Innerfidelity/over-ear/Klipsch%20Reference%20On%20Ear
Klipsch Reference ONE	Headphone.com Legacy		Headphone.com%20Legacy/over-ear/Klipsch%20Reference%20ONE
Klipsch Reference ONE	Innerfidelity		Innerfidelity/over-ear/Klipsch%20Reference%20ONE
Klipsch S4	RikudouGoku		RikudouGoku/in-ear/Klipsch%20S4
Klipsch T5 II True Wireless ANC	Rtings	HMS II.3	Rtings/HMS%20II.3%20in-ear/Klipsch%20T5%20II%20True%20Wireless%20ANC
Klipsch T5 II True Wireless Sport	Rtings	HMS II.3	Rtings/HMS%20II.3%20in-ear/Klipsch%20T5%20II%20True%20Wireless%20Sport
Klipsch T5 True Wireless	crinacle	711	crinacle/711%20in-ear/Klipsch%20T5%20True%20Wireless
Klipsch T5 True Wireless	Rtings	HMS II.3	Rtings/HMS%20II.3%20in-ear/Klipsch%20T5%20True%20Wireless
Klipsch X10	Innerfidelity		Innerfidelity/in-ear/Klipsch%20X10
Klipsch X-10i	Headphone.com Legacy		Headphone.com%20Legacy/in-ear/Klipsch%20X-10i
Klipsch X12i	Innerfidelity		Innerfidelity/in-ear/Klipsch%20X12i
Klipsch X20i	Innerfidelity		Innerfidelity/in-ear/Klipsch%20X20i
Klipsch X6i	Innerfidelity		Innerfidelity/in-ear/Klipsch%20X6i
Klipsch XR8i	Innerfidelity		Innerfidelity/in-ear/Klipsch%20XR8i
Kojo Technology KJB-01 Keyagu	crinacle	711	crinacle/711%20in-ear/Kojo%20Technology%20KJB-01%20Keyagu
Kontinum Ulim	Jaytiss		Jaytiss/in-ear/Kontinum%20Ulim
Koss BT540i (wired)	Innerfidelity		Innerfidelity/over-ear/Koss%20BT540i%20(wired)
Koss BT540i (wireless)	Innerfidelity		Innerfidelity/over-ear/Koss%20BT540i%20(wireless)
Koss ESP950 (sample 1)	Innerfidelity		Innerfidelity/over-ear/Koss%20ESP950%20(sample%201)
Koss ESP950 (sample 2)	Innerfidelity		Innerfidelity/over-ear/Koss%20ESP950%20(sample%202)
Koss ESP950	Innerfidelity		Innerfidelity/over-ear/Koss%20ESP950
Koss ESP95X (Vesper earpads)	Super Review		Super%20Review/over-ear/Koss%20ESP95X%20(Vesper%20earpads)
Koss ESP95X	crinacle	GRAS 43AG-7	crinacle/GRAS%2043AG-7%20over-ear/Koss%20ESP95X
Koss ESP95X	oratory1990		oratory1990/over-ear/Koss%20ESP95X
Koss ESP95X	Super Review		Super%20Review/over-ear/Koss%20ESP95X
Koss KDE250	Headphone.com Legacy		Headphone.com%20Legacy/over-ear/Koss%20KDE250
Koss KDE250	Super Review		Super%20Review/over-ear/Koss%20KDE250
Koss KEB90	Super Review		Super%20Review/in-ear/Koss%20KEB90
Koss KPH30i (Grado G Cushion earpads)	kr0mka		kr0mka/over-ear/Koss%20KPH30i%20(Grado%20G%20Cushion%20earpads)
Koss KPH30i (Grado GS1000 earpads)	oratory1990		oratory1990/over-ear/Koss%20KPH30i%20(Grado%20GS1000%20earpads)
Koss KPH30i	crinacle	GRAS 43AG-7	crinacle/GRAS%2043AG-7%20over-ear/Koss%20KPH30i
Koss KPH30i	kr0mka		kr0mka/over-ear/Koss%20KPH30i
Koss KPH30i	oratory1990		oratory1990/over-ear/Koss%20KPH30i
Koss KPH30i	Super Review		Super%20Review/over-ear/Koss%20KPH30i
Koss KPH40	crinacle	GRAS 43AG-7	crinacle/GRAS%2043AG-7%20over-ear/Koss%20KPH40
Koss KPH40	oratory1990		oratory1990/over-ear/Koss%20KPH40
Koss KPH40	Super Review		Super%20Review/over-ear/Koss%20KPH40
Koss KPH7	Filk		Filk/over-ear/Koss%20KPH7
Koss KPH7	Innerfidelity		Innerfidelity/over-ear/Koss%20KPH7
Koss KSC75 (Venture Electronics earpads)	Filk		Filk/over-ear/Koss%20KSC75%20(Venture%20Electronics%20earpads)
Koss KSC75	crinacle	GRAS 43AG-7	crinacle/GRAS%2043AG-7%20over-ear/Koss%20KSC75
Koss KSC75	Filk		Filk/over-ear/Koss%20KSC75
Koss KSC75	Headphone.com Legacy		Headphone.com%20Legacy/over-ear/Koss%20KSC75
Koss KSC75	Innerfidelity		Innerfidelity/over-ear/Koss%20KSC75
Koss KSC75	kr0mka		kr0mka/over-ear/Koss%20KSC75
Koss KSC75	oratory1990		oratory1990/over-ear/Koss%20KSC75
Koss KSC75	Rtings	HMS II.3	Rtings/HMS%20II.3%20over-ear/Koss%20KSC75
Koss KSC75	Super Review		Super%20Review/over-ear/Koss%20KSC75
Koss KSC75X (Yaxi earpads)	oratory1990		oratory1990/over-ear/Koss%20KSC75X%20(Yaxi%20earpads)
Koss Porta Pro (Dekoni earpads)	Super Review		Super%20Review/over-ear/Koss%20Porta%20Pro%20(Dekoni%20earpads)
Koss Porta Pro (sample 1)	Headphone.com Legacy		Headphone.com%20Legacy/over-ear/Koss%20Porta%20Pro%20(sample%201)
Koss Porta Pro (sample 2)	Headphone.com Legacy		Headphone.com%20Legacy/over-ear/Koss%20Porta%20Pro%20(sample%202)
Koss Porta Pro (Yaxi earpads)	Auriculares Argentina		Auriculares%20Argentina/over-ear/Koss%20Porta%20Pro%20(Yaxi%20earpads)
Koss Porta Pro (Yaxi earpads)	Kuulokenurkka		Kuulokenurkka/over-ear/Koss%20Porta%20Pro%20(Yaxi%20earpads)
Koss Porta Pro (Yaxi earpads)	oratory1990		oratory1990/over-ear/Koss%20Porta%20Pro%20(Yaxi%20earpads)
Koss Porta Pro (Yaxi earpads)	Super Review		Super%20Review/over-ear/Koss%20Porta%20Pro%20(Yaxi%20earpads)
Koss Porta Pro Aniv Ed	Headphone.com Legacy		Headphone.com%20Legacy/over-ear/Koss%20Porta%20Pro%20Aniv%20Ed
Koss Porta Pro KTC	Rtings	HMS II.3	Rtings/HMS%20II.3%20over-ear/Koss%20Porta%20Pro%20KTC
Koss Porta Pro Wireless	Rtings	HMS II.3	Rtings/HMS%20II.3%20over-ear/Koss%20Porta%20Pro%20Wireless
Koss Porta Pro Wireless	Super Review		Super%20Review/over-ear/Koss%20Porta%20Pro%20Wireless
Koss Porta Pro	crinacle	GRAS 43AG-7	crinacle/GRAS%2043AG-7%20over-ear/Koss%20Porta%20Pro
Koss Porta Pro	Headphone.com Legacy		Headphone.com%20Legacy/over-ear/Koss%20Porta%20Pro
Koss Porta Pro	Innerfidelity		Innerfidelity/over-ear/Koss%20Porta%20Pro
Koss Porta Pro	oratory1990		oratory1990/over-ear/Koss%20Porta%20Pro
Koss Porta Pro	Super Review		Super%20Review/over-ear/Koss%20Porta%20Pro
Koss PRO DJ 100	Headphone.com Legacy		Headphone.com%20Legacy/over-ear/Koss%20PRO%20DJ%20100
Koss PRO DJ100	crinacle	GRAS 43AG-7	crinacle/GRAS%2043AG-7%20over-ear/Koss%20PRO%20DJ100
Koss Pro4AA 1975	Innerfidelity		Innerfidelity/over-ear/Koss%20Pro4AA%201975
Koss Pro4AA 2014	Innerfidelity		Innerfidelity/over-ear/Koss%20Pro4AA%202014
Koss Pro4AAA	Innerfidelity		Innerfidelity/over-ear/Koss%20Pro4AAA
Koss Pro4S	Innerfidelity		Innerfidelity/over-ear/Koss%20Pro4S
Koss QZPro	Rtings	HMS II.3	Rtings/HMS%20II.3%20over-ear/Koss%20QZPro
Koss SP330	Innerfidelity		Innerfidelity/over-ear/Koss%20SP330
Koss SP540	crinacle	GRAS 43AG-7	crinacle/GRAS%2043AG-7%20over-ear/Koss%20SP540
Koss SP540	Innerfidelity		Innerfidelity/over-ear/Koss%20SP540
Koss SportaPro	Headphone.com Legacy		Headphone.com%20Legacy/over-ear/Koss%20SportaPro
Koss Tony Bennett	Headphone.com Legacy		Headphone.com%20Legacy/over-ear/Koss%20Tony%20Bennett
Koss Tony Bennett	Innerfidelity		Innerfidelity/over-ear/Koss%20Tony%20Bennett
Koss UR 20	Headphone.com Legacy		Headphone.com%20Legacy/over-ear/Koss%20UR%2020
Koss UR 29	Headphone.com Legacy		Headphone.com%20Legacy/over-ear/Koss%20UR%2029
Koss UR20	Rtings	HMS II.3	Rtings/HMS%20II.3%20over-ear/Koss%20UR20
Kotori Vampire	ToneDeafMonk		ToneDeafMonk/in-ear/Kotori%20Vampire
Kotori Zephyr	ToneDeafMonk		ToneDeafMonk/in-ear/Kotori%20Zephyr
KRK SYSTEMS KNS 6400	Headphone.com Legacy		Headphone.com%20Legacy/over-ear/KRK%20SYSTEMS%20KNS%206400
KRK SYSTEMS KNS 6400	Innerfidelity		Innerfidelity/over-ear/KRK%20SYSTEMS%20KNS%206400
KRK SYSTEMS KNS 8400	Headphone.com Legacy		Headphone.com%20Legacy/over-ear/KRK%20SYSTEMS%20KNS%208400
KRK SYSTEMS KNS 8400	Innerfidelity		Innerfidelity/over-ear/KRK%20SYSTEMS%20KNS%208400
Ks Earphone K64	Super Review		Super%20Review/earbud/Ks%20Earphone%20K64
Kumitate Lab KL-Corona	crinacle	711	crinacle/711%20in-ear/Kumitate%20Lab%20KL-Corona
Kumitate Lab KL-Focus (max bass)	crinacle	711	crinacle/711%20in-ear/Kumitate%20Lab%20KL-Focus%20(max%20bass)
Kumitate Lab KL-Focus (min bass)	crinacle	711	crinacle/711%20in-ear/Kumitate%20Lab%20KL-Focus%20(min%20bass)
Kumitate Lab KL-Focus (setting 2)	crinacle	711	crinacle/711%20in-ear/Kumitate%20Lab%20KL-Focus%20(setting%202)
Kumitate Lab KL-Focus (setting 3)	crinacle	711	crinacle/711%20in-ear/Kumitate%20Lab%20KL-Focus%20(setting%203)
Kumitate Lab KL-Kanon 6-Minus	crinacle	711	crinacle/711%20in-ear/Kumitate%20Lab%20KL-Kanon%206-Minus
Kumitate Lab KL-Kanon 6-Plus	crinacle	711	crinacle/711%20in-ear/Kumitate%20Lab%20KL-Kanon%206-Plus
Kumitate Lab KL-Meteo	crinacle	711	crinacle/711%20in-ear/Kumitate%20Lab%20KL-Meteo
Kumitate Lab KL-REF Type-S (half bass)	crinacle	711	crinacle/711%20in-ear/Kumitate%20Lab%20KL-REF%20Type-S%20(half%20bass)
Kumitate Lab KL-REF Type-S (max bass)	crinacle	711	crinacle/711%20in-ear/Kumitate%20Lab%20KL-REF%20Type-S%20(max%20bass)
Kumitate Lab KL-REF Type-S	crinacle	711	crinacle/711%20in-ear/Kumitate%20Lab%20KL-REF%20Type-S
Kumitate Lab KL-Sanka B	crinacle	711	crinacle/711%20in-ear/Kumitate%20Lab%20KL-Sanka%20B
Kumitate Lab KL-Sanka K	crinacle	711	crinacle/711%20in-ear/Kumitate%20Lab%20KL-Sanka%20K
Kumitate Lab KL-Sanka	crinacle	711	crinacle/711%20in-ear/Kumitate%20Lab%20KL-Sanka
Kumitate Lab KL-Sirius (CIEM)	crinacle	711	crinacle/711%20in-ear/Kumitate%20Lab%20KL-Sirius%20(CIEM)
Kumitate Lab KL-Sirius	crinacle	711	crinacle/711%20in-ear/Kumitate%20Lab%20KL-Sirius
Kumitate Lab Trio (half)	crinacle	711	crinacle/711%20in-ear/Kumitate%20Lab%20Trio%20(half)
Kumitate Lab Trio (max)	crinacle	711	crinacle/711%20in-ear/Kumitate%20Lab%20Trio%20(max)
Kumitate Lab Trio (min)	crinacle	711	crinacle/711%20in-ear/Kumitate%20Lab%20Trio%20(min)
KZ AS06	Super Review		Super%20Review/in-ear/KZ%20AS06
KZ AS10	crinacle	711	crinacle/711%20in-ear/KZ%20AS10
KZ AS10	crinacle	Bruel & Kjaer 4620	crinacle/Bruel%20&%20Kjaer%204620%20in-ear/KZ%20AS10
KZ AS10	Rtings	HMS II.3	Rtings/HMS%20II.3%20in-ear/KZ%20AS10
KZ AS10	Super Review		Super%20Review/in-ear/KZ%20AS10
KZ AS16	crinacle	711	crinacle/711%20in-ear/KZ%20AS16
KZ ASF	crinacle	711	crinacle/711%20in-ear/KZ%20ASF
KZ ASF	crinacle	Bruel & Kjaer 4620	crinacle/Bruel%20&%20Kjaer%204620%20in-ear/KZ%20ASF
KZ AST	Harpo		Harpo/in-ear/KZ%20AST
KZ AST	Super Review		Super%20Review/in-ear/KZ%20AST
KZ ASX	crinacle	711	crinacle/711%20in-ear/KZ%20ASX
KZ ASX	crinacle	Bruel & Kjaer 4620	crinacle/Bruel%20&%20Kjaer%204620%20in-ear/KZ%20ASX
KZ ASX	Super Review		Super%20Review/in-ear/KZ%20ASX
KZ ATE	oratory1990		oratory1990/in-ear/KZ%20ATE
KZ ATE	Super Review		Super%20Review/in-ear/KZ%20ATE
KZ BA10	crinacle	711	crinacle/711%20in-ear/KZ%20BA10
KZ BA10	RikudouGoku		RikudouGoku/in-ear/KZ%20BA10
KZ Carol (ANC off)	Regan Cipher		Regan%20Cipher/in-ear/KZ%20Carol%20(ANC%20off)
KZ Carol (ANC on)	Regan Cipher		Regan%20Cipher/in-ear/KZ%20Carol%20(ANC%20on)
KZ Carol Pro (ANC off)	Regan Cipher		Regan%20Cipher/in-ear/KZ%20Carol%20Pro%20(ANC%20off)
KZ Carol Pro (ANC on)	Regan Cipher		Regan%20Cipher/in-ear/KZ%20Carol%20Pro%20(ANC%20on)
KZ Carol	DHRME		DHRME/in-ear/KZ%20Carol
KZ Castor (off-off-off-off)	Harpo		Harpo/in-ear/KZ%20Castor%20(off-off-off-off)
KZ Castor (off-off-off-off)	Super Review		Super%20Review/in-ear/KZ%20Castor%20(off-off-off-off)
KZ Castor (off-off-off-off)	ToneDeafMonk		ToneDeafMonk/in-ear/KZ%20Castor%20(off-off-off-off)
KZ Castor (off-off-on-off)	Harpo		Harpo/in-ear/KZ%20Castor%20(off-off-on-off)
KZ Castor (off-off-on-off)	ToneDeafMonk		ToneDeafMonk/in-ear/KZ%20Castor%20(off-off-on-off)
KZ Castor (off-off-on-on)	Harpo		Harpo/in-ear/KZ%20Castor%20(off-off-on-on)
KZ Castor (off-off-on-on)	Super Review		Super%20Review/in-ear/KZ%20Castor%20(off-off-on-on)
KZ Castor (off-off-on-on)	ToneDeafMonk		ToneDeafMonk/in-ear/KZ%20Castor%20(off-off-on-on)
KZ Castor (on-n-off-off)	Super Review		Super%20Review/in-ear/KZ%20Castor%20(on-n-off-off)
KZ Castor (on-off-off-off)	Harpo		Harpo/in-ear/KZ%20Castor%20(on-off-off-off)
KZ Castor (on-off-off-off)	ToneDeafMonk		ToneDeafMonk/in-ear/KZ%20Castor%20(on-off-off-off)
KZ Castor (on-off-on-off)	Harpo		Harpo/in-ear/KZ%20Castor%20(on-off-on-off)
KZ Castor (on-on-off-off)	Harpo		Harpo/in-ear/KZ%20Castor%20(on-on-off-off)
KZ Castor (on-on-off-off)	ToneDeafMonk		ToneDeafMonk/in-ear/KZ%20Castor%20(on-on-off-off)
KZ Castor (on-on-on-off)	Harpo		Harpo/in-ear/KZ%20Castor%20(on-on-on-off)
KZ Castor (on-on-on-on)	Harpo		Harpo/in-ear/KZ%20Castor%20(on-on-on-on)
KZ Castor (on-on-on-on)	Super Review		Super%20Review/in-ear/KZ%20Castor%20(on-on-on-on)
KZ Castor (on-on-on-on)	ToneDeafMonk		ToneDeafMonk/in-ear/KZ%20Castor%20(on-on-on-on)
KZ Castor Improved Bass Version (off-off-off-on)	ToneDeafMonk		ToneDeafMonk/in-ear/KZ%20Castor%20Improved%20Bass%20Version%20(off-off-off-on)
KZ Castor Improved Bass Version (off-off-on-off)	ToneDeafMonk		ToneDeafMonk/in-ear/KZ%20Castor%20Improved%20Bass%20Version%20(off-off-on-off)
KZ Castor Improved Bass Version (off-off-on-on)	ToneDeafMonk		ToneDeafMonk/in-ear/KZ%20Castor%20Improved%20Bass%20Version%20(off-off-on-on)
KZ Castor Improved Bass Version (off-on-on-on)	ToneDeafMonk		ToneDeafMonk/in-ear/KZ%20Castor%20Improved%20Bass%20Version%20(off-on-on-on)
KZ Castor Improved Bass Version (on-off-off-off)	ToneDeafMonk		ToneDeafMonk/in-ear/KZ%20Castor%20Improved%20Bass%20Version%20(on-off-off-off)
KZ Castor Improved Bass Version (on-on-off-off)	ToneDeafMonk		ToneDeafMonk/in-ear/KZ%20Castor%20Improved%20Bass%20Version%20(on-on-off-off)
KZ Castor Improved Bass Version (on-on-on-on)	ToneDeafMonk		ToneDeafMonk/in-ear/KZ%20Castor%20Improved%20Bass%20Version%20(on-on-on-on)
KZ D-FI (off-off-off-off)	Fahryst		Fahryst/in-ear/KZ%20D-FI%20(off-off-off-off)
KZ D-FI (off-off-off-off)	Super Review		Super%20Review/in-ear/KZ%20D-FI%20(off-off-off-off)
KZ D-FI (off-off-off-off)	ToneDeafMonk		ToneDeafMonk/in-ear/KZ%20D-FI%20(off-off-off-off)
KZ D-FI (off-off-off-on)	Super Review		Super%20Review/in-ear/KZ%20D-FI%20(off-off-off-on)
KZ D-FI (on-off-off-off)	Fahryst		Fahryst/in-ear/KZ%20D-FI%20(on-off-off-off)
KZ D-FI (on-off-off-off)	Super Review		Super%20Review/in-ear/KZ%20D-FI%20(on-off-off-off)
KZ D-FI (on-off-off-off)	ToneDeafMonk		ToneDeafMonk/in-ear/KZ%20D-FI%20(on-off-off-off)
KZ D-FI (on-off-off-on)	Fahryst		Fahryst/in-ear/KZ%20D-FI%20(on-off-off-on)
KZ D-FI (on-off-on-off)	Fahryst		Fahryst/in-ear/KZ%20D-FI%20(on-off-on-off)
KZ D-FI (on-off-on-on)	Fahryst		Fahryst/in-ear/KZ%20D-FI%20(on-off-on-on)
KZ D-FI (on-on-off-off)	Fahryst		Fahryst/in-ear/KZ%20D-FI%20(on-on-off-off)
KZ D-FI (on-on-off-off)	Super Review		Super%20Review/in-ear/KZ%20D-FI%20(on-on-off-off)
KZ D-FI (on-on-off-off)	ToneDeafMonk		ToneDeafMonk/in-ear/KZ%20D-FI%20(on-on-off-off)
KZ D-FI (on-on-off-on)	Fahryst		Fahryst/in-ear/KZ%20D-FI%20(on-on-off-on)
KZ D-FI (on-on-on-off)	Fahryst		Fahryst/in-ear/KZ%20D-FI%20(on-on-on-off)
KZ D-FI (on-on-on-off)	Super Review		Super%20Review/in-ear/KZ%20D-FI%20(on-on-on-off)
KZ D-FI (on-on-on-off)	ToneDeafMonk		ToneDeafMonk/in-ear/KZ%20D-FI%20(on-on-on-off)
KZ D-FI (on-on-on-on)	Fahryst		Fahryst/in-ear/KZ%20D-FI%20(on-on-on-on)
KZ D-FI (on-on-on-on)	Super Review		Super%20Review/in-ear/KZ%20D-FI%20(on-on-on-on)
KZ D-FI (on-on-on-on)	ToneDeafMonk		ToneDeafMonk/in-ear/KZ%20D-FI%20(on-on-on-on)
KZ DQ6	crinacle	711	crinacle/711%20in-ear/KZ%20DQ6
KZ DQ6	RikudouGoku		RikudouGoku/in-ear/KZ%20DQ6
KZ DQ6	Super Review		Super%20Review/in-ear/KZ%20DQ6
KZ DQ6S	crinacle	711	crinacle/711%20in-ear/KZ%20DQ6S
KZ DQ6S	Harpo		Harpo/in-ear/KZ%20DQ6S
KZ DQ6S	RikudouGoku		RikudouGoku/in-ear/KZ%20DQ6S
KZ E10	crinacle	711	crinacle/711%20in-ear/KZ%20E10
KZ ED Special Edition	crinacle	711	crinacle/711%20in-ear/KZ%20ED%20Special%20Edition
KZ ED16	crinacle	711	crinacle/711%20in-ear/KZ%20ED16
KZ ED9 (balanced filter)	RikudouGoku		RikudouGoku/in-ear/KZ%20ED9%20(balanced%20filter)
KZ EDC Pro	Jaytiss		Jaytiss/in-ear/KZ%20EDC%20Pro
KZ EDR1	RikudouGoku		RikudouGoku/in-ear/KZ%20EDR1
KZ EDSE	oratory1990		oratory1990/in-ear/KZ%20EDSE
KZ EDX Pro	crinacle	711	crinacle/711%20in-ear/KZ%20EDX%20Pro
KZ EDX Pro	RikudouGoku		RikudouGoku/in-ear/KZ%20EDX%20Pro
KZ EDX Pro	Super Review		Super%20Review/in-ear/KZ%20EDX%20Pro
KZ EDX Ultra	Harpo		Harpo/in-ear/KZ%20EDX%20Ultra
KZ EDX Ultra	RikudouGoku		RikudouGoku/in-ear/KZ%20EDX%20Ultra
KZ EDXS	Fahryst		Fahryst/in-ear/KZ%20EDXS
KZ EDXS	ToneDeafMonk		ToneDeafMonk/in-ear/KZ%20EDXS
KZ ES4	crinacle	711	crinacle/711%20in-ear/KZ%20ES4
KZ ES4	oratory1990		oratory1990/in-ear/KZ%20ES4
KZ ESX	Harpo		Harpo/in-ear/KZ%20ESX
KZ Krila	Jaytiss		Jaytiss/in-ear/KZ%20Krila
KZ Lin Long	ToneDeafMonk		ToneDeafMonk/in-ear/KZ%20Lin%20Long
KZ PR1 Pro	Super Review		Super%20Review/in-ear/KZ%20PR1%20Pro
KZ PR1 Pro	ToneDeafMonk		ToneDeafMonk/in-ear/KZ%20PR1%20Pro
KZ PR1	crinacle	711	crinacle/711%20in-ear/KZ%20PR1
KZ PR1	Fahryst		Fahryst/in-ear/KZ%20PR1
KZ PR2	Harpo		Harpo/in-ear/KZ%20PR2
KZ PR3	Jaytiss		Jaytiss/in-ear/KZ%20PR3
KZ PR3	ToneDeafMonk		ToneDeafMonk/in-ear/KZ%20PR3
KZ PRX	Jaytiss		Jaytiss/in-ear/KZ%20PRX
KZ S2	crinacle	711	crinacle/711%20in-ear/KZ%20S2
KZ S4	crinacle	711	crinacle/711%20in-ear/KZ%20S4
KZ Saga	Regan Cipher		Regan%20Cipher/in-ear/KZ%20Saga
KZ SK10	Super Review		Super%20Review/in-ear/KZ%20SK10
KZ SKS	Regan Cipher		Regan%20Cipher/in-ear/KZ%20SKS
KZ Sonata (off-off-off-off)	Jaytiss		Jaytiss/in-ear/KZ%20Sonata%20(off-off-off-off)
KZ Sonata (off-off-on-on)	Jaytiss		Jaytiss/in-ear/KZ%20Sonata%20(off-off-on-on)
KZ Sonata (on-on-off-off)	Jaytiss		Jaytiss/in-ear/KZ%20Sonata%20(on-on-off-off)
KZ Sonata (on-on-on-on)	Jaytiss		Jaytiss/in-ear/KZ%20Sonata%20(on-on-on-on)
KZ Symphony	Jaytiss		Jaytiss/in-ear/KZ%20Symphony
KZ Symphony	ToneDeafMonk		ToneDeafMonk/in-ear/KZ%20Symphony
KZ Vader Balanced (off-off-off-off)	Harpo		Harpo/in-ear/KZ%20Vader%20Balanced%20(off-off-off-off)
KZ Vader Balanced (off-off-off-on)	Harpo		Harpo/in-ear/KZ%20Vader%20Balanced%20(off-off-off-on)
KZ Vader Balanced (off-off-on-off)	Harpo		Harpo/in-ear/KZ%20Vader%20Balanced%20(off-off-on-off)
KZ Vader Balanced (off-on-off-off)	Harpo		Harpo/in-ear/KZ%20Vader%20Balanced%20(off-on-off-off)
KZ Vader Balanced (off-on-on-off)	Harpo		Harpo/in-ear/KZ%20Vader%20Balanced%20(off-on-on-off)
KZ Vader Balanced (on-off-off-off)	Harpo		Harpo/in-ear/KZ%20Vader%20Balanced%20(on-off-off-off)
KZ Vader Balanced (on-off-off-on)	Harpo		Harpo/in-ear/KZ%20Vader%20Balanced%20(on-off-off-on)
KZ Vader Balanced (on-on-off-off)	Harpo		Harpo/in-ear/KZ%20Vader%20Balanced%20(on-on-off-off)
KZ Vader Balanced (on-on-on-off)	Harpo		Harpo/in-ear/KZ%20Vader%20Balanced%20(on-on-on-off)
KZ Vader Balanced (on-on-on-on)	Harpo		Harpo/in-ear/KZ%20Vader%20Balanced%20(on-on-on-on)
KZ VXS Pro	DHRME		DHRME/in-ear/KZ%20VXS%20Pro
KZ VXS	DHRME		DHRME/in-ear/KZ%20VXS
KZ x Crinacle CRN	crinacle	711	crinacle/711%20in-ear/KZ%20x%20Crinacle%20CRN
KZ x Crinacle CRN	kr0mka		kr0mka/in-ear/KZ%20x%20Crinacle%20CRN
KZ x Crinacle CRN	Super Review		Super%20Review/in-ear/KZ%20x%20Crinacle%20CRN
KZ x HBB PR2 (with black mesh)	Fahryst		Fahryst/in-ear/KZ%20x%20HBB%20PR2%20(with%20black%20mesh)
KZ x HBB PR2 (without black mesh)	Fahryst		Fahryst/in-ear/KZ%20x%20HBB%20PR2%20(without%20black%20mesh)
KZ x HBB PR2	Bakkwatan		Bakkwatan/in-ear/KZ%20x%20HBB%20PR2
KZ x HBB PR2	Super Review		Super%20Review/in-ear/KZ%20x%20HBB%20PR2
KZ x HBB PR2	ToneDeafMonk		ToneDeafMonk/in-ear/KZ%20x%20HBB%20PR2
KZ Xtra (ANC off)	Regan Cipher		Regan%20Cipher/in-ear/KZ%20Xtra%20(ANC%20off)
KZ Xtra (ANC on)	Regan Cipher		Regan%20Cipher/in-ear/KZ%20Xtra%20(ANC%20on)
KZ Xtra	DHRME		DHRME/in-ear/KZ%20Xtra
KZ Z10 Pro 2	Jaytiss		Jaytiss/in-ear/KZ%20Z10%20Pro%202
KZ ZA12 (off-off-off-off)	Hi End Portable		Hi%20End%20Portable/in-ear/KZ%20ZA12%20(off-off-off-off)
KZ ZA12 (off-off-off-off)	Jaytiss		Jaytiss/in-ear/KZ%20ZA12%20(off-off-off-off)
KZ ZA12 (off-off-on-off)	Hi End Portable		Hi%20End%20Portable/in-ear/KZ%20ZA12%20(off-off-on-off)
KZ ZA12 (off-off-on-on)	Hi End Portable		Hi%20End%20Portable/in-ear/KZ%20ZA12%20(off-off-on-on)
KZ ZA12 (off-off-on-on)	Jaytiss		Jaytiss/in-ear/KZ%20ZA12%20(off-off-on-on)
KZ ZA12 (on-off-off-off)	Hi End Portable		Hi%20End%20Portable/in-ear/KZ%20ZA12%20(on-off-off-off)
KZ ZA12 (on-on-off-off)	Hi End Portable		Hi%20End%20Portable/in-ear/KZ%20ZA12%20(on-on-off-off)
KZ ZA12 (on-on-off-off)	Jaytiss		Jaytiss/in-ear/KZ%20ZA12%20(on-on-off-off)
KZ ZA12 (on-on-on-on)	Hi End Portable		Hi%20End%20Portable/in-ear/KZ%20ZA12%20(on-on-on-on)
KZ ZA12 (on-on-on-on)	Jaytiss		Jaytiss/in-ear/KZ%20ZA12%20(on-on-on-on)
KZ ZAS	crinacle	711	crinacle/711%20in-ear/KZ%20ZAS
KZ ZAX	crinacle	711	crinacle/711%20in-ear/KZ%20ZAX
KZ ZAX	crinacle	Bruel & Kjaer 4620	crinacle/Bruel%20&%20Kjaer%204620%20in-ear/KZ%20ZAX
KZ Zenith (ANC off)	Regan Cipher		Regan%20Cipher/in-ear/KZ%20Zenith%20(ANC%20off)
KZ Zenith (on-on-off-off)	Jaytiss		Jaytiss/in-ear/KZ%20Zenith%20(on-on-off-off)
KZ ZES	RikudouGoku		RikudouGoku/in-ear/KZ%20ZES
KZ ZEX Pro	Filk		Filk/in-ear/KZ%20ZEX%20Pro
KZ ZEX Pro	Jaytiss		Jaytiss/in-ear/KZ%20ZEX%20Pro
KZ ZEX Pro	RikudouGoku		RikudouGoku/in-ear/KZ%20ZEX%20Pro
KZ ZEX	crinacle	711	crinacle/711%20in-ear/KZ%20ZEX
KZ ZEX	Jaytiss		Jaytiss/in-ear/KZ%20ZEX
KZ ZEX	Super Review		Super%20Review/in-ear/KZ%20ZEX
KZ ZS10 Pro 2 (off-off-off-off)	Hi End Portable		Hi%20End%20Portable/in-ear/KZ%20ZS10%20Pro%202%20(off-off-off-off)
KZ ZS10 Pro 2 (off-off-off-on)	Hi End Portable		Hi%20End%20Portable/in-ear/KZ%20ZS10%20Pro%202%20(off-off-off-on)
KZ ZS10 Pro 2 (on-off-off-off)	Hi End Portable		Hi%20End%20Portable/in-ear/KZ%20ZS10%20Pro%202%20(on-off-off-off)
KZ ZS10 Pro 2 (on-off-off-off)	ToneDeafMonk		ToneDeafMonk/in-ear/KZ%20ZS10%20Pro%202%20(on-off-off-off)
KZ ZS10 Pro 2 (on-on-off-off)	Hi End Portable		Hi%20End%20Portable/in-ear/KZ%20ZS10%20Pro%202%20(on-on-off-off)
KZ ZS10 Pro 2 (on-on-off-off)	ToneDeafMonk		ToneDeafMonk/in-ear/KZ%20ZS10%20Pro%202%20(on-on-off-off)
KZ ZS10 Pro 2 (on-on-on-off)	Hi End Portable		Hi%20End%20Portable/in-ear/KZ%20ZS10%20Pro%202%20(on-on-on-off)
KZ ZS10 Pro 2 (on-on-on-off)	ToneDeafMonk		ToneDeafMonk/in-ear/KZ%20ZS10%20Pro%202%20(on-on-on-off)
KZ ZS10 Pro 2 (on-on-on-on)	Hi End Portable		Hi%20End%20Portable/in-ear/KZ%20ZS10%20Pro%202%20(on-on-on-on)
KZ ZS10 Pro 2 (on-on-on-on)	ToneDeafMonk		ToneDeafMonk/in-ear/KZ%20ZS10%20Pro%202%20(on-on-on-on)
KZ ZS10 Pro X	Super Review		Super%20Review/in-ear/KZ%20ZS10%20Pro%20X
KZ ZS10 Pro	crinacle	711	crinacle/711%20in-ear/KZ%20ZS10%20Pro
KZ ZS10 Pro	crinacle	Bruel & Kjaer 4620	crinacle/Bruel%20&%20Kjaer%204620%20in-ear/KZ%20ZS10%20Pro
KZ ZS10 Pro	Harpo		Harpo/in-ear/KZ%20ZS10%20Pro
KZ ZS10 Pro	kr0mka		kr0mka/in-ear/KZ%20ZS10%20Pro
KZ ZS10 Pro	Super Review		Super%20Review/in-ear/KZ%20ZS10%20Pro
KZ ZS10	kr0mka		kr0mka/in-ear/KZ%20ZS10
KZ ZS10	oratory1990		oratory1990/in-ear/KZ%20ZS10
KZ ZS10	Rtings	HMS II.3	Rtings/HMS%20II.3%20in-ear/KZ%20ZS10
KZ ZS10	Super Review		Super%20Review/in-ear/KZ%20ZS10
KZ ZS12 PRO X	ToneDeafMonk		ToneDeafMonk/in-ear/KZ%20ZS12%20PRO%20X
KZ ZS3	crinacle	711	crinacle/711%20in-ear/KZ%20ZS3
KZ ZS4	RikudouGoku		RikudouGoku/in-ear/KZ%20ZS4
KZ ZS5v1	crinacle	711	crinacle/711%20in-ear/KZ%20ZS5v1
KZ ZS5v1	kr0mka		kr0mka/in-ear/KZ%20ZS5v1
KZ ZS5v2	crinacle	711	crinacle/711%20in-ear/KZ%20ZS5v2
KZ ZS6	crinacle	711	crinacle/711%20in-ear/KZ%20ZS6
KZ ZS6	RikudouGoku		RikudouGoku/in-ear/KZ%20ZS6
KZ ZS7	RikudouGoku		RikudouGoku/in-ear/KZ%20ZS7
KZ ZS7	Super Review		Super%20Review/in-ear/KZ%20ZS7
KZ ZSE	RikudouGoku		RikudouGoku/in-ear/KZ%20ZSE
KZ ZSN Pro X	crinacle	711	crinacle/711%20in-ear/KZ%20ZSN%20Pro%20X
KZ ZSN Pro X	oratory1990		oratory1990/in-ear/KZ%20ZSN%20Pro%20X
KZ ZSN Pro	Auriculares Argentina		Auriculares%20Argentina/in-ear/KZ%20ZSN%20Pro
KZ ZSN Pro	crinacle	711	crinacle/711%20in-ear/KZ%20ZSN%20Pro
KZ ZSN Pro	HypetheSonics	GRAS RA0045	HypetheSonics/GRAS%20RA0045%20in-ear/KZ%20ZSN%20Pro
KZ ZSN Pro	Super Review		Super%20Review/in-ear/KZ%20ZSN%20Pro
KZ ZSN	Rtings	HMS II.3	Rtings/HMS%20II.3%20in-ear/KZ%20ZSN
KZ ZSR	crinacle	711	crinacle/711%20in-ear/KZ%20ZSR
KZ ZST	crinacle	711	crinacle/711%20in-ear/KZ%20ZST
KZ ZST	oratory1990		oratory1990/in-ear/KZ%20ZST
KZ ZST	Rtings	HMS II.3	Rtings/HMS%20II.3%20in-ear/KZ%20ZST
KZ ZSX	crinacle	711	crinacle/711%20in-ear/KZ%20ZSX
KZ ZVX	Fahryst		Fahryst/in-ear/KZ%20ZVX
KZ ZVX	Harpo		Harpo/in-ear/KZ%20ZVX
KZ ZVX	ToneDeafMonk		ToneDeafMonk/in-ear/KZ%20ZVX
Lafitear LM1	Harpo		Harpo/in-ear/Lafitear%20LM1
Lafitear LM2	Harpo		Harpo/in-ear/Lafitear%20LM2
LAMAX HighComfort ANC (ANC off)	Filk		Filk/over-ear/LAMAX%20HighComfort%20ANC%20(ANC%20off)
LAMAX HighComfort ANC (ANC on)	Filk		Filk/over-ear/LAMAX%20HighComfort%20ANC%20(ANC%20on)
Lark Studio LSX	crinacle	711	crinacle/711%20in-ear/Lark%20Studio%20LSX
Lear LCM BD4.2	crinacle	711	crinacle/711%20in-ear/Lear%20LCM%20BD4.2
Lear LUF 4C	Innerfidelity		Innerfidelity/in-ear/Lear%20LUF%204C
Lear LUF-4F	Innerfidelity		Innerfidelity/in-ear/Lear%20LUF-4F
Lear NS-U1 (all Off)	crinacle	711	crinacle/711%20in-ear/Lear%20NS-U1%20(all%20Off)
Lear NS-U1 (NS on)	crinacle	711	crinacle/711%20in-ear/Lear%20NS-U1%20(NS%20on)
Lenntek Pro Series	Headphone.com Legacy		Headphone.com%20Legacy/in-ear/Lenntek%20Pro%20Series
Lenntek Pro Series	Innerfidelity		Innerfidelity/in-ear/Lenntek%20Pro%20Series
Lenntek Sonix 3 Headset	Headphone.com Legacy		Headphone.com%20Legacy/in-ear/Lenntek%20Sonix%203%20Headset
Lenovo Thinkplus XT98	Harpo		Harpo/in-ear/Lenovo%20Thinkplus%20XT98
LG Quadbeat HSS-F420	Innerfidelity		Innerfidelity/in-ear/LG%20Quadbeat%20HSS-F420
LG Tone Free	crinacle	711	crinacle/711%20in-ear/LG%20Tone%20Free
LG Tone Free	HypetheSonics	GRAS RA0045	HypetheSonics/GRAS%20RA0045%20in-ear/LG%20Tone%20Free
LG Tone Ultra (ANC off)	Super Review		Super%20Review/in-ear/LG%20Tone%20Ultra%20(ANC%20off)
LG Tone Ultra (ANC on)	Super Review		Super%20Review/in-ear/LG%20Tone%20Ultra%20(ANC%20on)
LH Labs Verb	crinacle	711	crinacle/711%20in-ear/LH%20Labs%20Verb
Libratone Track Air Plus	crinacle	711	crinacle/711%20in-ear/Libratone%20Track%20Air%20Plus
Life Acoustics PreKickstarter	Innerfidelity		Innerfidelity/in-ear/Life%20Acoustics%20PreKickstarter
Light Harmonic Mera	oratory1990		oratory1990/in-ear/Light%20Harmonic%20Mera
Light Harmonic Stella	crinacle	711	crinacle/711%20in-ear/Light%20Harmonic%20Stella
Lime Ears Aether (bass)	crinacle	711	crinacle/711%20in-ear/Lime%20Ears%20Aether%20(bass)
Lime Ears Aether R (bass)	crinacle	711	crinacle/711%20in-ear/Lime%20Ears%20Aether%20R%20(bass)
Lime Ears Aether R	crinacle	711	crinacle/711%20in-ear/Lime%20Ears%20Aether%20R
Lime Ears Aether	crinacle	711	crinacle/711%20in-ear/Lime%20Ears%20Aether
Lime Ears Incognita	Jaytiss		Jaytiss/in-ear/Lime%20Ears%20Incognita
Lime Ears LE2	crinacle	711	crinacle/711%20in-ear/Lime%20Ears%20LE2
Lime Ears Maris	Jaytiss		Jaytiss/in-ear/Lime%20Ears%20Maris
Lime Ears Maris	Super Review		Super%20Review/in-ear/Lime%20Ears%20Maris
Lime Ears Model X (switch off)	crinacle	711	crinacle/711%20in-ear/Lime%20Ears%20Model%20X%20(switch%20off)
Lime Ears Model X (switch on)	crinacle	711	crinacle/711%20in-ear/Lime%20Ears%20Model%20X%20(switch%20on)
Lime Ears Terra	Jaytiss		Jaytiss/in-ear/Lime%20Ears%20Terra
Lime Ears Terra	Super Review		Super%20Review/in-ear/Lime%20Ears%20Terra
Lindy HF-100	oratory1990		oratory1990/over-ear/Lindy%20HF-100
Linsoul BLD	HypetheSonics		HypetheSonics/earbud/Linsoul%20BLD
Linsoul Lokahi	crinacle	711	crinacle/711%20in-ear/Linsoul%20Lokahi
Linsoul x THOR Mjölnir MKII	ToneDeafMonk		ToneDeafMonk/in-ear/Linsoul%20x%20THOR%20Mj%C3%B6lnir%20MKII
Lioncast X55	oratory1990		oratory1990/over-ear/Lioncast%20X55
Little Dot GYFU	crinacle	GRAS 43AG-7	crinacle/GRAS%2043AG-7%20over-ear/Little%20Dot%20GYFU
Logitech G PRO 2 (fabric earpads)	Filk		Filk/over-ear/Logitech%20G%20PRO%202%20(fabric%20earpads)
Logitech G PRO 2 (leather earpads)	Filk		Filk/over-ear/Logitech%20G%20PRO%202%20(leather%20earpads)
Logitech G Pro Gaming Headset	Rtings	HMS II.3	Rtings/HMS%20II.3%20over-ear/Logitech%20G%20Pro%20Gaming%20Headset
Logitech G Pro X (3.5mm jack)	Filk		Filk/over-ear/Logitech%20G%20Pro%20X%20(3.5mm%20jack)
Logitech G Pro X (USB)	Filk		Filk/over-ear/Logitech%20G%20Pro%20X%20(USB)
Logitech G PRO X 2 LIGHTSPEED (fabric earpads)	Filk		Filk/over-ear/Logitech%20G%20PRO%20X%202%20LIGHTSPEED%20(fabric%20earpads)
Logitech G PRO X 2 LIGHTSPEED (leather earpads)	Filk		Filk/over-ear/Logitech%20G%20PRO%20X%202%20LIGHTSPEED%20(leather%20earpads)
Logitech G PRO X 2 LIGHTSPEED	Filk		Filk/over-ear/Logitech%20G%20PRO%20X%202%20LIGHTSPEED
Logitech G PRO X 2 LIGHTSPEED	Rtings	Bruel & Kjaer 5128	Rtings/Bruel%20&%20Kjaer%205128%20over-ear/Logitech%20G%20PRO%20X%202%20LIGHTSPEED
Logitech G Pro X Gaming Headset	Rtings	HMS II.3	Rtings/HMS%20II.3%20over-ear/Logitech%20G%20Pro%20X%20Gaming%20Headset
Logitech G PRO X LIGHTSPEED	Rtings	HMS II.3	Rtings/HMS%20II.3%20over-ear/Logitech%20G%20PRO%20X%20LIGHTSPEED
Logitech G Pro X	crinacle	GRAS 43AG-7	crinacle/GRAS%2043AG-7%20over-ear/Logitech%20G%20Pro%20X
Logitech G333	Rtings	HMS II.3	Rtings/HMS%20II.3%20in-ear/Logitech%20G333
Logitech G335	Rtings	HMS II.3	Rtings/HMS%20II.3%20over-ear/Logitech%20G335
Logitech G430	Rtings	HMS II.3	Rtings/HMS%20II.3%20over-ear/Logitech%20G430
Logitech G431	crinacle	GRAS 43AG-7	crinacle/GRAS%2043AG-7%20over-ear/Logitech%20G431
Logitech G432	Rtings	HMS II.3	Rtings/HMS%20II.3%20over-ear/Logitech%20G432
Logitech G433	oratory1990		oratory1990/over-ear/Logitech%20G433
Logitech G433	Rtings	HMS II.3	Rtings/HMS%20II.3%20over-ear/Logitech%20G433
Logitech G435 LIGHTSPEED	Rtings	HMS II.3	Rtings/HMS%20II.3%20over-ear/Logitech%20G435%20LIGHTSPEED
Logitech G533	Rtings	HMS II.3	Rtings/HMS%20II.3%20over-ear/Logitech%20G533
Logitech G535 LIGHTSPEED	Rtings	Bruel & Kjaer 5128	Rtings/Bruel%20&%20Kjaer%205128%20over-ear/Logitech%20G535%20LIGHTSPEED
Logitech G635	Rtings	HMS II.3	Rtings/HMS%20II.3%20over-ear/Logitech%20G635
Logitech G733 LIGHTSPEED	Filk		Filk/over-ear/Logitech%20G733%20LIGHTSPEED
Logitech G733 LIGHTSPEED	Rtings	HMS II.3	Rtings/HMS%20II.3%20over-ear/Logitech%20G733%20LIGHTSPEED
Logitech G735	Rtings	HMS II.3	Rtings/HMS%20II.3%20over-ear/Logitech%20G735
Logitech G930	oratory1990		oratory1990/over-ear/Logitech%20G930
Logitech G930	Rtings	HMS II.3	Rtings/HMS%20II.3%20over-ear/Logitech%20G930
Logitech G933	Rtings	HMS II.3	Rtings/HMS%20II.3%20over-ear/Logitech%20G933
Logitech G933s	crinacle	GRAS 43AG-7	crinacle/GRAS%2043AG-7%20over-ear/Logitech%20G933s
Logitech G935	Rtings	HMS II.3	Rtings/HMS%20II.3%20over-ear/Logitech%20G935
Logitech UE 6000 passive	Innerfidelity		Innerfidelity/over-ear/Logitech%20UE%206000%20passive
Logitech UE 900	Innerfidelity		Innerfidelity/in-ear/Logitech%20UE%20900
Logitech UE 9000	Innerfidelity		Innerfidelity/over-ear/Logitech%20UE%209000
Logitech UE4000 2012	Innerfidelity		Innerfidelity/over-ear/Logitech%20UE4000%202012
Logitech Zone Vibe 100	Filk		Filk/over-ear/Logitech%20Zone%20Vibe%20100
Logitech Zone Wired	Rtings	HMS II.3	Rtings/HMS%20II.3%20over-ear/Logitech%20Zone%20Wired
LucidSound LS31	Rtings	HMS II.3	Rtings/HMS%20II.3%20over-ear/LucidSound%20LS31
Ludos Clamor	HypetheSonics	Bruel & Kjaer 5128	HypetheSonics/Bruel%20&%20Kjaer%205128%20in-ear/Ludos%20Clamor
Lypertek Bevi	crinacle	711	crinacle/711%20in-ear/Lypertek%20Bevi
Lypertek Bevi	Hi End Portable		Hi%20End%20Portable/in-ear/Lypertek%20Bevi
Lypertek PurePlay Z3 1.0	RikudouGoku		RikudouGoku/in-ear/Lypertek%20PurePlay%20Z3%201.0
Lypertek PurePlay Z3 2.0	crinacle	711	crinacle/711%20in-ear/Lypertek%20PurePlay%20Z3%202.0
Lypertek PurePlay Z7	crinacle	711	crinacle/711%20in-ear/Lypertek%20PurePlay%20Z7
Lypertek Tevi	crinacle	711	crinacle/711%20in-ear/Lypertek%20Tevi
LZ Hi-Fi Audio A2 Pro	crinacle	711	crinacle/711%20in-ear/LZ%20Hi-Fi%20Audio%20A2%20Pro
LZ Hi-Fi Audio A2 Pro	Hi End Portable		Hi%20End%20Portable/in-ear/LZ%20Hi-Fi%20Audio%20A2%20Pro
LZ Hi-Fi Audio A4 Pro (black nozzle, black vent)	crinacle	711	crinacle/711%20in-ear/LZ%20Hi-Fi%20Audio%20A4%20Pro%20(black%20nozzle,%20black%20vent)
LZ Hi-Fi Audio A4 Pro (black nozzle, black vent)	Hi End Portable		Hi%20End%20Portable/in-ear/LZ%20Hi-Fi%20Audio%20A4%20Pro%20(black%20nozzle,%20black%20vent)
LZ Hi-Fi Audio A4 Pro (black nozzle, black vent)	RikudouGoku		RikudouGoku/in-ear/LZ%20Hi-Fi%20Audio%20A4%20Pro%20(black%20nozzle,%20black%20vent)
LZ Hi-Fi Audio A4 Pro (black nozzle, blue vent)	crinacle	711	crinacle/711%20in-ear/LZ%20Hi-Fi%20Audio%20A4%20Pro%20(black%20nozzle,%20blue%20vent)
LZ Hi-Fi Audio A4 Pro (black nozzle, blue vent)	Hi End Portable		Hi%20End%20Portable/in-ear/LZ%20Hi-Fi%20Audio%20A4%20Pro%20(black%20nozzle,%20blue%20vent)
LZ Hi-Fi Audio A4 Pro (black nozzle, blue vent)	RikudouGoku		RikudouGoku/in-ear/LZ%20Hi-Fi%20Audio%20A4%20Pro%20(black%20nozzle,%20blue%20vent)
LZ Hi-Fi Audio A4 Pro (black nozzle, red vent)	crinacle	711	crinacle/711%20in-ear/LZ%20Hi-Fi%20Audio%20A4%20Pro%20(black%20nozzle,%20red%20vent)
LZ Hi-Fi Audio A4 Pro (black nozzle, red vent)	Hi End Portable		Hi%20End%20Portable/in-ear/LZ%20Hi-Fi%20Audio%20A4%20Pro%20(black%20nozzle,%20red%20vent)
LZ Hi-Fi Audio A4 Pro (black nozzle, red vent)	RikudouGoku		RikudouGoku/in-ear/LZ%20Hi-Fi%20Audio%20A4%20Pro%20(black%20nozzle,%20red%20vent)
LZ Hi-Fi Audio A4 Pro (blue nozzle, black vent)	crinacle	711	crinacle/711%20in-ear/LZ%20Hi-Fi%20Audio%20A4%20Pro%20(blue%20nozzle,%20black%20vent)
LZ Hi-Fi Audio A4 Pro (blue nozzle, black vent)	Hi End Portable		Hi%20End%20Portable/in-ear/LZ%20Hi-Fi%20Audio%20A4%20Pro%20(blue%20nozzle,%20black%20vent)
LZ Hi-Fi Audio A4 Pro (blue nozzle, black vent)	RikudouGoku		RikudouGoku/in-ear/LZ%20Hi-Fi%20Audio%20A4%20Pro%20(blue%20nozzle,%20black%20vent)
LZ Hi-Fi Audio A4 Pro (blue nozzle, blue vent)	RikudouGoku		RikudouGoku/in-ear/LZ%20Hi-Fi%20Audio%20A4%20Pro%20(blue%20nozzle,%20blue%20vent)
LZ Hi-Fi Audio A4 Pro (blue nozzle, red vent)	RikudouGoku		RikudouGoku/in-ear/LZ%20Hi-Fi%20Audio%20A4%20Pro%20(blue%20nozzle,%20red%20vent)
LZ Hi-Fi Audio A4 Pro (gold nozzle, black vent)	Hi End Portable		Hi%20End%20Portable/in-ear/LZ%20Hi-Fi%20Audio%20A4%20Pro%20(gold%20nozzle,%20black%20vent)
LZ Hi-Fi Audio A4 Pro (gold nozzle, black vent)	RikudouGoku		RikudouGoku/in-ear/LZ%20Hi-Fi%20Audio%20A4%20Pro%20(gold%20nozzle,%20black%20vent)
LZ Hi-Fi Audio A4 Pro (gold nozzle, blue vent)	RikudouGoku		RikudouGoku/in-ear/LZ%20Hi-Fi%20Audio%20A4%20Pro%20(gold%20nozzle,%20blue%20vent)
LZ Hi-Fi Audio A4 Pro (gold nozzle, red vent)	RikudouGoku		RikudouGoku/in-ear/LZ%20Hi-Fi%20Audio%20A4%20Pro%20(gold%20nozzle,%20red%20vent)
LZ Hi-Fi Audio A4 Pro (red nozzle, black vent)	crinacle	711	crinacle/711%20in-ear/LZ%20Hi-Fi%20Audio%20A4%20Pro%20(red%20nozzle,%20black%20vent)
LZ Hi-Fi Audio A4 Pro (red nozzle, black vent)	Hi End Portable		Hi%20End%20Portable/in-ear/LZ%20Hi-Fi%20Audio%20A4%20Pro%20(red%20nozzle,%20black%20vent)
LZ Hi-Fi Audio A4 Pro (red nozzle, black vent)	RikudouGoku		RikudouGoku/in-ear/LZ%20Hi-Fi%20Audio%20A4%20Pro%20(red%20nozzle,%20black%20vent)
LZ Hi-Fi Audio A4 Pro (red nozzle, blue vent)	RikudouGoku		RikudouGoku/in-ear/LZ%20Hi-Fi%20Audio%20A4%20Pro%20(red%20nozzle,%20blue%20vent)
LZ Hi-Fi Audio A4 Pro (red nozzle, red vent)	RikudouGoku		RikudouGoku/in-ear/LZ%20Hi-Fi%20Audio%20A4%20Pro%20(red%20nozzle,%20red%20vent)
LZ Hi-Fi Audio A4 Pro (silver nozzle, black vent)	crinacle	711	crinacle/711%20in-ear/LZ%20Hi-Fi%20Audio%20A4%20Pro%20(silver%20nozzle,%20black%20vent)
LZ Hi-Fi Audio A6 (black nozzle)	RikudouGoku		RikudouGoku/in-ear/LZ%20Hi-Fi%20Audio%20A6%20(black%20nozzle)
LZ Hi-Fi Audio A6 (blue nozzle)	RikudouGoku		RikudouGoku/in-ear/LZ%20Hi-Fi%20Audio%20A6%20(blue%20nozzle)
LZ Hi-Fi Audio A6 (dark blue nozzle)	RikudouGoku		RikudouGoku/in-ear/LZ%20Hi-Fi%20Audio%20A6%20(dark%20blue%20nozzle)
LZ Hi-Fi Audio A6 (grey nozzle)	RikudouGoku		RikudouGoku/in-ear/LZ%20Hi-Fi%20Audio%20A6%20(grey%20nozzle)
LZ Hi-Fi Audio A6 (pink nozzle)	RikudouGoku		RikudouGoku/in-ear/LZ%20Hi-Fi%20Audio%20A6%20(pink%20nozzle)
LZ Hi-Fi Audio A6 (purple nozzle)	RikudouGoku		RikudouGoku/in-ear/LZ%20Hi-Fi%20Audio%20A6%20(purple%20nozzle)
LZ Hi-Fi Audio A6 (red nozzle)	RikudouGoku		RikudouGoku/in-ear/LZ%20Hi-Fi%20Audio%20A6%20(red%20nozzle)
LZ Hi-Fi Audio A6 (silver nozzle)	RikudouGoku		RikudouGoku/in-ear/LZ%20Hi-Fi%20Audio%20A6%20(silver%20nozzle)
LZ Hi-Fi Audio A6 (yellow nozzle)	RikudouGoku		RikudouGoku/in-ear/LZ%20Hi-Fi%20Audio%20A6%20(yellow%20nozzle)
LZ Hi-Fi Audio A6 Mini (black nozzle)	RikudouGoku		RikudouGoku/in-ear/LZ%20Hi-Fi%20Audio%20A6%20Mini%20(black%20nozzle)
LZ Hi-Fi Audio A6 Mini (blue nozzle)	RikudouGoku		RikudouGoku/in-ear/LZ%20Hi-Fi%20Audio%20A6%20Mini%20(blue%20nozzle)
LZ Hi-Fi Audio A6 Mini (red nozzle)	RikudouGoku		RikudouGoku/in-ear/LZ%20Hi-Fi%20Audio%20A6%20Mini%20(red%20nozzle)
LZ Hi-Fi Audio A7 (monitor, black nozzle)	RikudouGoku		RikudouGoku/in-ear/LZ%20Hi-Fi%20Audio%20A7%20(monitor,%20black%20nozzle)
LZ Hi-Fi Audio A7 (monitor, blue nozzle)	RikudouGoku		RikudouGoku/in-ear/LZ%20Hi-Fi%20Audio%20A7%20(monitor,%20blue%20nozzle)
LZ Hi-Fi Audio A7 (monitor, gold nozzle)	RikudouGoku		RikudouGoku/in-ear/LZ%20Hi-Fi%20Audio%20A7%20(monitor,%20gold%20nozzle)
LZ Hi-Fi Audio A7 (monitor, red nozzle)	RikudouGoku		RikudouGoku/in-ear/LZ%20Hi-Fi%20Audio%20A7%20(monitor,%20red%20nozzle)
LZ Hi-Fi Audio A7 (monitor, silver nozzle)	RikudouGoku		RikudouGoku/in-ear/LZ%20Hi-Fi%20Audio%20A7%20(monitor,%20silver%20nozzle)
LZ Hi-Fi Audio A7 (pop, black nozzle)	RikudouGoku		RikudouGoku/in-ear/LZ%20Hi-Fi%20Audio%20A7%20(pop,%20black%20nozzle)
LZ Hi-Fi Audio A7 (pop, blue nozzle)	RikudouGoku		RikudouGoku/in-ear/LZ%20Hi-Fi%20Audio%20A7%20(pop,%20blue%20nozzle)
LZ Hi-Fi Audio A7 (pop, gold nozzle)	RikudouGoku		RikudouGoku/in-ear/LZ%20Hi-Fi%20Audio%20A7%20(pop,%20gold%20nozzle)
LZ Hi-Fi Audio A7 (pop, red nozzle)	RikudouGoku		RikudouGoku/in-ear/LZ%20Hi-Fi%20Audio%20A7%20(pop,%20red%20nozzle)
LZ Hi-Fi Audio A7 (pop, silver nozzle)	RikudouGoku		RikudouGoku/in-ear/LZ%20Hi-Fi%20Audio%20A7%20(pop,%20silver%20nozzle)
LZ Hi-Fi Audio Z04A	RikudouGoku		RikudouGoku/in-ear/LZ%20Hi-Fi%20Audio%20Z04A
LZ Hi-Fi Audio Z05A	oratory1990		oratory1990/in-ear/LZ%20Hi-Fi%20Audio%20Z05A
LZ Hi-Fi Audio Z05A	RikudouGoku		RikudouGoku/in-ear/LZ%20Hi-Fi%20Audio%20Z05A
Mackie MC-250	oratory1990		oratory1990/over-ear/Mackie%20MC-250
Mackie MP-360	oratory1990		oratory1990/in-ear/Mackie%20MP-360
Madoo Type 711	crinacle	711	crinacle/711%20in-ear/Madoo%20Type%20711
Magaosi K3 (cross filter)	Super Review		Super%20Review/in-ear/Magaosi%20K3%20(cross%20filter)
Magaosi K3 (harsh filter)	Super Review		Super%20Review/in-ear/Magaosi%20K3%20(harsh%20filter)
Magaosi K3 (no filter)	Super Review		Super%20Review/in-ear/Magaosi%20K3%20(no%20filter)
Magaosi K3	Super Review		Super%20Review/in-ear/Magaosi%20K3
Magaosi K5 (15 ohm adapter, IEMatch, high)	Super Review		Super%20Review/in-ear/Magaosi%20K5%20(15%20ohm%20adapter,%20IEMatch,%20high)
Magaosi K5 (15 ohm adapter, iFi IEMatch, ultra)	Super Review		Super%20Review/in-ear/Magaosi%20K5%20(15%20ohm%20adapter,%20iFi%20IEMatch,%20ultra)
Magaosi K5	crinacle	711	crinacle/711%20in-ear/Magaosi%20K5
Magaosi K5	Super Review		Super%20Review/in-ear/Magaosi%20K5
Magaosi V3	Harpo		Harpo/in-ear/Magaosi%20V3
Mangird MT4	crinacle	711	crinacle/711%20in-ear/Mangird%20MT4
Mangird MT4	crinacle	Bruel & Kjaer 4620	crinacle/Bruel%20&%20Kjaer%204620%20in-ear/Mangird%20MT4
Mangird Tea	crinacle	711	crinacle/711%20in-ear/Mangird%20Tea
Mangird Tea	Jaytiss		Jaytiss/in-ear/Mangird%20Tea
Mangird Tea	Super Review		Super%20Review/in-ear/Mangird%20Tea
Mark Levinson No 5909	oratory1990		oratory1990/over-ear/Mark%20Levinson%20No%205909
Marshall Major II	Rtings	HMS II.3	Rtings/HMS%20II.3%20over-ear/Marshall%20Major%20II
Marshall Major III	kr0mka		kr0mka/over-ear/Marshall%20Major%20III
Marshall Major	Headphone.com Legacy		Headphone.com%20Legacy/over-ear/Marshall%20Major
Marshall MID ANC	Rtings	HMS II.3	Rtings/HMS%20II.3%20over-ear/Marshall%20MID%20ANC
Massdrop + Grell OAE1 Signature	Kuulokenurkka		Kuulokenurkka/over-ear/Massdrop%20+%20Grell%20OAE1%20Signature
Massdrop + Grell OAE1 Signature	Super Review		Super%20Review/over-ear/Massdrop%20+%20Grell%20OAE1%20Signature
Massdrop Nobel X	Innerfidelity		Innerfidelity/in-ear/Massdrop%20Nobel%20X
Massdrop Panda (active)	crinacle	EARS + 711	crinacle/EARS%20+%20711%20over-ear/Massdrop%20Panda%20(active)
Massdrop Panda (active)	crinacle	GRAS 43AG-7	crinacle/GRAS%2043AG-7%20over-ear/Massdrop%20Panda%20(active)
Massdrop Panda (passive)	crinacle	EARS + 711	crinacle/EARS%20+%20711%20over-ear/Massdrop%20Panda%20(passive)
Massdrop Panda	oratory1990		oratory1990/over-ear/Massdrop%20Panda
Massdrop Panda	Rtings	HMS II.3	Rtings/HMS%20II.3%20over-ear/Massdrop%20Panda
Massdrop Panda	Super Review		Super%20Review/over-ear/Massdrop%20Panda
Massdrop Plus Universal IEM	crinacle	711	crinacle/711%20in-ear/Massdrop%20Plus%20Universal%20IEM
Massdrop Plus Universal IEM	oratory1990		oratory1990/in-ear/Massdrop%20Plus%20Universal%20IEM
Massdrop Plus Universal IEM	Super Review		Super%20Review/in-ear/Massdrop%20Plus%20Universal%20IEM
Massdrop x Noble X Universal IEMs	freeryder05		freeryder05/in-ear/Massdrop%20x%20Noble%20X%20Universal%20IEMs
Master & Dynamic ME05	Innerfidelity		Innerfidelity/in-ear/Master%20&%20Dynamic%20ME05
Master & Dynamic MH30	Innerfidelity		Innerfidelity/over-ear/Master%20&%20Dynamic%20MH30
Master & Dynamic MH40	crinacle	GRAS 43AG-7	crinacle/GRAS%2043AG-7%20over-ear/Master%20&%20Dynamic%20MH40
Master & Dynamic MH40	Innerfidelity		Innerfidelity/over-ear/Master%20&%20Dynamic%20MH40
Master & Dynamic MH40	oratory1990		oratory1990/over-ear/Master%20&%20Dynamic%20MH40
Master & Dynamic MW07 Go	crinacle	711	crinacle/711%20in-ear/Master%20&%20Dynamic%20MW07%20Go
Master & Dynamic MW07 Plus	crinacle	711	crinacle/711%20in-ear/Master%20&%20Dynamic%20MW07%20Plus
Master & Dynamic MW07	crinacle	711	crinacle/711%20in-ear/Master%20&%20Dynamic%20MW07
Master & Dynamic MW08	DHRME		DHRME/in-ear/Master%20&%20Dynamic%20MW08
Maximo iMetal iM-590 White	Headphone.com Legacy		Headphone.com%20Legacy/in-ear/Maximo%20iMetal%20iM-590%20White
Maximo iMetal iM-590	Headphone.com Legacy		Headphone.com%20Legacy/in-ear/Maximo%20iMetal%20iM-590
Maximo iMetal iP-HS5	Headphone.com Legacy		Headphone.com%20Legacy/in-ear/Maximo%20iMetal%20iP-HS5
Mayflower Electronics T50RP Version 2	Innerfidelity		Innerfidelity/over-ear/Mayflower%20Electronics%20T50RP%20Version%202
Meccaudio ME04	crinacle	711	crinacle/711%20in-ear/Meccaudio%20ME04
Meccaudio ME20	crinacle	711	crinacle/711%20in-ear/Meccaudio%20ME20
MEE Audio A161P	Innerfidelity		Innerfidelity/in-ear/MEE%20Audio%20A161P
MEE Audio Air-Fi Matrix2 AF62 (wired)	Innerfidelity		Innerfidelity/over-ear/MEE%20Audio%20Air-Fi%20Matrix2%20AF62%20(wired)
MEE Audio Air-Fi Matrix2 AF62 (wireless)	Innerfidelity		Innerfidelity/over-ear/MEE%20Audio%20Air-Fi%20Matrix2%20AF62%20(wireless)
MEE Audio M6 Pro 2nd Generation	Super Review		Super%20Review/in-ear/MEE%20Audio%20M6%20Pro%202nd%20Generation
MEE Audio M6 Pro	crinacle	711	crinacle/711%20in-ear/MEE%20Audio%20M6%20Pro
MEE Audio M6 Pro	Rtings	HMS II.3	Rtings/HMS%20II.3%20in-ear/MEE%20Audio%20M6%20Pro
MEE Audio M9B	Rtings	HMS II.3	Rtings/HMS%20II.3%20in-ear/MEE%20Audio%20M9B
MEE Audio Planamic	crinacle	711	crinacle/711%20in-ear/MEE%20Audio%20Planamic
MEE Audio Planamic	crinacle	Bruel & Kjaer 4620	crinacle/Bruel%20&%20Kjaer%204620%20in-ear/MEE%20Audio%20Planamic
MEE Audio Sport-Fi M6	Rtings	HMS II.3	Rtings/HMS%20II.3%20in-ear/MEE%20Audio%20Sport-Fi%20M6
MEE Audio X6 Plus	Rtings	HMS II.3	Rtings/HMS%20II.3%20in-ear/MEE%20Audio%20X6%20Plus
MEE Audio X7	Rtings	HMS II.3	Rtings/HMS%20II.3%20in-ear/MEE%20Audio%20X7
Meizu Live (black filter)	Super Review		Super%20Review/in-ear/Meizu%20Live%20(black%20filter)
Meizu Live (blue filter)	Super Review		Super%20Review/in-ear/Meizu%20Live%20(blue%20filter)
Meizu Live (white filter)	Super Review		Super%20Review/in-ear/Meizu%20Live%20(white%20filter)
Metal Magic Research Homunculus	crinacle	711	crinacle/711%20in-ear/Metal%20Magic%20Research%20Homunculus
Metal Magic Research Thummim	crinacle	711	crinacle/711%20in-ear/Metal%20Magic%20Research%20Thummim
Meyer Audio SLIIVO SLT6 (off-off)	ToneDeafMonk		ToneDeafMonk/in-ear/Meyer%20Audio%20SLIIVO%20SLT6%20(off-off)
Meyer Audio SLIIVO SLT6 (off-on)	ToneDeafMonk		ToneDeafMonk/in-ear/Meyer%20Audio%20SLIIVO%20SLT6%20(off-on)
Meyer Audio SLIIVO SLT6 (on-off)	ToneDeafMonk		ToneDeafMonk/in-ear/Meyer%20Audio%20SLIIVO%20SLT6%20(on-off)
Meyer Audio SLIIVO SLT6 (on-on)	ToneDeafMonk		ToneDeafMonk/in-ear/Meyer%20Audio%20SLIIVO%20SLT6%20(on-on)
Meze 105 Aer	Kuulokenurkka		Kuulokenurkka/over-ear/Meze%20105%20Aer
Meze 105 Aer	oratory1990		oratory1990/over-ear/Meze%20105%20Aer
Meze 105 Aer	Super Review		Super%20Review/over-ear/Meze%20105%20Aer
Meze 109 Pro (ZMF Acoustic Titan Mesh)	Kuulokenurkka		Kuulokenurkka/over-ear/Meze%20109%20Pro%20(ZMF%20Acoustic%20Titan%20Mesh)
Meze 109 Pro	Kuulokenurkka		Kuulokenurkka/over-ear/Meze%20109%20Pro
Meze 109 Pro	oratory1990		oratory1990/over-ear/Meze%20109%20Pro
Meze 109 Pro	Super Review		Super%20Review/over-ear/Meze%20109%20Pro
Meze 11 Deco	Innerfidelity		Innerfidelity/in-ear/Meze%2011%20Deco
Meze 11 Neo	Innerfidelity		Innerfidelity/in-ear/Meze%2011%20Neo
Meze 12 Classics V2	crinacle	711	crinacle/711%20in-ear/Meze%2012%20Classics%20V2
Meze 12 Classics	crinacle	711	crinacle/711%20in-ear/Meze%2012%20Classics
Meze 12 Classics	Innerfidelity		Innerfidelity/in-ear/Meze%2012%20Classics
Meze 66 Classics	Innerfidelity		Innerfidelity/over-ear/Meze%2066%20Classics
Meze 88 Classics	Innerfidelity		Innerfidelity/over-ear/Meze%2088%20Classics
Meze 99 Classics (Brainwavz memory foam hybrid earpads)	oratory1990		oratory1990/over-ear/Meze%2099%20Classics%20(Brainwavz%20memory%20foam%20hybrid%20earpads)
Meze 99 Classics	Auriculares Argentina		Auriculares%20Argentina/over-ear/Meze%2099%20Classics
Meze 99 Classics	crinacle	GRAS 43AG-7	crinacle/GRAS%2043AG-7%20over-ear/Meze%2099%20Classics
Meze 99 Classics	Innerfidelity		Innerfidelity/over-ear/Meze%2099%20Classics
Meze 99 Classics	Kuulokenurkka		Kuulokenurkka/over-ear/Meze%2099%20Classics
Meze 99 Classics	oratory1990		oratory1990/over-ear/Meze%2099%20Classics
Meze 99 Neo (99 Classics earpads)	Innerfidelity		Innerfidelity/over-ear/Meze%2099%20Neo%20(99%20Classics%20earpads)
Meze 99 Neo	Auriculares Argentina		Auriculares%20Argentina/over-ear/Meze%2099%20Neo
Meze 99 Neo	crinacle	GRAS 43AG-7	crinacle/GRAS%2043AG-7%20over-ear/Meze%2099%20Neo
Meze 99 Neo	oratory1990		oratory1990/over-ear/Meze%2099%20Neo
Meze 99 Noir	oratory1990		oratory1990/over-ear/Meze%2099%20Noir
Meze Advar	HypetheSonics	GRAS RA0045	HypetheSonics/GRAS%20RA0045%20in-ear/Meze%20Advar
Meze Advar	ToneDeafMonk		ToneDeafMonk/in-ear/Meze%20Advar
Meze Alba	Filk		Filk/in-ear/Meze%20Alba
Meze Alba	Jaytiss		Jaytiss/in-ear/Meze%20Alba
Meze Alba	Kazi		Kazi/in-ear/Meze%20Alba
Meze Alba	Super Review		Super%20Review/in-ear/Meze%20Alba
Meze Elite (alcantara earpads)	crinacle	GRAS 43AG-7	crinacle/GRAS%2043AG-7%20over-ear/Meze%20Elite%20(alcantara%20earpads)
Meze Elite (alcantara earpads)	oratory1990		oratory1990/over-ear/Meze%20Elite%20(alcantara%20earpads)
Meze Elite (hybrid earpads)	crinacle	GRAS 43AG-7	crinacle/GRAS%2043AG-7%20over-ear/Meze%20Elite%20(hybrid%20earpads)
Meze Elite (hybrid earpads)	oratory1990		oratory1990/over-ear/Meze%20Elite%20(hybrid%20earpads)
Meze Elite (leather earpads)	Kuulokenurkka		Kuulokenurkka/over-ear/Meze%20Elite%20(leather%20earpads)
Meze Empyrean (alcantara earpads)	kr0mka		kr0mka/over-ear/Meze%20Empyrean%20(alcantara%20earpads)
Meze Empyrean (alcantara earpads)	Kuulokenurkka		Kuulokenurkka/over-ear/Meze%20Empyrean%20(alcantara%20earpads)
Meze Empyrean (alcantara earpads)	oratory1990		oratory1990/over-ear/Meze%20Empyrean%20(alcantara%20earpads)
Meze Empyrean (leather earpads)	Kuulokenurkka		Kuulokenurkka/over-ear/Meze%20Empyrean%20(leather%20earpads)
Meze Empyrean (leather earpads)	oratory1990		oratory1990/over-ear/Meze%20Empyrean%20(leather%20earpads)
Meze Empyrean 2 (Duo earpads)	Kuulokenurkka		Kuulokenurkka/over-ear/Meze%20Empyrean%202%20(Duo%20earpads)
Meze Empyrean 2 (Duo earpads)	oratory1990		oratory1990/over-ear/Meze%20Empyrean%202%20(Duo%20earpads)
Meze Empyrean 2	kr0mka		kr0mka/over-ear/Meze%20Empyrean%202
Meze Empyrean II (alcantara earpads)	Kuulokenurkka		Kuulokenurkka/over-ear/Meze%20Empyrean%20II%20(alcantara%20earpads)
Meze Empyrean II (alcantara earpads)	Super Review		Super%20Review/over-ear/Meze%20Empyrean%20II%20(alcantara%20earpads)
Meze Empyrean II (duo earpads)	Kuulokenurkka		Kuulokenurkka/over-ear/Meze%20Empyrean%20II%20(duo%20earpads)
Meze Empyrean II (duo earpads)	Super Review		Super%20Review/over-ear/Meze%20Empyrean%20II%20(duo%20earpads)
Meze Empyrean	crinacle	EARS + 711	crinacle/EARS%20+%20711%20over-ear/Meze%20Empyrean
Meze Empyrean	crinacle	GRAS 43AG-7	crinacle/GRAS%2043AG-7%20over-ear/Meze%20Empyrean
Meze Empyrean	HypetheSonics		HypetheSonics/over-ear/Meze%20Empyrean
Meze Empyrean	Rtings	HMS II.3	Rtings/HMS%20II.3%20over-ear/Meze%20Empyrean
Meze Liric 2	Kuulokenurkka		Kuulokenurkka/over-ear/Meze%20Liric%202
Meze Liric 2	oratory1990		oratory1990/over-ear/Meze%20Liric%202
Meze Liric II	Super Review		Super%20Review/over-ear/Meze%20Liric%20II
Meze Liric	crinacle	GRAS 43AG-7	crinacle/GRAS%2043AG-7%20over-ear/Meze%20Liric
Meze Liric	oratory1990		oratory1990/over-ear/Meze%20Liric
Meze Liric	Super Review		Super%20Review/over-ear/Meze%20Liric
Meze Poet	Super Review		Super%20Review/over-ear/Meze%20Poet
Meze Rai Penta	crinacle	711	crinacle/711%20in-ear/Meze%20Rai%20Penta
Meze Rai Penta	HypetheSonics	GRAS RA0045	HypetheSonics/GRAS%20RA0045%20in-ear/Meze%20Rai%20Penta
Meze Rai Penta	oratory1990		oratory1990/in-ear/Meze%20Rai%20Penta
Meze Rai Solo	crinacle	711	crinacle/711%20in-ear/Meze%20Rai%20Solo
Meze Rai Solo	oratory1990		oratory1990/in-ear/Meze%20Rai%20Solo
Microsoft Surface Earbuds	Rtings	HMS II.3	Rtings/HMS%20II.3%20earbud/Microsoft%20Surface%20Earbuds
Microsoft Surface Headphones 2	Rtings	HMS II.3	Rtings/HMS%20II.3%20over-ear/Microsoft%20Surface%20Headphones%202
Microsoft Surface Headphones	oratory1990		oratory1990/over-ear/Microsoft%20Surface%20Headphones
Microsoft Surface Headphones	Rtings	HMS II.3	Rtings/HMS%20II.3%20over-ear/Microsoft%20Surface%20Headphones
Microsoft Xbox Wireless Headset	kr0mka		kr0mka/over-ear/Microsoft%20Xbox%20Wireless%20Headset
MiM Audio Dark Magician (revised)	Super Review		Super%20Review/in-ear/MiM%20Audio%20Dark%20Magician%20(revised)
MiM Audio Dark Magician	Bakkwatan		Bakkwatan/in-ear/MiM%20Audio%20Dark%20Magician
MiM Audio Dark Magician	crinacle	711	crinacle/711%20in-ear/MiM%20Audio%20Dark%20Magician
MiM Audio Dark Magician	Jaytiss		Jaytiss/in-ear/MiM%20Audio%20Dark%20Magician
MiM Audio Dark Magician	Super Review		Super%20Review/in-ear/MiM%20Audio%20Dark%20Magician
Mixcder E9	Rtings	HMS II.3	Rtings/HMS%20II.3%20over-ear/Mixcder%20E9
MMR Gae Bolg	HypetheSonics	GRAS RA0045	HypetheSonics/GRAS%20RA0045%20in-ear/MMR%20Gae%20Bolg
MMR Homunculus	HypetheSonics	GRAS RA0045	HypetheSonics/GRAS%20RA0045%20in-ear/MMR%20Homunculus
MMR Thummim	HypetheSonics	GRAS RA0045	HypetheSonics/GRAS%20RA0045%20in-ear/MMR%20Thummim
Modhouse Audio Argon Mk3 (ZMF oval pleather earpads)	Kuulokenurkka		Kuulokenurkka/over-ear/Modhouse%20Audio%20Argon%20Mk3%20(ZMF%20oval%20pleather%20earpads)
Modhouse Audio T60RP Argon (Xenon suede earpads)	Kuulokenurkka		Kuulokenurkka/over-ear/Modhouse%20Audio%20T60RP%20Argon%20(Xenon%20suede%20earpads)
Modhouse Audio T60RP Argon (Xenon suede earpads, baffle upgrade)	Kuulokenurkka		Kuulokenurkka/over-ear/Modhouse%20Audio%20T60RP%20Argon%20(Xenon%20suede%20earpads,%20baffle%20upgrade)
Modhouse Audio Tungsten (hybrid earpads)	Kuulokenurkka		Kuulokenurkka/over-ear/Modhouse%20Audio%20Tungsten%20(hybrid%20earpads)
Modhouse Audio Tungsten (hybrid earpads)	oratory1990		oratory1990/over-ear/Modhouse%20Audio%20Tungsten%20(hybrid%20earpads)
Modhouse Audio Tungsten (perforated earpads)	oratory1990		oratory1990/over-ear/Modhouse%20Audio%20Tungsten%20(perforated%20earpads)
Modhouse Audio Tungsten Double Sided (ZMF Caldera hybrid earpads)	Super Review		Super%20Review/over-ear/Modhouse%20Audio%20Tungsten%20Double%20Sided%20(ZMF%20Caldera%20hybrid%20earpads)
Modhouse Audio Tungsten Double Sided (ZMF Caldera Ultra-Perf earpads)	Super Review		Super%20Review/over-ear/Modhouse%20Audio%20Tungsten%20Double%20Sided%20(ZMF%20Caldera%20Ultra-Perf%20earpads)
Modhouse Audio Tungsten Single Sided (ZMF Caldera Hybrid earpads)	Super Review		Super%20Review/over-ear/Modhouse%20Audio%20Tungsten%20Single%20Sided%20(ZMF%20Caldera%20Hybrid%20earpads)
Modhouse Audio Tungsten Single Sided (ZMF Caldera Ultra-Perf earpads)	Super Review		Super%20Review/over-ear/Modhouse%20Audio%20Tungsten%20Single%20Sided%20(ZMF%20Caldera%20Ultra-Perf%20earpads)
Moe Audio SS01	Innerfidelity		Innerfidelity/in-ear/Moe%20Audio%20SS01
Mofasest M14 (off-off)	crinacle	711	crinacle/711%20in-ear/Mofasest%20M14%20(off-off)
Mofasest M14 (off-on)	crinacle	711	crinacle/711%20in-ear/Mofasest%20M14%20(off-on)
Mofasest M14 (on-off)	crinacle	711	crinacle/711%20in-ear/Mofasest%20M14%20(on-off)
Mofasest M14 (on-on)	crinacle	711	crinacle/711%20in-ear/Mofasest%20M14%20(on-on)
Monoprice 110010	Rtings	HMS II.3	Rtings/HMS%20II.3%20over-ear/Monoprice%20110010
Monoprice 8320	Innerfidelity		Innerfidelity/in-ear/Monoprice%208320
Monoprice 8323	Innerfidelity		Innerfidelity/over-ear/Monoprice%208323
Monoprice M1060	Innerfidelity		Innerfidelity/over-ear/Monoprice%20M1060
Monoprice M1060	oratory1990		oratory1990/over-ear/Monoprice%20M1060
Monoprice M1570 (leather earpads)	oratory1990		oratory1990/over-ear/Monoprice%20M1570%20(leather%20earpads)
Monoprice M1570 (velour earpads)	oratory1990		oratory1990/over-ear/Monoprice%20M1570%20(velour%20earpads)
Monoprice M1570	kr0mka		kr0mka/over-ear/Monoprice%20M1570
Monoprice M1570C (leather earpads)	oratory1990		oratory1990/over-ear/Monoprice%20M1570C%20(leather%20earpads)
Monoprice M1570C (velours earpads)	oratory1990		oratory1990/over-ear/Monoprice%20M1570C%20(velours%20earpads)
Monoprice M350	oratory1990		oratory1990/in-ear/Monoprice%20M350
Monoprice M650	oratory1990		oratory1990/over-ear/Monoprice%20M650
Monoprice Modern Retro (Dekoni elite hybrid earpads)	oratory1990		oratory1990/over-ear/Monoprice%20Modern%20Retro%20(Dekoni%20elite%20hybrid%20earpads)
Monoprice Modern Retro	oratory1990		oratory1990/over-ear/Monoprice%20Modern%20Retro
Monoprice Monolith M-TWE	crinacle	711	crinacle/711%20in-ear/Monoprice%20Monolith%20M-TWE
Monoprice Quartet	Super Review		Super%20Review/in-ear/Monoprice%20Quartet
Monster Clarity 101 AirLinks	Rtings	HMS II.3	Rtings/HMS%20II.3%20in-ear/Monster%20Clarity%20101%20AirLinks
Monster DNA Pro2	Innerfidelity		Innerfidelity/over-ear/Monster%20DNA%20Pro2
Monster Inspiration	Innerfidelity		Innerfidelity/over-ear/Monster%20Inspiration
Monster Jamz	Headphone.com Legacy		Headphone.com%20Legacy/in-ear/Monster%20Jamz
Monster Jamz	Innerfidelity		Innerfidelity/in-ear/Monster%20Jamz
Monster Lil Jamz	Headphone.com Legacy		Headphone.com%20Legacy/in-ear/Monster%20Lil%20Jamz
Monster Miles Davis Tribute	Innerfidelity		Innerfidelity/in-ear/Monster%20Miles%20Davis%20Tribute
Monster Solo	Headphone.com Legacy		Headphone.com%20Legacy/over-ear/Monster%20Solo
Monster Turbine Pro Copper	Innerfidelity		Innerfidelity/in-ear/Monster%20Turbine%20Pro%20Copper
Monster Turbine Pro Gold	HypetheSonics	GRAS RA0045	HypetheSonics/GRAS%20RA0045%20in-ear/Monster%20Turbine%20Pro%20Gold
Monster Turbine Pro Gold	Innerfidelity		Innerfidelity/in-ear/Monster%20Turbine%20Pro%20Gold
Monster Turbine Pro	HypetheSonics	Bruel & Kjaer 5128	HypetheSonics/Bruel%20&%20Kjaer%205128%20in-ear/Monster%20Turbine%20Pro
Monster Turbine	Headphone.com Legacy		Headphone.com%20Legacy/in-ear/Monster%20Turbine
Monster Turbine	Innerfidelity		Innerfidelity/in-ear/Monster%20Turbine
Monster Turbine-Pro	Headphone.com Legacy		Headphone.com%20Legacy/in-ear/Monster%20Turbine-Pro
Montblanc MB 01 (wired, ANC off)	crinacle	GRAS 43AG-7	crinacle/GRAS%2043AG-7%20over-ear/Montblanc%20MB%2001%20(wired,%20ANC%20off)
Montblanc MB 01 (wireless, ANC)	crinacle	GRAS 43AG-7	crinacle/GRAS%2043AG-7%20over-ear/Montblanc%20MB%2001%20(wireless,%20ANC)
Moondrop A8	crinacle	711	crinacle/711%20in-ear/Moondrop%20A8
Moondrop Alice (default EQ)	Super Review		Super%20Review/in-ear/Moondrop%20Alice%20(default%20EQ)
Moondrop Aria (2021)	crinacle	711	crinacle/711%20in-ear/Moondrop%20Aria%20(2021)
Moondrop Aria 2	Harpo		Harpo/in-ear/Moondrop%20Aria%202
Moondrop Aria 2	Jaytiss		Jaytiss/in-ear/Moondrop%20Aria%202
Moondrop Aria 2	Super Review		Super%20Review/in-ear/Moondrop%20Aria%202
Moondrop Aria Elven Maiden	Fahryst		Fahryst/in-ear/Moondrop%20Aria%20Elven%20Maiden
Moondrop Aria Elven Maiden	freeryder05		freeryder05/in-ear/Moondrop%20Aria%20Elven%20Maiden
Moondrop Aria Snow Edition	Auriculares Argentina		Auriculares%20Argentina/in-ear/Moondrop%20Aria%20Snow%20Edition
Moondrop Aria Snow Edition	crinacle	711	crinacle/711%20in-ear/Moondrop%20Aria%20Snow%20Edition
Moondrop Aria Snow Edition	crinacle	Bruel & Kjaer 4620	crinacle/Bruel%20&%20Kjaer%204620%20in-ear/Moondrop%20Aria%20Snow%20Edition
Moondrop Aria Snow Edition	Fahryst		Fahryst/in-ear/Moondrop%20Aria%20Snow%20Edition
Moondrop Aria Snow Edition	Super Review		Super%20Review/in-ear/Moondrop%20Aria%20Snow%20Edition
Moondrop Aria	Bakkwatan		Bakkwatan/in-ear/Moondrop%20Aria
Moondrop Aria	crinacle	Bruel & Kjaer 4620	crinacle/Bruel%20&%20Kjaer%204620%20in-ear/Moondrop%20Aria
Moondrop Aria	Harpo		Harpo/in-ear/Moondrop%20Aria
Moondrop Aria	Jaytiss		Jaytiss/in-ear/Moondrop%20Aria
Moondrop Aria	kr0mka		kr0mka/in-ear/Moondrop%20Aria
Moondrop Aria	oratory1990		oratory1990/in-ear/Moondrop%20Aria
Moondrop Aria	Rtings	HMS II.3	Rtings/HMS%20II.3%20in-ear/Moondrop%20Aria
Moondrop Aria	Super Review		Super%20Review/in-ear/Moondrop%20Aria
Moondrop Blessing 2	crinacle	711	crinacle/711%20in-ear/Moondrop%20Blessing%202
Moondrop Blessing 2	HypetheSonics	GRAS RA0045	HypetheSonics/GRAS%20RA0045%20in-ear/Moondrop%20Blessing%202
Moondrop Blessing 2	oratory1990		oratory1990/in-ear/Moondrop%20Blessing%202
Moondrop Blessing 2	RikudouGoku		RikudouGoku/in-ear/Moondrop%20Blessing%202
Moondrop Blessing 3	Bakkwatan		Bakkwatan/in-ear/Moondrop%20Blessing%203
Moondrop Blessing 3	crinacle	711	crinacle/711%20in-ear/Moondrop%20Blessing%203
Moondrop Blessing 3	crinacle	Bruel & Kjaer 4620	crinacle/Bruel%20&%20Kjaer%204620%20in-ear/Moondrop%20Blessing%203
Moondrop Blessing 3	Jaytiss		Jaytiss/in-ear/Moondrop%20Blessing%203
Moondrop Blessing 3	Rtings	Bruel & Kjaer 5128	Rtings/Bruel%20&%20Kjaer%205128%20in-ear/Moondrop%20Blessing%203
Moondrop Blessing 3	Super Review		Super%20Review/in-ear/Moondrop%20Blessing%203
Moondrop Blessing	crinacle	711	crinacle/711%20in-ear/Moondrop%20Blessing
Moondrop Blessing	crinacle	Bruel & Kjaer 4620	crinacle/Bruel%20&%20Kjaer%204620%20in-ear/Moondrop%20Blessing
Moondrop Blessing	oratory1990		oratory1990/in-ear/Moondrop%20Blessing
Moondrop BLOCK	Filk		Filk/in-ear/Moondrop%20BLOCK
Moondrop BLOCK	Regan Cipher		Regan%20Cipher/in-ear/Moondrop%20BLOCK
Moondrop BLOCK	Super Review		Super%20Review/in-ear/Moondrop%20BLOCK
Moondrop Chu 2	crinacle	711	crinacle/711%20in-ear/Moondrop%20Chu%202
Moondrop Chu 2	crinacle	Bruel & Kjaer 4620	crinacle/Bruel%20&%20Kjaer%204620%20in-ear/Moondrop%20Chu%202
Moondrop Chu 2	HypetheSonics	GRAS RA0045	HypetheSonics/GRAS%20RA0045%20in-ear/Moondrop%20Chu%202
Moondrop Chu 2	Kazi		Kazi/in-ear/Moondrop%20Chu%202
Moondrop Chu 2	Super Review		Super%20Review/in-ear/Moondrop%20Chu%202
Moondrop Chu 2	ToneDeafMonk		ToneDeafMonk/in-ear/Moondrop%20Chu%202
Moondrop Chu	crinacle	711	crinacle/711%20in-ear/Moondrop%20Chu
Moondrop Chu	crinacle	Bruel & Kjaer 4620	crinacle/Bruel%20&%20Kjaer%204620%20in-ear/Moondrop%20Chu
Moondrop Chu	Filk		Filk/in-ear/Moondrop%20Chu
Moondrop Chu	freeryder05		freeryder05/in-ear/Moondrop%20Chu
Moondrop Chu	Harpo		Harpo/in-ear/Moondrop%20Chu
Moondrop Chu	HypetheSonics	GRAS RA0045	HypetheSonics/GRAS%20RA0045%20in-ear/Moondrop%20Chu
Moondrop Chu	kr0mka		kr0mka/in-ear/Moondrop%20Chu
Moondrop Chu	oratory1990		oratory1990/in-ear/Moondrop%20Chu
Moondrop Chu	Regan Cipher		Regan%20Cipher/in-ear/Moondrop%20Chu
Moondrop Chu	Super Review		Super%20Review/in-ear/Moondrop%20Chu
Moondrop Chu	Ted's Squig Hoard		Ted's%20Squig%20Hoard/in-ear/Moondrop%20Chu
Moondrop Chu	ToneDeafMonk		ToneDeafMonk/in-ear/Moondrop%20Chu
Moondrop Concerto	Jaytiss		Jaytiss/in-ear/Moondrop%20Concerto
Moondrop Concerto	Super Review		Super%20Review/in-ear/Moondrop%20Concerto
Moondrop Cosmo	Super Review		Super%20Review/over-ear/Moondrop%20Cosmo
Moondrop Crescent	crinacle	711	crinacle/711%20in-ear/Moondrop%20Crescent
Moondrop Crescent	Kazi		Kazi/in-ear/Moondrop%20Crescent
Moondrop Crescent	oratory1990		oratory1990/in-ear/Moondrop%20Crescent
Moondrop Crescent	Super Review		Super%20Review/in-ear/Moondrop%20Crescent
Moondrop Darksaber	Jaytiss		Jaytiss/in-ear/Moondrop%20Darksaber
Moondrop Darksaber	Super Review		Super%20Review/in-ear/Moondrop%20Darksaber
Moondrop Droplet	Fahryst		Fahryst/in-ear/Moondrop%20Droplet
Moondrop Droplet	Super Review		Super%20Review/in-ear/Moondrop%20Droplet
Moondrop Edge (ANC on, reference)	Regan Cipher		Regan%20Cipher/over-ear/Moondrop%20Edge%20(ANC%20on,%20reference)
Moondrop Golden Ages (basshead)	kr0mka		kr0mka/in-ear/Moondrop%20Golden%20Ages%20(basshead)
Moondrop Golden Ages (monitor eq)	DHRME		DHRME/in-ear/Moondrop%20Golden%20Ages%20(monitor%20eq)
Moondrop Golden Ages (monitor eq)	kr0mka		kr0mka/in-ear/Moondrop%20Golden%20Ages%20(monitor%20eq)
Moondrop Golden Ages (monitor eq)	Super Review		Super%20Review/in-ear/Moondrop%20Golden%20Ages%20(monitor%20eq)
Moondrop Golden Ages (monitor)	kr0mka		kr0mka/in-ear/Moondrop%20Golden%20Ages%20(monitor)
Moondrop Golden Ages (reference)	kr0mka		kr0mka/in-ear/Moondrop%20Golden%20Ages%20(reference)
Moondrop Golden Ages (secret)	kr0mka		kr0mka/in-ear/Moondrop%20Golden%20Ages%20(secret)
Moondrop Harmon	Jaytiss		Jaytiss/in-ear/Moondrop%20Harmon
Moondrop Harmon	Super Review		Super%20Review/in-ear/Moondrop%20Harmon
Moondrop Horizon	Super Review		Super%20Review/over-ear/Moondrop%20Horizon
Moondrop Illumination	Super Review		Super%20Review/in-ear/Moondrop%20Illumination
Moondrop ILLUSTRIOUS	Jaytiss		Jaytiss/in-ear/Moondrop%20ILLUSTRIOUS
Moondrop ILLUSTRIOUS	Super Review		Super%20Review/in-ear/Moondrop%20ILLUSTRIOUS
Moondrop Jiu	Filk		Filk/in-ear/Moondrop%20Jiu
Moondrop Jiu	Kazi		Kazi/in-ear/Moondrop%20Jiu
Moondrop Jiu	Super Review		Super%20Review/in-ear/Moondrop%20Jiu
Moondrop Joker	Filk		Filk/over-ear/Moondrop%20Joker
Moondrop Joker	Kuulokenurkka		Kuulokenurkka/over-ear/Moondrop%20Joker
Moondrop Joker	Super Review		Super%20Review/over-ear/Moondrop%20Joker
Moondrop Kadenz (long nozzle)	Super Review		Super%20Review/in-ear/Moondrop%20Kadenz%20(long%20nozzle)
Moondrop Kadenz (medium nozzle)	Super Review		Super%20Review/in-ear/Moondrop%20Kadenz%20(medium%20nozzle)
Moondrop Kadenz (short nozzle)	Super Review		Super%20Review/in-ear/Moondrop%20Kadenz%20(short%20nozzle)
Moondrop Kadenz	Jaytiss		Jaytiss/in-ear/Moondrop%20Kadenz
Moondrop Kanas Pro	crinacle	711	crinacle/711%20in-ear/Moondrop%20Kanas%20Pro
Moondrop Kanas Pro	Hi End Portable		Hi%20End%20Portable/in-ear/Moondrop%20Kanas%20Pro
Moondrop Kanas Pro	Super Review		Super%20Review/in-ear/Moondrop%20Kanas%20Pro
Moondrop Kato (brass nozzle)	crinacle	711	crinacle/711%20in-ear/Moondrop%20Kato%20(brass%20nozzle)
Moondrop Kato (brass nozzle)	Fahryst		Fahryst/in-ear/Moondrop%20Kato%20(brass%20nozzle)
Moondrop Kato (gold nozzle)	RikudouGoku		RikudouGoku/in-ear/Moondrop%20Kato%20(gold%20nozzle)
Moondrop Kato (gold nozzle)	Super Review		Super%20Review/in-ear/Moondrop%20Kato%20(gold%20nozzle)
Moondrop Kato (silver nozzle)	RikudouGoku		RikudouGoku/in-ear/Moondrop%20Kato%20(silver%20nozzle)
Moondrop Kato (silver nozzle)	Super Review		Super%20Review/in-ear/Moondrop%20Kato%20(silver%20nozzle)
Moondrop Kato (steel nozzle)	crinacle	711	crinacle/711%20in-ear/Moondrop%20Kato%20(steel%20nozzle)
Moondrop Kato (steel nozzle)	Fahryst		Fahryst/in-ear/Moondrop%20Kato%20(steel%20nozzle)
Moondrop KATO	Rtings	HMS II.3	Rtings/HMS%20II.3%20in-ear/Moondrop%20KATO
Moondrop KXXS	crinacle	711	crinacle/711%20in-ear/Moondrop%20KXXS
Moondrop KXXS	kr0mka		kr0mka/in-ear/Moondrop%20KXXS
Moondrop KXXS	RikudouGoku		RikudouGoku/in-ear/Moondrop%20KXXS
Moondrop KXXS	Super Review		Super%20Review/in-ear/Moondrop%20KXXS
Moondrop KXXX	HypetheSonics	GRAS RA0045	HypetheSonics/GRAS%20RA0045%20in-ear/Moondrop%20KXXX
Moondrop KXXX	Super Review		Super%20Review/in-ear/Moondrop%20KXXX
Moondrop LAN	crinacle	Bruel & Kjaer 4620	crinacle/Bruel%20&%20Kjaer%204620%20in-ear/Moondrop%20LAN
Moondrop LAN	Jaytiss		Jaytiss/in-ear/Moondrop%20LAN
Moondrop LAN	kr0mka		kr0mka/in-ear/Moondrop%20LAN
Moondrop LAN	Super Review		Super%20Review/in-ear/Moondrop%20LAN
Moondrop May (3.5 mm)	Fahryst		Fahryst/in-ear/Moondrop%20May%20(3.5%20mm)
Moondrop May (3.5 mm)	Super Review		Super%20Review/in-ear/Moondrop%20May%20(3.5%20mm)
Moondrop May	Jaytiss		Jaytiss/in-ear/Moondrop%20May
Moondrop May	Super Review		Super%20Review/in-ear/Moondrop%20May
Moondrop Meteor (wide bore eartips)	Super Review		Super%20Review/in-ear/Moondrop%20Meteor%20(wide%20bore%20eartips)
Moondrop Meteor	Jaytiss		Jaytiss/in-ear/Moondrop%20Meteor
Moondrop Meteor	Super Review		Super%20Review/in-ear/Moondrop%20Meteor
Moondrop Moca (ANC off, reference)	Regan Cipher		Regan%20Cipher/in-ear/Moondrop%20Moca%20(ANC%20off,%20reference)
Moondrop MOCA (ANC off, standard EQ)	Filk		Filk/in-ear/Moondrop%20MOCA%20(ANC%20off,%20standard%20EQ)
Moondrop Moca (ANC on, reference)	Regan Cipher		Regan%20Cipher/in-ear/Moondrop%20Moca%20(ANC%20on,%20reference)
Moondrop MOCA (ANC on, standard EQ)	Filk		Filk/in-ear/Moondrop%20MOCA%20(ANC%20on,%20standard%20EQ)
Moondrop Moca (reference)	Super Review		Super%20Review/in-ear/Moondrop%20Moca%20(reference)
Moondrop Moca (standard)	Super Review		Super%20Review/in-ear/Moondrop%20Moca%20(standard)
Moondrop Nekocake (ANC off)	Super Review		Super%20Review/in-ear/Moondrop%20Nekocake%20(ANC%20off)
Moondrop Nekocake (ANC on)	Super Review		Super%20Review/in-ear/Moondrop%20Nekocake%20(ANC%20on)
Moondrop Nekocake	crinacle	711	crinacle/711%20in-ear/Moondrop%20Nekocake
Moondrop Para (fenestrated PU earpads)	kr0mka		kr0mka/over-ear/Moondrop%20Para%20(fenestrated%20PU%20earpads)
Moondrop Para (fenestrated PU earpads)	Super Review		Super%20Review/over-ear/Moondrop%20Para%20(fenestrated%20PU%20earpads)
Moondrop Para (hybrid earpads)	kr0mka		kr0mka/over-ear/Moondrop%20Para%20(hybrid%20earpads)
Moondrop Para (hybrid earpads)	Super Review		Super%20Review/over-ear/Moondrop%20Para%20(hybrid%20earpads)
Moondrop Para (ZMF Auteur perforated lambskin earpads)	kr0mka		kr0mka/over-ear/Moondrop%20Para%20(ZMF%20Auteur%20perforated%20lambskin%20earpads)
Moondrop Para (ZMF Eikon perforated suede earpads)	kr0mka		kr0mka/over-ear/Moondrop%20Para%20(ZMF%20Eikon%20perforated%20suede%20earpads)
Moondrop Para (ZMF Universeperforated suede earpads)	kr0mka		kr0mka/over-ear/Moondrop%20Para%20(ZMF%20Universeperforated%20suede%20earpads)
Moondrop Para II	Super Review		Super%20Review/over-ear/Moondrop%20Para%20II
Moondrop Para	crinacle	GRAS 43AG-7	crinacle/GRAS%2043AG-7%20over-ear/Moondrop%20Para
Moondrop Para	oratory1990		oratory1990/over-ear/Moondrop%20Para
Moondrop Pavane (donut foams)	Super Review		Super%20Review/earbud/Moondrop%20Pavane%20(donut%20foams)
Moondrop Pavane (no foamd)	Super Review		Super%20Review/earbud/Moondrop%20Pavane%20(no%20foamd)
Moondrop Pavane (white foams)	Super Review		Super%20Review/earbud/Moondrop%20Pavane%20(white%20foams)
Moondrop Quark 2	Filk		Filk/in-ear/Moondrop%20Quark%202
Moondrop Quark 2	Super Review		Super%20Review/in-ear/Moondrop%20Quark%202
Moondrop Quarks DSP	Bakkwatan		Bakkwatan/in-ear/Moondrop%20Quarks%20DSP
Moondrop Quarks DSP	Harpo		Harpo/in-ear/Moondrop%20Quarks%20DSP
Moondrop Quarks DSP	oratory1990		oratory1990/in-ear/Moondrop%20Quarks%20DSP
Moondrop Quarks DSP	Super Review		Super%20Review/in-ear/Moondrop%20Quarks%20DSP
Moondrop Quarks	crinacle	711	crinacle/711%20in-ear/Moondrop%20Quarks
Moondrop Quarks	crinacle	Bruel & Kjaer 4620	crinacle/Bruel%20&%20Kjaer%204620%20in-ear/Moondrop%20Quarks
Moondrop Quarks	Fahryst		Fahryst/in-ear/Moondrop%20Quarks
Moondrop Quarks	freeryder05		freeryder05/in-ear/Moondrop%20Quarks
Moondrop Quarks	oratory1990		oratory1990/in-ear/Moondrop%20Quarks
Moondrop Quarks	RikudouGoku		RikudouGoku/in-ear/Moondrop%20Quarks
Moondrop Quarks	Super Review		Super%20Review/in-ear/Moondrop%20Quarks
Moondrop Quarks	Ted's Squig Hoard		Ted's%20Squig%20Hoard/in-ear/Moondrop%20Quarks
Moondrop Rays (analog)	Super Review		Super%20Review/in-ear/Moondrop%20Rays%20(analog)
Moondrop Rays	Super Review		Super%20Review/in-ear/Moondrop%20Rays
Moondrop S8	crinacle	711	crinacle/711%20in-ear/Moondrop%20S8
Moondrop S8	HypetheSonics	GRAS RA0045	HypetheSonics/GRAS%20RA0045%20in-ear/Moondrop%20S8
Moondrop S8	Super Review		Super%20Review/in-ear/Moondrop%20S8
Moondrop Solis 2	Super Review		Super%20Review/in-ear/Moondrop%20Solis%202
Moondrop Solis	Super Review		Super%20Review/in-ear/Moondrop%20Solis
Moondrop Space Travel (basshead mode)	DHRME		DHRME/in-ear/Moondrop%20Space%20Travel%20(basshead%20mode)
Moondrop Space Travel (basshead mode)	kr0mka		kr0mka/in-ear/Moondrop%20Space%20Travel%20(basshead%20mode)
Moondrop Space Travel (monitor mode)	DHRME		DHRME/in-ear/Moondrop%20Space%20Travel%20(monitor%20mode)
Moondrop Space Travel (monitor mode)	kr0mka		kr0mka/in-ear/Moondrop%20Space%20Travel%20(monitor%20mode)
Moondrop Space Travel (reference mode)	DHRME		DHRME/in-ear/Moondrop%20Space%20Travel%20(reference%20mode)
Moondrop Space Travel (reference mode)	Fahryst		Fahryst/in-ear/Moondrop%20Space%20Travel%20(reference%20mode)
Moondrop Space Travel (reference mode)	Filk		Filk/in-ear/Moondrop%20Space%20Travel%20(reference%20mode)
Moondrop Space Travel (reference mode)	kr0mka		kr0mka/in-ear/Moondrop%20Space%20Travel%20(reference%20mode)
Moondrop Space Travel 2 (ANC off)	Super Review		Super%20Review/in-ear/Moondrop%20Space%20Travel%202%20(ANC%20off)
Moondrop Space Travel 2 (ANC on)	Regan Cipher		Regan%20Cipher/in-ear/Moondrop%20Space%20Travel%202%20(ANC%20on)
Moondrop Space Travel 2	Super Review		Super%20Review/in-ear/Moondrop%20Space%20Travel%202
Moondrop Space Travel	Filk		Filk/in-ear/Moondrop%20Space%20Travel
Moondrop Space Travel	Kazi		Kazi/in-ear/Moondrop%20Space%20Travel
Moondrop Space Travel	Regan Cipher		Regan%20Cipher/in-ear/Moondrop%20Space%20Travel
Moondrop Spaceship	crinacle	711	crinacle/711%20in-ear/Moondrop%20Spaceship
Moondrop Spaceship	RikudouGoku		RikudouGoku/in-ear/Moondrop%20Spaceship
Moondrop Spaceship	Super Review		Super%20Review/in-ear/Moondrop%20Spaceship
Moondrop Sparks	crinacle	711	crinacle/711%20in-ear/Moondrop%20Sparks
Moondrop Sparks	Super Review		Super%20Review/in-ear/Moondrop%20Sparks
Moondrop SSP	crinacle	711	crinacle/711%20in-ear/Moondrop%20SSP
Moondrop SSP	crinacle	Bruel & Kjaer 4620	crinacle/Bruel%20&%20Kjaer%204620%20in-ear/Moondrop%20SSP
Moondrop SSP	Hi End Portable		Hi%20End%20Portable/in-ear/Moondrop%20SSP
Moondrop SSP	HypetheSonics	GRAS RA0045	HypetheSonics/GRAS%20RA0045%20in-ear/Moondrop%20SSP
Moondrop SSP	Super Review		Super%20Review/in-ear/Moondrop%20SSP
Moondrop SSR (Ostry 0S100 eartips)	Super Review		Super%20Review/in-ear/Moondrop%20SSR%20(Ostry%200S100%20eartips)
Moondrop SSR (Ostry 0S200 eartips)	Super Review		Super%20Review/in-ear/Moondrop%20SSR%20(Ostry%200S200%20eartips)
Moondrop SSR (Ostry 0S300 eartips)	Super Review		Super%20Review/in-ear/Moondrop%20SSR%20(Ostry%200S300%20eartips)
Moondrop SSR	crinacle	711	crinacle/711%20in-ear/Moondrop%20SSR
Moondrop SSR	Filk		Filk/in-ear/Moondrop%20SSR
Moondrop SSR	freeryder05		freeryder05/in-ear/Moondrop%20SSR
Moondrop SSR	Harpo		Harpo/in-ear/Moondrop%20SSR
Moondrop SSR	Hi End Portable		Hi%20End%20Portable/in-ear/Moondrop%20SSR
Moondrop SSR	HypetheSonics	GRAS RA0045	HypetheSonics/GRAS%20RA0045%20in-ear/Moondrop%20SSR
Moondrop SSR	Super Review		Super%20Review/in-ear/Moondrop%20SSR
Moondrop Stardust	Super Review		Super%20Review/in-ear/Moondrop%20Stardust
Moondrop Starfield 2 (bass plug)	Super Review		Super%20Review/in-ear/Moondrop%20Starfield%202%20(bass%20plug)
Moondrop Starfield 2 (gray foam dampers)	Kazi		Kazi/in-ear/Moondrop%20Starfield%202%20(gray%20foam%20dampers)
Moondrop Starfield 2 (Spinfit CP-145 eartips)	Super Review		Super%20Review/in-ear/Moondrop%20Starfield%202%20(Spinfit%20CP-145%20eartips)
Moondrop Starfield 2 (tuning mesh 500)	Kazi		Kazi/in-ear/Moondrop%20Starfield%202%20(tuning%20mesh%20500)
Moondrop Starfield 2	Jaytiss		Jaytiss/in-ear/Moondrop%20Starfield%202
Moondrop Starfield 2	Super Review		Super%20Review/in-ear/Moondrop%20Starfield%202
Moondrop Starfield	crinacle	711	crinacle/711%20in-ear/Moondrop%20Starfield
Moondrop Starfield	crinacle	Bruel & Kjaer 4620	crinacle/Bruel%20&%20Kjaer%204620%20in-ear/Moondrop%20Starfield
Moondrop Starfield	HypetheSonics	GRAS RA0045	HypetheSonics/GRAS%20RA0045%20in-ear/Moondrop%20Starfield
Moondrop Starfield	oratory1990		oratory1990/in-ear/Moondrop%20Starfield
Moondrop Starfield	Super Review		Super%20Review/in-ear/Moondrop%20Starfield
Moondrop Stellaris	crinacle	Bruel & Kjaer 4620	crinacle/Bruel%20&%20Kjaer%204620%20in-ear/Moondrop%20Stellaris
Moondrop Stellaris	Jaytiss		Jaytiss/in-ear/Moondrop%20Stellaris
Moondrop Stellaris	Super Review		Super%20Review/in-ear/Moondrop%20Stellaris
Moondrop U2 (foams)	Super Review		Super%20Review/earbud/Moondrop%20U2%20(foams)
Moondrop U-2	kr0mka		kr0mka/earbud/Moondrop%20U-2
Moondrop U-2	Super Review		Super%20Review/earbud/Moondrop%20U-2
Moondrop Ultrasonic (ANC on, reference)	Regan Cipher		Regan%20Cipher/in-ear/Moondrop%20Ultrasonic%20(ANC%20on,%20reference)
Moondrop Ultrasonic (reference EQ)	Filk		Filk/in-ear/Moondrop%20Ultrasonic%20(reference%20EQ)
Moondrop Ultrasonic (reference EQ)	Super Review		Super%20Review/in-ear/Moondrop%20Ultrasonic%20(reference%20EQ)
Moondrop Variations	crinacle	711	crinacle/711%20in-ear/Moondrop%20Variations
Moondrop Variations	crinacle	Bruel & Kjaer 4620	crinacle/Bruel%20&%20Kjaer%204620%20in-ear/Moondrop%20Variations
Moondrop Variations	Fahryst		Fahryst/in-ear/Moondrop%20Variations
Moondrop Variations	Harpo		Harpo/in-ear/Moondrop%20Variations
Moondrop Variations	Jaytiss		Jaytiss/in-ear/Moondrop%20Variations
Moondrop Variations	oratory1990		oratory1990/in-ear/Moondrop%20Variations
Moondrop Variations	Super Review		Super%20Review/in-ear/Moondrop%20Variations
Moondrop Venus	crinacle	GRAS 43AG-7	crinacle/GRAS%2043AG-7%20over-ear/Moondrop%20Venus
Moondrop Venus	kr0mka		kr0mka/over-ear/Moondrop%20Venus
Moondrop Venus	Kuulokenurkka		Kuulokenurkka/over-ear/Moondrop%20Venus
Moondrop Venus	oratory1990		oratory1990/over-ear/Moondrop%20Venus
Moondrop Venus	Super Review		Super%20Review/over-ear/Moondrop%20Venus
Moondrop Void (Poyatu hybrid perforated fabric earpads)	kr0mka		kr0mka/over-ear/Moondrop%20Void%20(Poyatu%20hybrid%20perforated%20fabric%20earpads)
Moondrop Void	crinacle	GRAS 43AG-7	crinacle/GRAS%2043AG-7%20over-ear/Moondrop%20Void
Moondrop Void	kr0mka		kr0mka/over-ear/Moondrop%20Void
Moondrop Void	Super Review		Super%20Review/over-ear/Moondrop%20Void
Moondrop Voyager	Super Review		Super%20Review/in-ear/Moondrop%20Voyager
Moondrop x Crinacle Blessing2 Dusk	Bakkwatan		Bakkwatan/in-ear/Moondrop%20x%20Crinacle%20Blessing2%20Dusk
Moondrop x Crinacle Blessing2 Dusk	crinacle	711	crinacle/711%20in-ear/Moondrop%20x%20Crinacle%20Blessing2%20Dusk
Moondrop x Crinacle Blessing2 Dusk	crinacle	Bruel & Kjaer 4620	crinacle/Bruel%20&%20Kjaer%204620%20in-ear/Moondrop%20x%20Crinacle%20Blessing2%20Dusk
Moondrop x Crinacle Blessing2 Dusk	Hi End Portable		Hi%20End%20Portable/in-ear/Moondrop%20x%20Crinacle%20Blessing2%20Dusk
Moondrop x Crinacle Blessing2 Dusk	Jaytiss		Jaytiss/in-ear/Moondrop%20x%20Crinacle%20Blessing2%20Dusk
Moondrop x Crinacle Blessing2 Dusk	kr0mka		kr0mka/in-ear/Moondrop%20x%20Crinacle%20Blessing2%20Dusk
Moondrop x Crinacle Blessing2 Dusk	oratory1990		oratory1990/in-ear/Moondrop%20x%20Crinacle%20Blessing2%20Dusk
Moondrop x Crinacle Blessing2 Dusk	Super Review		Super%20Review/in-ear/Moondrop%20x%20Crinacle%20Blessing2%20Dusk
Moondrop x Crinacle DUSK (analog)	crinacle	Bruel & Kjaer 4620	crinacle/Bruel%20&%20Kjaer%204620%20in-ear/Moondrop%20x%20Crinacle%20DUSK%20(analog)
Moondrop x Crinacle DUSK (analog)	DHRME		DHRME/in-ear/Moondrop%20x%20Crinacle%20DUSK%20(analog)
Moondrop x Crinacle DUSK (Bass+ DSP)	crinacle	711	crinacle/711%20in-ear/Moondrop%20x%20Crinacle%20DUSK%20(Bass+%20DSP)
Moondrop x Crinacle DUSK (Bass+ DSP)	crinacle	Bruel & Kjaer 4620	crinacle/Bruel%20&%20Kjaer%204620%20in-ear/Moondrop%20x%20Crinacle%20DUSK%20(Bass+%20DSP)
Moondrop x Crinacle DUSK (Bass+ DSP)	DHRME		DHRME/in-ear/Moondrop%20x%20Crinacle%20DUSK%20(Bass+%20DSP)
Moondrop x Crinacle DUSK (Default DSP)	crinacle	711	crinacle/711%20in-ear/Moondrop%20x%20Crinacle%20DUSK%20(Default%20DSP)
Moondrop x Crinacle DUSK (Default DSP)	crinacle	Bruel & Kjaer 4620	crinacle/Bruel%20&%20Kjaer%204620%20in-ear/Moondrop%20x%20Crinacle%20DUSK%20(Default%20DSP)
Moondrop x Crinacle DUSK (Default DSP)	DHRME		DHRME/in-ear/Moondrop%20x%20Crinacle%20DUSK%20(Default%20DSP)
Moondrop x Crinacle DUSK (Diffuse-tilted DSP)	crinacle	711	crinacle/711%20in-ear/Moondrop%20x%20Crinacle%20DUSK%20(Diffuse-tilted%20DSP)
Moondrop x Crinacle DUSK (Diffuse-tilted DSP)	crinacle	Bruel & Kjaer 4620	crinacle/Bruel%20&%20Kjaer%204620%20in-ear/Moondrop%20x%20Crinacle%20DUSK%20(Diffuse-tilted%20DSP)
Moondrop x Crinacle DUSK (Diffuse-tilted DSP)	DHRME		DHRME/in-ear/Moondrop%20x%20Crinacle%20DUSK%20(Diffuse-tilted%20DSP)
Moondrop x Crinacle DUSK (Harman DSP)	crinacle	711	crinacle/711%20in-ear/Moondrop%20x%20Crinacle%20DUSK%20(Harman%20DSP)
Moondrop x Crinacle DUSK (Harman DSP)	crinacle	Bruel & Kjaer 4620	crinacle/Bruel%20&%20Kjaer%204620%20in-ear/Moondrop%20x%20Crinacle%20DUSK%20(Harman%20DSP)
Moondrop x Crinacle DUSK (Harman DSP)	DHRME		DHRME/in-ear/Moondrop%20x%20Crinacle%20DUSK%20(Harman%20DSP)
Moondrop x Crinacle DUSK (V DSP)	crinacle	711	crinacle/711%20in-ear/Moondrop%20x%20Crinacle%20DUSK%20(V%20DSP)
Moondrop x Crinacle DUSK (V DSP)	crinacle	Bruel & Kjaer 4620	crinacle/Bruel%20&%20Kjaer%204620%20in-ear/Moondrop%20x%20Crinacle%20DUSK%20(V%20DSP)
Moondrop x Crinacle DUSK (V DSP)	DHRME		DHRME/in-ear/Moondrop%20x%20Crinacle%20DUSK%20(V%20DSP)
Moondrop x Crinacle DUSK	Jaytiss		Jaytiss/in-ear/Moondrop%20x%20Crinacle%20DUSK
Moondrop x Crinacle DUSK	Rtings	Bruel & Kjaer 5128	Rtings/Bruel%20&%20Kjaer%205128%20in-ear/Moondrop%20x%20Crinacle%20DUSK
Moondrop x Crinacle DUSK	Super Review		Super%20Review/in-ear/Moondrop%20x%20Crinacle%20DUSK
Moondrop x Singer Edge (ANC off)	Kuulokenurkka		Kuulokenurkka/over-ear/Moondrop%20x%20Singer%20Edge%20(ANC%20off)
Moondrop x Singer Edge (ANC on)	Kuulokenurkka		Kuulokenurkka/over-ear/Moondrop%20x%20Singer%20Edge%20(ANC%20on)
Moritz Dragon	Fahryst		Fahryst/in-ear/Moritz%20Dragon
Moritz Dragon	Jaytiss		Jaytiss/in-ear/Moritz%20Dragon
Moritz Paradise (off-off-off)	Jaytiss		Jaytiss/in-ear/Moritz%20Paradise%20(off-off-off)
Moritz Paradise (off-off-on)	Jaytiss		Jaytiss/in-ear/Moritz%20Paradise%20(off-off-on)
Moritz Paradise (off-on-off)	Jaytiss		Jaytiss/in-ear/Moritz%20Paradise%20(off-on-off)
Moritz Paradise (off-on-on)	Jaytiss		Jaytiss/in-ear/Moritz%20Paradise%20(off-on-on)
Moritz Paradise (on-off-off)	Jaytiss		Jaytiss/in-ear/Moritz%20Paradise%20(on-off-off)
Moritz Paradise (on-off-on)	Jaytiss		Jaytiss/in-ear/Moritz%20Paradise%20(on-off-on)
Moritz Paradise (on-on-off)	Jaytiss		Jaytiss/in-ear/Moritz%20Paradise%20(on-on-off)
Moritz Paradise (on-on-on)	Jaytiss		Jaytiss/in-ear/Moritz%20Paradise%20(on-on-on)
Moritz Paradise	Jaytiss		Jaytiss/in-ear/Moritz%20Paradise
Motorola Moto Buds Plus (ANC on)	Filk		Filk/in-ear/Motorola%20Moto%20Buds%20Plus%20(ANC%20on)
Motorola Moto Buds Plus	DHRME		DHRME/in-ear/Motorola%20Moto%20Buds%20Plus
Motorola Squads 200	Rtings	HMS II.3	Rtings/HMS%20II.3%20over-ear/Motorola%20Squads%20200
Mpow 059	Rtings	HMS II.3	Rtings/HMS%20II.3%20over-ear/Mpow%20059
Mpow CH1	Rtings	HMS II.3	Rtings/HMS%20II.3%20over-ear/Mpow%20CH1
Mpow CH6	Rtings	HMS II.3	Rtings/HMS%20II.3%20over-ear/Mpow%20CH6
Mpow CH9	Rtings	HMS II.3	Rtings/HMS%20II.3%20over-ear/Mpow%20CH9
Mpow EM12	Rtings	HMS II.3	Rtings/HMS%20II.3%20in-ear/Mpow%20EM12
Mpow Flame Pro	Rtings	HMS II.3	Rtings/HMS%20II.3%20in-ear/Mpow%20Flame%20Pro
Mpow H10	Rtings	HMS II.3	Rtings/HMS%20II.3%20over-ear/Mpow%20H10
Mpow H5	Rtings	HMS II.3	Rtings/HMS%20II.3%20over-ear/Mpow%20H5
Mpow HC6	kr0mka		kr0mka/over-ear/Mpow%20HC6
Mpow Jaws (4.1)	Rtings	HMS II.3	Rtings/HMS%20II.3%20in-ear/Mpow%20Jaws%20(4.1)
Mpow M30	Rtings	HMS II.3	Rtings/HMS%20II.3%20in-ear/Mpow%20M30
Mpow MDots	Rtings	HMS II.3	Rtings/HMS%20II.3%20in-ear/Mpow%20MDots
Mpow Pro Trucker	Rtings	HMS II.3	Rtings/HMS%20II.3%20over-ear/Mpow%20Pro%20Trucker
Mpow X3	Rtings	HMS II.3	Rtings/HMS%20II.3%20in-ear/Mpow%20X3
Mpow X5	Rtings	HMS II.3	Rtings/HMS%20II.3%20in-ear/Mpow%20X5
Mpow X6	Rtings	HMS II.3	Rtings/HMS%20II.3%20in-ear/Mpow%20X6
MUNITIO Billets	crinacle	711	crinacle/711%20in-ear/MUNITIO%20Billets
MUNITIO Bullet In-Ear	crinacle	711	crinacle/711%20in-ear/MUNITIO%20Bullet%20In-Ear
MUNITIO Pro40	Innerfidelity		Innerfidelity/over-ear/MUNITIO%20Pro40
Muse HiFi Power	crinacle	711	crinacle/711%20in-ear/Muse%20HiFi%20Power
Music Hall Audio DeBe	Innerfidelity		Innerfidelity/over-ear/Music%20Hall%20Audio%20DeBe
Musical Fidelity MF100	Innerfidelity		Innerfidelity/over-ear/Musical%20Fidelity%20MF100
Musical Fidelity MF200	Innerfidelity		Innerfidelity/over-ear/Musical%20Fidelity%20MF200
MYER-AUDIO CKLVX CK2V	ToneDeafMonk		ToneDeafMonk/in-ear/MYER-AUDIO%20CKLVX%20CK2V
MYER-AUDIO CKLVX D41	ToneDeafMonk		ToneDeafMonk/in-ear/MYER-AUDIO%20CKLVX%20D41
MYER-AUDIO CKLVX D62	Jaytiss		Jaytiss/in-ear/MYER-AUDIO%20CKLVX%20D62
MYER-AUDIO CKLVX D62	Kazi		Kazi/in-ear/MYER-AUDIO%20CKLVX%20D62
MYER-AUDIO CKLVX D62	Super Review		Super%20Review/in-ear/MYER-AUDIO%20CKLVX%20D62
MYER-AUDIO CKLVX D62	ToneDeafMonk		ToneDeafMonk/in-ear/MYER-AUDIO%20CKLVX%20D62
MYER-AUDIO CKLVX SLIIVO SLT6 (off-off)	Jaytiss		Jaytiss/in-ear/MYER-AUDIO%20CKLVX%20SLIIVO%20SLT6%20(off-off)
MYER-AUDIO CKLVX SLIIVO SLT6 (off-on)	Jaytiss		Jaytiss/in-ear/MYER-AUDIO%20CKLVX%20SLIIVO%20SLT6%20(off-on)
MYER-AUDIO CKLVX SLIIVO SLT6 (on-off)	Jaytiss		Jaytiss/in-ear/MYER-AUDIO%20CKLVX%20SLIIVO%20SLT6%20(on-off)
MYER-AUDIO CKLVX SLIIVO SLT6 (on-on)	Jaytiss		Jaytiss/in-ear/MYER-AUDIO%20CKLVX%20SLIIVO%20SLT6%20(on-on)
MYER-AUDIO SLIIVO SL224	ToneDeafMonk		ToneDeafMonk/in-ear/MYER-AUDIO%20SLIIVO%20SL224
MYER-AUDIO SLIIVO SL41 MKII	ToneDeafMonk		ToneDeafMonk/in-ear/MYER-AUDIO%20SLIIVO%20SL41%20MKII
MYER-AUDIO SLIIVO SL41	ToneDeafMonk		ToneDeafMonk/in-ear/MYER-AUDIO%20SLIIVO%20SL41
MYER-AUDIO SLIIVO SLA3	ToneDeafMonk		ToneDeafMonk/in-ear/MYER-AUDIO%20SLIIVO%20SLA3
MYER-AUDIO SLIIVO SLT6 (off-off)	ToneDeafMonk		ToneDeafMonk/in-ear/MYER-AUDIO%20SLIIVO%20SLT6%20(off-off)
MYER-AUDIO SLIIVO SLT6 (off-on)	ToneDeafMonk		ToneDeafMonk/in-ear/MYER-AUDIO%20SLIIVO%20SLT6%20(off-on)
MYER-AUDIO SLIIVO SLT6 (on-off)	ToneDeafMonk		ToneDeafMonk/in-ear/MYER-AUDIO%20SLIIVO%20SLT6%20(on-off)
MYER-AUDIO SLIIVO SLT6 (on-on)	ToneDeafMonk		ToneDeafMonk/in-ear/MYER-AUDIO%20SLIIVO%20SLT6%20(on-on)
MySphere 3.2	crinacle	GRAS 43AG-7	crinacle/GRAS%2043AG-7%20over-ear/MySphere%203.2
MyST IzoPhones-60	Innerfidelity		Innerfidelity/over-ear/MyST%20IzoPhones-60
NAD RP18 Bass Light Version	Innerfidelity		Innerfidelity/over-ear/NAD%20RP18%20Bass%20Light%20Version
NAD VISO HP50	Headphone.com Legacy		Headphone.com%20Legacy/over-ear/NAD%20VISO%20HP50
NAD VISO HP50	Innerfidelity		Innerfidelity/over-ear/NAD%20VISO%20HP50
NAD VISO HP50	oratory1990		oratory1990/over-ear/NAD%20VISO%20HP50
NAD VISO HP50	Rtings	HMS II.3	Rtings/HMS%20II.3%20over-ear/NAD%20VISO%20HP50
Nan-6 Nan-6	crinacle	GRAS 43AG-7	crinacle/GRAS%2043AG-7%20over-ear/Nan-6%20Nan-6
NarMoo B2M	Innerfidelity		Innerfidelity/in-ear/NarMoo%20B2M
NarMoo R1M (black ports)	Innerfidelity		Innerfidelity/in-ear/NarMoo%20R1M%20(black%20ports)
NarMoo R1M (gunmetal ports)	Innerfidelity		Innerfidelity/in-ear/NarMoo%20R1M%20(gunmetal%20ports)
NarMoo R1M (silver ports)	Innerfidelity		Innerfidelity/in-ear/NarMoo%20R1M%20(silver%20ports)
NarMoo S1	Innerfidelity		Innerfidelity/in-ear/NarMoo%20S1
NarMoo W1M	Innerfidelity		Innerfidelity/in-ear/NarMoo%20W1M
nb Audio SkeLeTon	Filk		Filk/in-ear/nb%20Audio%20SkeLeTon
NCM Bella	crinacle	711	crinacle/711%20in-ear/NCM%20Bella
ND 001 Nano	Jaytiss		Jaytiss/in-ear/ND%20001%20Nano
ND Planet	Jaytiss		Jaytiss/in-ear/ND%20Planet
ND Planet	ToneDeafMonk		ToneDeafMonk/in-ear/ND%20Planet
ND Venus	ToneDeafMonk		ToneDeafMonk/in-ear/ND%20Venus
ND X12	Jaytiss		Jaytiss/in-ear/ND%20X12
Nectar Hive	crinacle	GRAS 43AG-7	crinacle/GRAS%2043AG-7%20over-ear/Nectar%20Hive
Nectar Hive	oratory1990		oratory1990/over-ear/Nectar%20Hive
Neumann NDH20	Auriculares Argentina		Auriculares%20Argentina/over-ear/Neumann%20NDH20
Neumann NDH20	crinacle	EARS + 711	crinacle/EARS%20+%20711%20over-ear/Neumann%20NDH20
Neumann NDH20	crinacle	GRAS 43AG-7	crinacle/GRAS%2043AG-7%20over-ear/Neumann%20NDH20
Neumann NDH20	oratory1990		oratory1990/over-ear/Neumann%20NDH20
Neumann NDH30	Auriculares Argentina		Auriculares%20Argentina/over-ear/Neumann%20NDH30
Neumann NDH30	oratory1990		oratory1990/over-ear/Neumann%20NDH30
Neusonik direm E3	crinacle	711	crinacle/711%20in-ear/Neusonik%20direm%20E3
Neusonik direm PRO	crinacle	711	crinacle/711%20in-ear/Neusonik%20direm%20PRO
NF ACOUS NA1	Hi End Portable		Hi%20End%20Portable/in-ear/NF%20ACOUS%20NA1
NF ACOUS NA2+ (Atmosphere eartips)	Super Review		Super%20Review/in-ear/NF%20ACOUS%20NA2+%20(Atmosphere%20eartips)
NF ACOUS NA2+ (Balanced eartips)	Super Review		Super%20Review/in-ear/NF%20ACOUS%20NA2+%20(Balanced%20eartips)
NF ACOUS NA2+ (Final Audio Type E eartips	Super Review		Super%20Review/in-ear/NF%20ACOUS%20NA2+%20(Final%20Audio%20Type%20E%20eartips
NF ACOUS NA2+	Hi End Portable		Hi%20End%20Portable/in-ear/NF%20ACOUS%20NA2+
NF ACOUS NA2+	Kazi		Kazi/in-ear/NF%20ACOUS%20NA2+
NF ACOUS NA20	ToneDeafMonk		ToneDeafMonk/in-ear/NF%20ACOUS%20NA20
NF ACOUS NE4 (clear faceplate)	ToneDeafMonk		ToneDeafMonk/in-ear/NF%20ACOUS%20NE4%20(clear%20faceplate)
NF ACOUS NE4 (grey faceplate)	ToneDeafMonk		ToneDeafMonk/in-ear/NF%20ACOUS%20NE4%20(grey%20faceplate)
NF ACOUS NE4 (red faceplate)	ToneDeafMonk		ToneDeafMonk/in-ear/NF%20ACOUS%20NE4%20(red%20faceplate)
NF ACOUS NE4 (transparent blue faceplate)	ToneDeafMonk		ToneDeafMonk/in-ear/NF%20ACOUS%20NE4%20(transparent%20blue%20faceplate)
NF ACOUS NF2u	ToneDeafMonk		ToneDeafMonk/in-ear/NF%20ACOUS%20NF2u
NF ACOUS NM2	Hi End Portable		Hi%20End%20Portable/in-ear/NF%20ACOUS%20NM2
NF ACOUS NM2	Kazi		Kazi/in-ear/NF%20ACOUS%20NM2
NF ACOUS NM2	Super Review		Super%20Review/in-ear/NF%20ACOUS%20NM2
NF ACOUS NM20	Hi End Portable		Hi%20End%20Portable/in-ear/NF%20ACOUS%20NM20
NF ACOUS NM20	Jaytiss		Jaytiss/in-ear/NF%20ACOUS%20NM20
NF ACOUS NM20	ToneDeafMonk		ToneDeafMonk/in-ear/NF%20ACOUS%20NM20
NF ACOUS RA05	Jaytiss		Jaytiss/in-ear/NF%20ACOUS%20RA05
NF ACOUS RA15 (gold nozzle)	Jaytiss		Jaytiss/in-ear/NF%20ACOUS%20RA15%20(gold%20nozzle)
NF ACOUS RA15 (gold nozzle)	Super Review		Super%20Review/in-ear/NF%20ACOUS%20RA15%20(gold%20nozzle)
NF ACOUS RA15 (gold nozzle)	ToneDeafMonk		ToneDeafMonk/in-ear/NF%20ACOUS%20RA15%20(gold%20nozzle)
NF ACOUS RA15 (silver nozzle)	Jaytiss		Jaytiss/in-ear/NF%20ACOUS%20RA15%20(silver%20nozzle)
NF ACOUS RA15 (silver nozzle)	Super Review		Super%20Review/in-ear/NF%20ACOUS%20RA15%20(silver%20nozzle)
NF ACOUS RA15 (silver nozzle)	ToneDeafMonk		ToneDeafMonk/in-ear/NF%20ACOUS%20RA15%20(silver%20nozzle)
NF ACOUS RG15 x Assassin's Creed Mirage	Jaytiss		Jaytiss/in-ear/NF%20ACOUS%20RG15%20x%20Assassin's%20Creed%20Mirage
NF ACOUS RG15	ToneDeafMonk		ToneDeafMonk/in-ear/NF%20ACOUS%20RG15
NF Audio NA2	Hi End Portable		Hi%20End%20Portable/in-ear/NF%20Audio%20NA2
NF Audio NA2+	Jaytiss		Jaytiss/in-ear/NF%20Audio%20NA2+
NF Audio NA20	Jaytiss		Jaytiss/in-ear/NF%20Audio%20NA20
NF Audio NM2+	crinacle	Bruel & Kjaer 4620	crinacle/Bruel%20&%20Kjaer%204620%20in-ear/NF%20Audio%20NM2+
NF Audio RA15 (gold nozzle)	Hi End Portable		Hi%20End%20Portable/in-ear/NF%20Audio%20RA15%20(gold%20nozzle)
NF Audio RA15 (silver nozzle)	Hi End Portable		Hi%20End%20Portable/in-ear/NF%20Audio%20RA15%20(silver%20nozzle)
NF Audio RG15 (analog)	Fahryst		Fahryst/in-ear/NF%20Audio%20RG15%20(analog)
NF Audio RG15 (USB)	Fahryst		Fahryst/in-ear/NF%20Audio%20RG15%20(USB)
NHT Super Buds	Innerfidelity		Innerfidelity/in-ear/NHT%20Super%20Buds
NiceHCK DB1	Hi End Portable		Hi%20End%20Portable/in-ear/NiceHCK%20DB1
NiceHCK DB2	Hi End Portable		Hi%20End%20Portable/in-ear/NiceHCK%20DB2
NiceHCK DB2	Jaytiss		Jaytiss/in-ear/NiceHCK%20DB2
NiceHCK DB2	ToneDeafMonk		ToneDeafMonk/in-ear/NiceHCK%20DB2
NiceHCK DB3	Hi End Portable		Hi%20End%20Portable/in-ear/NiceHCK%20DB3
NiceHCK EB2S Pro (foams)	Super Review		Super%20Review/earbud/NiceHCK%20EB2S%20Pro%20(foams)
NiceHCK EB2S Pro (no foams)	Super Review		Super%20Review/earbud/NiceHCK%20EB2S%20Pro%20(no%20foams)
NiceHCK EB2S	Hi End Portable		Hi%20End%20Portable/in-ear/NiceHCK%20EB2S
NiceHCK EBX21	Super Review		Super%20Review/earbud/NiceHCK%20EBX21
NiceHCK F1 (black filter)	Hi End Portable		Hi%20End%20Portable/in-ear/NiceHCK%20F1%20(black%20filter)
NiceHCK F1 (gold filter)	Hi End Portable		Hi%20End%20Portable/in-ear/NiceHCK%20F1%20(gold%20filter)
NiceHCK F1 (silver filter)	Hi End Portable		Hi%20End%20Portable/in-ear/NiceHCK%20F1%20(silver%20filter)
NiceHCK F1 Pro	Hi End Portable		Hi%20End%20Portable/in-ear/NiceHCK%20F1%20Pro
NiceHCK F1 Pro	Jaytiss		Jaytiss/in-ear/NiceHCK%20F1%20Pro
NiceHCK F1 Pro	Kazi		Kazi/in-ear/NiceHCK%20F1%20Pro
NiceHCK F1 Pro	ToneDeafMonk		ToneDeafMonk/in-ear/NiceHCK%20F1%20Pro
NiceHCK Himalaya (black filter)	ToneDeafMonk		ToneDeafMonk/in-ear/NiceHCK%20Himalaya%20(black%20filter)
NiceHCK Himalaya (blue filter)	Hi End Portable		Hi%20End%20Portable/in-ear/NiceHCK%20Himalaya%20(blue%20filter)
NiceHCK Himalaya (blue filter)	ToneDeafMonk		ToneDeafMonk/in-ear/NiceHCK%20Himalaya%20(blue%20filter)
NiceHCK Himalaya (brass filter)	ToneDeafMonk		ToneDeafMonk/in-ear/NiceHCK%20Himalaya%20(brass%20filter)
NiceHCK Himalaya (gold filter)	Hi End Portable		Hi%20End%20Portable/in-ear/NiceHCK%20Himalaya%20(gold%20filter)
NiceHCK Himalaya (grey filter)	Hi End Portable		Hi%20End%20Portable/in-ear/NiceHCK%20Himalaya%20(grey%20filter)
NiceHCK JIALAI Carat	Fahryst		Fahryst/in-ear/NiceHCK%20JIALAI%20Carat
NiceHCK JIALAI Carat	Hi End Portable		Hi%20End%20Portable/in-ear/NiceHCK%20JIALAI%20Carat
NiceHCK Lofty	Hi End Portable		Hi%20End%20Portable/in-ear/NiceHCK%20Lofty
NiceHCK M5 (blue filter)	Hi End Portable		Hi%20End%20Portable/in-ear/NiceHCK%20M5%20(blue%20filter)
NiceHCK M5 (grey filter)	Hi End Portable		Hi%20End%20Portable/in-ear/NiceHCK%20M5%20(grey%20filter)
NiceHCK M5 (red filter)	Hi End Portable		Hi%20End%20Portable/in-ear/NiceHCK%20M5%20(red%20filter)
NiceHCK NX7 Mk3 (black)	crinacle	711	crinacle/711%20in-ear/NiceHCK%20NX7%20Mk3%20(black)
NiceHCK NX7 Mk3 (blue)	crinacle	711	crinacle/711%20in-ear/NiceHCK%20NX7%20Mk3%20(blue)
NiceHCK NX7 Mk3 (red)	crinacle	711	crinacle/711%20in-ear/NiceHCK%20NX7%20Mk3%20(red)
NiceHCK NX7 MK4 (black filter)	Hi End Portable		Hi%20End%20Portable/in-ear/NiceHCK%20NX7%20MK4%20(black%20filter)
NiceHCK NX7 MK4 (gold filter)	Hi End Portable		Hi%20End%20Portable/in-ear/NiceHCK%20NX7%20MK4%20(gold%20filter)
NiceHCK NX7 MK4 (red filter)	Hi End Portable		Hi%20End%20Portable/in-ear/NiceHCK%20NX7%20MK4%20(red%20filter)
NiceHCK NX7 Pro (blue)	crinacle	711	crinacle/711%20in-ear/NiceHCK%20NX7%20Pro%20(blue)
NiceHCK NX7 Pro (red)	crinacle	711	crinacle/711%20in-ear/NiceHCK%20NX7%20Pro%20(red)
NiceHCK NX7 Pro (stock)	crinacle	711	crinacle/711%20in-ear/NiceHCK%20NX7%20Pro%20(stock)
NiceHCK NX8	Hi End Portable		Hi%20End%20Portable/in-ear/NiceHCK%20NX8
NiceHCK NX8	Jaytiss		Jaytiss/in-ear/NiceHCK%20NX8
NiceHCK NX8	Super Review		Super%20Review/in-ear/NiceHCK%20NX8
NiceHCK NX8	ToneDeafMonk		ToneDeafMonk/in-ear/NiceHCK%20NX8
NiceHCK PK2	HypetheSonics		HypetheSonics/earbud/NiceHCK%20PK2
NiceHCK Topguy	Hi End Portable		Hi%20End%20Portable/in-ear/NiceHCK%20Topguy
NiceHCK Topguy	Super Review		Super%20Review/in-ear/NiceHCK%20Topguy
NiceHCK Traceless	Hi End Portable		Hi%20End%20Portable/in-ear/NiceHCK%20Traceless
Night Oblivion Butastur (off-off)	kr0mka		kr0mka/in-ear/Night%20Oblivion%20Butastur%20(off-off)
Night Oblivion Butastur (off-off)	Super Review		Super%20Review/in-ear/Night%20Oblivion%20Butastur%20(off-off)
Night Oblivion Butastur (off-on)	kr0mka		kr0mka/in-ear/Night%20Oblivion%20Butastur%20(off-on)
Night Oblivion Butastur (off-on)	Super Review		Super%20Review/in-ear/Night%20Oblivion%20Butastur%20(off-on)
Night Oblivion Butastur (on-off)	Jaytiss		Jaytiss/in-ear/Night%20Oblivion%20Butastur%20(on-off)
Night Oblivion Butastur (on-off)	kr0mka		kr0mka/in-ear/Night%20Oblivion%20Butastur%20(on-off)
Night Oblivion Butastur (on-off)	Super Review		Super%20Review/in-ear/Night%20Oblivion%20Butastur%20(on-off)
Night Oblivion Butastur (on-on)	kr0mka		kr0mka/in-ear/Night%20Oblivion%20Butastur%20(on-on)
Night Oblivion Butastur (on-on)	Super Review		Super%20Review/in-ear/Night%20Oblivion%20Butastur%20(on-on)
Nightjar Duality (switch back)	Jaytiss		Jaytiss/in-ear/Nightjar%20Duality%20(switch%20back)
Nightjar Duality	Jaytiss		Jaytiss/in-ear/Nightjar%20Duality
Nightjar Singularity	freeryder05		freeryder05/in-ear/Nightjar%20Singularity
Nightjar Singularity	Super Review		Super%20Review/in-ear/Nightjar%20Singularity
Nintendo Switch stock earbuds	Kazi		Kazi/earbud/Nintendo%20Switch%20stock%20earbuds
Nixon RPM	Innerfidelity		Innerfidelity/over-ear/Nixon%20RPM
Noble Audio Chronicle	Jaytiss		Jaytiss/in-ear/Noble%20Audio%20Chronicle
Noble Audio Django	crinacle	711	crinacle/711%20in-ear/Noble%20Audio%20Django
Noble Audio Dulce Bass	crinacle	711	crinacle/711%20in-ear/Noble%20Audio%20Dulce%20Bass
Noble Audio Falcon	crinacle	711	crinacle/711%20in-ear/Noble%20Audio%20Falcon
Noble Audio Fokus Apollo (ANC off)	Kuulokenurkka		Kuulokenurkka/over-ear/Noble%20Audio%20Fokus%20Apollo%20(ANC%20off)
Noble Audio Fokus Apollo (ANC on)	Kuulokenurkka		Kuulokenurkka/over-ear/Noble%20Audio%20Fokus%20Apollo%20(ANC%20on)
Noble Audio Fokus Apollo (ANC on, review eq)	Kuulokenurkka		Kuulokenurkka/over-ear/Noble%20Audio%20Fokus%20Apollo%20(ANC%20on,%20review%20eq)
Noble Audio Fokus Apollo (passive)	Kuulokenurkka		Kuulokenurkka/over-ear/Noble%20Audio%20Fokus%20Apollo%20(passive)
Noble Audio Fokus Mystique (double flange)	DHRME		DHRME/in-ear/Noble%20Audio%20Fokus%20Mystique%20(double%20flange)
Noble Audio Fokus Mystique (single flange)	DHRME		DHRME/in-ear/Noble%20Audio%20Fokus%20Mystique%20(single%20flange)
Noble Audio Fokus Mystique	DHRME		DHRME/in-ear/Noble%20Audio%20Fokus%20Mystique
Noble Audio Fokus Pro	HypetheSonics	GRAS RA0045	HypetheSonics/GRAS%20RA0045%20in-ear/Noble%20Audio%20Fokus%20Pro
Noble Audio K10 CIEM	oratory1990		oratory1990/in-ear/Noble%20Audio%20K10%20CIEM
Noble Audio K10 Encore	crinacle	711	crinacle/711%20in-ear/Noble%20Audio%20K10%20Encore
Noble Audio K10	crinacle	711	crinacle/711%20in-ear/Noble%20Audio%20K10
Noble Audio K10	freeryder05		freeryder05/in-ear/Noble%20Audio%20K10
Noble Audio Kadence	crinacle	711	crinacle/711%20in-ear/Noble%20Audio%20Kadence
Noble Audio Katana	crinacle	711	crinacle/711%20in-ear/Noble%20Audio%20Katana
Noble Audio Khan	crinacle	711	crinacle/711%20in-ear/Noble%20Audio%20Khan
Noble Audio Khan	HypetheSonics	GRAS RA0045	HypetheSonics/GRAS%20RA0045%20in-ear/Noble%20Audio%20Khan
Noble Audio Knight	Jaytiss		Jaytiss/in-ear/Noble%20Audio%20Knight
Noble Audio Knight	ToneDeafMonk		ToneDeafMonk/in-ear/Noble%20Audio%20Knight
Noble Audio Kublai Khan	crinacle	711	crinacle/711%20in-ear/Noble%20Audio%20Kublai%20Khan
Noble Audio Kublai Khan	HypetheSonics	GRAS RA0045	HypetheSonics/GRAS%20RA0045%20in-ear/Noble%20Audio%20Kublai%20Khan
Noble Audio M3	crinacle	711	crinacle/711%20in-ear/Noble%20Audio%20M3
Noble Audio PR P Tuning	Innerfidelity		Innerfidelity/in-ear/Noble%20Audio%20PR%20P%20Tuning
Noble Audio PR R Tuning	Innerfidelity		Innerfidelity/in-ear/Noble%20Audio%20PR%20R%20Tuning
Noble Audio Sage	crinacle	711	crinacle/711%20in-ear/Noble%20Audio%20Sage
Noble Audio Savanna	crinacle	711	crinacle/711%20in-ear/Noble%20Audio%20Savanna
Noble Audio Savant 2	crinacle	711	crinacle/711%20in-ear/Noble%20Audio%20Savant%202
Noble Audio Sultan SE	HypetheSonics	GRAS RA0045	HypetheSonics/GRAS%20RA0045%20in-ear/Noble%20Audio%20Sultan%20SE
Noble Audio Sultan	crinacle	711	crinacle/711%20in-ear/Noble%20Audio%20Sultan
Noble Audio Sultan	HypetheSonics	GRAS RA0045	HypetheSonics/GRAS%20RA0045%20in-ear/Noble%20Audio%20Sultan
Noble Audio Trident	crinacle	711	crinacle/711%20in-ear/Noble%20Audio%20Trident
Noble Audio Trident	crinacle	Bruel & Kjaer 4620	crinacle/Bruel%20&%20Kjaer%204620%20in-ear/Noble%20Audio%20Trident
Noble Audio Tux 5	crinacle	711	crinacle/711%20in-ear/Noble%20Audio%20Tux%205
Noble Audio Viking Ragnar	HypetheSonics	GRAS RA0045	HypetheSonics/GRAS%20RA0045%20in-ear/Noble%20Audio%20Viking%20Ragnar
Noble Audio XM-1	oratory1990		oratory1990/in-ear/Noble%20Audio%20XM-1
Nocs NS 400	Headphone.com Legacy		Headphone.com%20Legacy/in-ear/Nocs%20NS%20400
Nocs NS 400	Innerfidelity		Innerfidelity/in-ear/Nocs%20NS%20400
Nocs NS200	Headphone.com Legacy		Headphone.com%20Legacy/in-ear/Nocs%20NS200
Nocs NS200	Innerfidelity		Innerfidelity/in-ear/Nocs%20NS200
Nocs NS300	Innerfidelity		Innerfidelity/over-ear/Nocs%20NS300
Nocs NS700	Headphone.com Legacy		Headphone.com%20Legacy/in-ear/Nocs%20NS700
Nocs NS700	Innerfidelity		Innerfidelity/over-ear/Nocs%20NS700
Nocs NS800	Headphone.com Legacy		Headphone.com%20Legacy/in-ear/Nocs%20NS800
Nocs NS800	Innerfidelity		Innerfidelity/in-ear/Nocs%20NS800
NocturnaL Audio Atlantis	crinacle	711	crinacle/711%20in-ear/NocturnaL%20Audio%20Atlantis
NocturnaL Audio Avalon	crinacle	711	crinacle/711%20in-ear/NocturnaL%20Audio%20Avalon
NocturnaL Audio Eden	crinacle	711	crinacle/711%20in-ear/NocturnaL%20Audio%20Eden
NocturnaL Audio Gorham	crinacle	711	crinacle/711%20in-ear/NocturnaL%20Audio%20Gorham
Noontec Hammo S	Innerfidelity		Innerfidelity/over-ear/Noontec%20Hammo%20S
Noontec Rio	Innerfidelity		Innerfidelity/in-ear/Noontec%20Rio
Noontec Zoro HD	Innerfidelity		Innerfidelity/over-ear/Noontec%20Zoro%20HD
Noontec Zoro II HD	Innerfidelity		Innerfidelity/over-ear/Noontec%20Zoro%20II%20HD
Noontec Zoro II Wireless (active)	Innerfidelity		Innerfidelity/over-ear/Noontec%20Zoro%20II%20Wireless%20(active)
Noontec Zoro II Wireless (passive)	Innerfidelity		Innerfidelity/over-ear/Noontec%20Zoro%20II%20Wireless%20(passive)
Noontec Zoro	Headphone.com Legacy		Headphone.com%20Legacy/over-ear/Noontec%20Zoro
Noontec Zoro	Innerfidelity		Innerfidelity/over-ear/Noontec%20Zoro
Nostalgia Audio Benbulbin	crinacle	711	crinacle/711%20in-ear/Nostalgia%20Audio%20Benbulbin
Nothing ear (1)	DHRME		DHRME/in-ear/Nothing%20ear%20(1)
Nothing ear (1)	Rtings	HMS II.3	Rtings/HMS%20II.3%20in-ear/Nothing%20ear%20(1)
Nothing ear (2)	Rtings	HMS II.3	Rtings/HMS%20II.3%20in-ear/Nothing%20ear%20(2)
Nothing ear (2)	Super Review		Super%20Review/in-ear/Nothing%20ear%20(2)
Nothing ear (a)	DHRME		DHRME/in-ear/Nothing%20ear%20(a)
Nothing ear (a)	Rtings	Bruel & Kjaer 5128	Rtings/Bruel%20&%20Kjaer%205128%20in-ear/Nothing%20ear%20(a)
Nothing ear (stick)	Rtings	HMS II.3	Rtings/HMS%20II.3%20in-ear/Nothing%20ear%20(stick)
Nothing ear	DHRME		DHRME/in-ear/Nothing%20ear
Nothing ear	Rtings	Bruel & Kjaer 5128	Rtings/Bruel%20&%20Kjaer%205128%20in-ear/Nothing%20ear
NS Audio NS3	Hi End Portable		Hi%20End%20Portable/in-ear/NS%20Audio%20NS3
NS Audio NS3	oratory1990		oratory1990/in-ear/NS%20Audio%20NS3
NS Audio NS5 MKII Extra Bass	Hi End Portable		Hi%20End%20Portable/in-ear/NS%20Audio%20NS5%20MKII%20Extra%20Bass
Nuarl NT01	crinacle	711	crinacle/711%20in-ear/Nuarl%20NT01
Nuarl NT100	crinacle	711	crinacle/711%20in-ear/Nuarl%20NT100
Nuarl NT110	crinacle	711	crinacle/711%20in-ear/Nuarl%20NT110
NuForce EDC3	crinacle	711	crinacle/711%20in-ear/NuForce%20EDC3
NuForce EDC3	Filk		Filk/in-ear/NuForce%20EDC3
NuForce EDC3	kr0mka		kr0mka/in-ear/NuForce%20EDC3
NuForce EDC3	oratory1990		oratory1990/in-ear/NuForce%20EDC3
NuForce Every Day Car	Innerfidelity		Innerfidelity/in-ear/NuForce%20Every%20Day%20Car
NuForce HEM1	crinacle	711	crinacle/711%20in-ear/NuForce%20HEM1
NuForce HEM8	Innerfidelity		Innerfidelity/in-ear/NuForce%20HEM8
NuForce HP-800	Innerfidelity		Innerfidelity/over-ear/NuForce%20HP-800
NuForce NE-600X	Innerfidelity		Innerfidelity/in-ear/NuForce%20NE-600X
NuForce NE-700M	Innerfidelity		Innerfidelity/in-ear/NuForce%20NE-700M
NuForce Primo 8	crinacle	711	crinacle/711%20in-ear/NuForce%20Primo%208
NuForce Primo 8	Innerfidelity		Innerfidelity/in-ear/NuForce%20Primo%208
NuForce Stride	oratory1990		oratory1990/in-ear/NuForce%20Stride
Nura NuraLoop	Rtings	HMS II.3	Rtings/HMS%20II.3%20in-ear/Nura%20NuraLoop
Nura Nuraphone	Rtings	HMS II.3	Rtings/HMS%20II.3%20over-ear/Nura%20Nuraphone
NVX EX10S	Innerfidelity		Innerfidelity/in-ear/NVX%20EX10S
NVX XPT100 (flat earpads)	Innerfidelity		Innerfidelity/over-ear/NVX%20XPT100%20(flat%20earpads)
NVX XPT100	Innerfidelity		Innerfidelity/over-ear/NVX%20XPT100
NXEars Basso	crinacle	711	crinacle/711%20in-ear/NXEars%20Basso
NXEars Opera	crinacle	711	crinacle/711%20in-ear/NXEars%20Opera
NXEars Sonata	crinacle	711	crinacle/711%20in-ear/NXEars%20Sonata
oBravo Cupid	crinacle	711	crinacle/711%20in-ear/oBravo%20Cupid
oBravo Cupid	crinacle	Bruel & Kjaer 4620	crinacle/Bruel%20&%20Kjaer%204620%20in-ear/oBravo%20Cupid
oBravo HAMT1	Innerfidelity		Innerfidelity/over-ear/oBravo%20HAMT1
oBravo Ra 21 C	crinacle	711	crinacle/711%20in-ear/oBravo%20Ra%2021%20C
oBravo Ra C-Cu	crinacle	711	crinacle/711%20in-ear/oBravo%20Ra%20C-Cu
Ocharaku Co-Donguri Shizuku	crinacle	711	crinacle/711%20in-ear/Ocharaku%20Co-Donguri%20Shizuku
Ocharaku Donguri Keyaki	crinacle	711	crinacle/711%20in-ear/Ocharaku%20Donguri%20Keyaki
Ocharaku Donguri Ti Plus	crinacle	711	crinacle/711%20in-ear/Ocharaku%20Donguri%20Ti%20Plus
Ocharaku Flat-4 Akakeyaki	crinacle	711	crinacle/711%20in-ear/Ocharaku%20Flat-4%20Akakeyaki
Ocharaku Flat-4 Akazakura	crinacle	711	crinacle/711%20in-ear/Ocharaku%20Flat-4%20Akazakura
Ocharaku Flat-4 Kaede Type 1	crinacle	711	crinacle/711%20in-ear/Ocharaku%20Flat-4%20Kaede%20Type%201
Ocharaku Flat-4 Kaede Type 2	crinacle	711	crinacle/711%20in-ear/Ocharaku%20Flat-4%20Kaede%20Type%202
Ocharaku Flat-4 Kuro Type II	Innerfidelity		Innerfidelity/in-ear/Ocharaku%20Flat-4%20Kuro%20Type%20II
Ocharaku Flat-4 Ti Plus	crinacle	711	crinacle/711%20in-ear/Ocharaku%20Flat-4%20Ti%20Plus
Oladance OWS Sport (ANC off)	Regan Cipher		Regan%20Cipher/earbud/Oladance%20OWS%20Sport%20(ANC%20off)
Ollo Audio S5X	Kuulokenurkka		Kuulokenurkka/over-ear/Ollo%20Audio%20S5X
OLLO S4R 1.1	oratory1990		oratory1990/over-ear/OLLO%20S4R%201.1
OLLO S4R	oratory1990		oratory1990/over-ear/OLLO%20S4R
OneOdio A10	Regan Cipher		Regan%20Cipher/over-ear/OneOdio%20A10
OneOdio A71D	Filk		Filk/over-ear/OneOdio%20A71D
OneOdio OpenRock Pro	Regan Cipher		Regan%20Cipher/earbud/OneOdio%20OpenRock%20Pro
OneOdio OpenRock S	Regan Cipher		Regan%20Cipher/earbud/OneOdio%20OpenRock%20S
OneOdio OpenRock X (ANC off)	Regan Cipher		Regan%20Cipher/earbud/OneOdio%20OpenRock%20X%20(ANC%20off)
OneOdio OpenRock X	Regan Cipher		Regan%20Cipher/earbud/OneOdio%20OpenRock%20X
OnePlus Buds 3 (ANC on)	Regan Cipher		Regan%20Cipher/in-ear/OnePlus%20Buds%203%20(ANC%20on)
OnePlus Buds 3	DHRME		DHRME/in-ear/OnePlus%20Buds%203
OnePlus Buds 3	Regan Cipher		Regan%20Cipher/in-ear/OnePlus%20Buds%203
OnePlus Buds 3	Rtings	Bruel & Kjaer 5128	Rtings/Bruel%20&%20Kjaer%205128%20in-ear/OnePlus%20Buds%203
OnePlus Buds Pro 2	Rtings	HMS II.3	Rtings/HMS%20II.3%20in-ear/OnePlus%20Buds%20Pro%202
OnePlus Buds Pro	Regan Cipher		Regan%20Cipher/in-ear/OnePlus%20Buds%20Pro
OnePlus Buds Pro	Rtings	HMS II.3	Rtings/HMS%20II.3%20in-ear/OnePlus%20Buds%20Pro
OnePlus Buds Z	Rtings	HMS II.3	Rtings/HMS%20II.3%20in-ear/OnePlus%20Buds%20Z
OnePlus Buds	Rtings	HMS II.3	Rtings/HMS%20II.3%20in-ear/OnePlus%20Buds
Onkyo A800	oratory1990		oratory1990/over-ear/Onkyo%20A800
Onkyo E900	crinacle	711	crinacle/711%20in-ear/Onkyo%20E900
Onkyo ES-FC300	Innerfidelity		Innerfidelity/over-ear/Onkyo%20ES-FC300
Onkyo IE-HF300S	Innerfidelity		Innerfidelity/in-ear/Onkyo%20IE-HF300S
OpenAudio Mercury	crinacle	711	crinacle/711%20in-ear/OpenAudio%20Mercury
OpenAudio Mercury	crinacle	Bruel & Kjaer 4620	crinacle/Bruel%20&%20Kjaer%204620%20in-ear/OpenAudio%20Mercury
OpenAudio Mercury	Super Review		Super%20Review/in-ear/OpenAudio%20Mercury
OpenAudio Siren	Super Review		Super%20Review/in-ear/OpenAudio%20Siren
Oppo Enco Air3	Regan Cipher		Regan%20Cipher/earbud/Oppo%20Enco%20Air3
Oppo Enco X	oratory1990		oratory1990/in-ear/Oppo%20Enco%20X
Oppo Enco X2 (Enco classic preset)	DHRME		DHRME/in-ear/Oppo%20Enco%20X2%20(Enco%20classic%20preset)
Oppo Enco X2 (Enco classic preset)	Harpo		Harpo/in-ear/Oppo%20Enco%20X2%20(Enco%20classic%20preset)
Oppo Enco X2	oratory1990		oratory1990/in-ear/Oppo%20Enco%20X2
Oppo Enco X2	Regan Cipher		Regan%20Cipher/in-ear/Oppo%20Enco%20X2
Oppo Enco X3i	DHRME		DHRME/in-ear/Oppo%20Enco%20X3i
Oppo PM1 (alternative earpads)	Innerfidelity		Innerfidelity/over-ear/Oppo%20PM1%20(alternative%20earpads)
Oppo PM1 (PM2 earpads)	Innerfidelity		Innerfidelity/over-ear/Oppo%20PM1%20(PM2%20earpads)
Oppo PM1 (velour earpads)	Innerfidelity		Innerfidelity/over-ear/Oppo%20PM1%20(velour%20earpads)
Oppo PM1	Headphone.com Legacy		Headphone.com%20Legacy/over-ear/Oppo%20PM1
Oppo PM1	Innerfidelity		Innerfidelity/over-ear/Oppo%20PM1
Oppo PM2 (PM1 alternative earpads)	Innerfidelity		Innerfidelity/over-ear/Oppo%20PM2%20(PM1%20alternative%20earpads)
Oppo PM2 (PM1 leather earpads)	Innerfidelity		Innerfidelity/over-ear/Oppo%20PM2%20(PM1%20leather%20earpads)
Oppo PM2 (PM1 velour pads)	Innerfidelity		Innerfidelity/over-ear/Oppo%20PM2%20(PM1%20velour%20pads)
Oppo PM2	Innerfidelity		Innerfidelity/over-ear/Oppo%20PM2
Oppo PM2	oratory1990		oratory1990/over-ear/Oppo%20PM2
Oppo PM3 (Aliexpress earpads)	oratory1990		oratory1990/over-ear/Oppo%20PM3%20(Aliexpress%20earpads)
Oppo PM3 (Aliexpress leather earpads)	oratory1990		oratory1990/over-ear/Oppo%20PM3%20(Aliexpress%20leather%20earpads)
Oppo PM3 (sample A)	Innerfidelity		Innerfidelity/over-ear/Oppo%20PM3%20(sample%20A)
Oppo PM3 (sample C)	Innerfidelity		Innerfidelity/over-ear/Oppo%20PM3%20(sample%20C)
Oppo PM3	crinacle	GRAS 43AG-7	crinacle/GRAS%2043AG-7%20over-ear/Oppo%20PM3
Oppo PM3	Innerfidelity		Innerfidelity/over-ear/Oppo%20PM3
Oppo PM3	oratory1990		oratory1990/over-ear/Oppo%20PM3
Oppo PM3	Rtings	HMS II.3	Rtings/HMS%20II.3%20over-ear/Oppo%20PM3
ORA GrapheneQ	oratory1990		oratory1990/over-ear/ORA%20GrapheneQ
ORB CF-IEM Stella	crinacle	711	crinacle/711%20in-ear/ORB%20CF-IEM%20Stella
Origami Audio Silver	crinacle	711	crinacle/711%20in-ear/Origami%20Audio%20Silver
Oriolus Finschi Hifi	crinacle	711	crinacle/711%20in-ear/Oriolus%20Finschi%20Hifi
Oriolus Finschi	crinacle	711	crinacle/711%20in-ear/Oriolus%20Finschi
Oriolus Finschi	Hi End Portable		Hi%20End%20Portable/in-ear/Oriolus%20Finschi
Oriolus Forsteni	crinacle	711	crinacle/711%20in-ear/Oriolus%20Forsteni
Oriolus Isabellae	crinacle	711	crinacle/711%20in-ear/Oriolus%20Isabellae
Oriolus Isabellae	Jaytiss		Jaytiss/in-ear/Oriolus%20Isabellae
Oriolus Mellianus	crinacle	711	crinacle/711%20in-ear/Oriolus%20Mellianus
Oriolus Mk2	crinacle	711	crinacle/711%20in-ear/Oriolus%20Mk2
Oriolus Mk2	Super Review		Super%20Review/in-ear/Oriolus%20Mk2
Oriolus Monachaa	Jaytiss		Jaytiss/in-ear/Oriolus%20Monachaa
Oriolus Percivali	crinacle	711	crinacle/711%20in-ear/Oriolus%20Percivali
Oriolus Szalayi	ToneDeafMonk		ToneDeafMonk/in-ear/Oriolus%20Szalayi
Oriolus Traillii	crinacle	711	crinacle/711%20in-ear/Oriolus%20Traillii
Oriolus Traillii	Super Review		Super%20Review/in-ear/Oriolus%20Traillii
Oriveti Basic	crinacle	711	crinacle/711%20in-ear/Oriveti%20Basic
Oriveti bleqk Dynabird	Super Review		Super%20Review/in-ear/Oriveti%20bleqk%20Dynabird
Oriveti bleqk Lowmaster	Jaytiss		Jaytiss/in-ear/Oriveti%20bleqk%20Lowmaster
Oriveti bleqk Lowmaster	ToneDeafMonk		ToneDeafMonk/in-ear/Oriveti%20bleqk%20Lowmaster
Oriveti Dynabird	Jaytiss		Jaytiss/in-ear/Oriveti%20Dynabird
Oriveti Dynabird	ToneDeafMonk		ToneDeafMonk/in-ear/Oriveti%20Dynabird
Oriveti New Primacy	crinacle	711	crinacle/711%20in-ear/Oriveti%20New%20Primacy
Oriveti OD100	Jaytiss		Jaytiss/in-ear/Oriveti%20OD100
Oriveti OD100	ToneDeafMonk		ToneDeafMonk/in-ear/Oriveti%20OD100
Oriveti OD200 (black nozzle)	ToneDeafMonk		ToneDeafMonk/in-ear/Oriveti%20OD200%20(black%20nozzle)
Oriveti OD200 (silver nozzle)	ToneDeafMonk		ToneDeafMonk/in-ear/Oriveti%20OD200%20(silver%20nozzle)
Oriveti OD200	Jaytiss		Jaytiss/in-ear/Oriveti%20OD200
Oriveti OH300	crinacle	711	crinacle/711%20in-ear/Oriveti%20OH300
Oriveti OH500	crinacle	711	crinacle/711%20in-ear/Oriveti%20OH500
Oriveti OH700VB (bass switch off)	Jaytiss		Jaytiss/in-ear/Oriveti%20OH700VB%20(bass%20switch%20off)
Oriveti OH700VB (bass switch off)	ToneDeafMonk		ToneDeafMonk/in-ear/Oriveti%20OH700VB%20(bass%20switch%20off)
Oriveti OH700VB (bass switch on)	Jaytiss		Jaytiss/in-ear/Oriveti%20OH700VB%20(bass%20switch%20on)
Oriveti OH700VB (bass switch on)	ToneDeafMonk		ToneDeafMonk/in-ear/Oriveti%20OH700VB%20(bass%20switch%20on)
Ortofon 0-One	Innerfidelity		Innerfidelity/over-ear/Ortofon%200-One
Ortofon 1	Headphone.com Legacy		Headphone.com%20Legacy/over-ear/Ortofon%201
Ortofon 2	Headphone.com Legacy		Headphone.com%20Legacy/over-ear/Ortofon%202
Ostry KC06	Innerfidelity		Innerfidelity/in-ear/Ostry%20KC06
Ostry KC06A	Hi End Portable		Hi%20End%20Portable/in-ear/Ostry%20KC06A
Ourart Wine	Hi End Portable		Hi%20End%20Portable/in-ear/Ourart%20Wine
Ovidius RX-100	crinacle	711	crinacle/711%20in-ear/Ovidius%20RX-100
Ovidius RX-100	crinacle	Bruel & Kjaer 4620	crinacle/Bruel%20&%20Kjaer%204620%20in-ear/Ovidius%20RX-100
Ovidius TX-901	crinacle	GRAS 43AG-7	crinacle/GRAS%2043AG-7%20over-ear/Ovidius%20TX-901
Padsmith In Ear Monitors	Jaytiss		Jaytiss/in-ear/Padsmith%20In%20Ear%20Monitors
Pai Audio DM2A	crinacle	711	crinacle/711%20in-ear/Pai%20Audio%20DM2A
Pai Audio DR2	Hi End Portable		Hi%20End%20Portable/in-ear/Pai%20Audio%20DR2
Palma DHS-1 (closed)	Kuulokenurkka		Kuulokenurkka/over-ear/Palma%20DHS-1%20(closed)
Palma DHS-1 (open)	Kuulokenurkka		Kuulokenurkka/over-ear/Palma%20DHS-1%20(open)
Panasonic RP HT600 S	Innerfidelity		Innerfidelity/over-ear/Panasonic%20RP%20HT600%20S
Panasonic RP-HC101	Rtings	HMS II.3	Rtings/HMS%20II.3%20over-ear/Panasonic%20RP-HC101
Panasonic RP-HC800	Rtings	HMS II.3	Rtings/HMS%20II.3%20over-ear/Panasonic%20RP-HC800
Panasonic RP-HJE120	Innerfidelity		Innerfidelity/in-ear/Panasonic%20RP-HJE120
Panasonic RP-HJE120	oratory1990		oratory1990/in-ear/Panasonic%20RP-HJE120
Panasonic RP-HJE120	Rtings	HMS II.3	Rtings/HMS%20II.3%20in-ear/Panasonic%20RP-HJE120
Panasonic RP-HJE125E	kr0mka		kr0mka/in-ear/Panasonic%20RP-HJE125E
Panasonic RP-HJE270E	kr0mka		kr0mka/in-ear/Panasonic%20RP-HJE270E
Paradigm Shift E1	Innerfidelity		Innerfidelity/in-ear/Paradigm%20Shift%20E1
Paradigm Shift E3m	Innerfidelity		Innerfidelity/in-ear/Paradigm%20Shift%20E3m
Parrot Zik 2.0	Innerfidelity		Innerfidelity/over-ear/Parrot%20Zik%202.0
Parrot Zik 2.0	Rtings	HMS II.3	Rtings/HMS%20II.3%20over-ear/Parrot%20Zik%202.0
Parrot Zik 3.0	Rtings	HMS II.3	Rtings/HMS%20II.3%20over-ear/Parrot%20Zik%203.0
Peacock Audio P1	RikudouGoku		RikudouGoku/in-ear/Peacock%20Audio%20P1
PEARS SH2	crinacle	711	crinacle/711%20in-ear/PEARS%20SH2
PEARS SH3 (CIEM)	crinacle	711	crinacle/711%20in-ear/PEARS%20SH3%20(CIEM)
PEARS SH3	crinacle	711	crinacle/711%20in-ear/PEARS%20SH3
Peerless MB PMB 85 Double Action	oratory1990		oratory1990/over-ear/Peerless%20MB%20PMB%2085%20Double%20Action
Pendulumic Stance S1 Bluetooth	Innerfidelity		Innerfidelity/over-ear/Pendulumic%20Stance%20S1%20Bluetooth
Penon 10th Anniversary IEM	ToneDeafMonk		ToneDeafMonk/in-ear/Penon%2010th%20Anniversary%20IEM
Penon DOME	ToneDeafMonk		ToneDeafMonk/in-ear/Penon%20DOME
Penon Fan 2	Harpo		Harpo/in-ear/Penon%20Fan%202
Penon Fan 2	Jaytiss		Jaytiss/in-ear/Penon%20Fan%202
Penon Fan 2	ToneDeafMonk		ToneDeafMonk/in-ear/Penon%20Fan%202
Penon Fan 3 (off)	Super Review		Super%20Review/in-ear/Penon%20Fan%203%20(off)
Penon Fan 3 (on)	Super Review		Super%20Review/in-ear/Penon%20Fan%203%20(on)
Penon Fan	Hi End Portable		Hi%20End%20Portable/in-ear/Penon%20Fan
Penon Globe	Hi End Portable		Hi%20End%20Portable/in-ear/Penon%20Globe
Penon IMPACT	ToneDeafMonk		ToneDeafMonk/in-ear/Penon%20IMPACT
Penon Orb	Harpo		Harpo/in-ear/Penon%20Orb
Penon Orb	Hi End Portable		Hi%20End%20Portable/in-ear/Penon%20Orb
Penon QUATTRO	ToneDeafMonk		ToneDeafMonk/in-ear/Penon%20QUATTRO
Penon Serial	Harpo		Harpo/in-ear/Penon%20Serial
Penon Serial	Jaytiss		Jaytiss/in-ear/Penon%20Serial
Penon Sphere	Hi End Portable		Hi%20End%20Portable/in-ear/Penon%20Sphere
Penon Turbo (off, off-off-on)	ToneDeafMonk		ToneDeafMonk/in-ear/Penon%20Turbo%20(off,%20off-off-on)
Penon Turbo (off, off-on-off)	ToneDeafMonk		ToneDeafMonk/in-ear/Penon%20Turbo%20(off,%20off-on-off)
Penon Turbo (off, off-on-on)	ToneDeafMonk		ToneDeafMonk/in-ear/Penon%20Turbo%20(off,%20off-on-on)
Penon Turbo (off, on-off-off)	ToneDeafMonk		ToneDeafMonk/in-ear/Penon%20Turbo%20(off,%20on-off-off)
Penon Turbo (off, on-off-on)	ToneDeafMonk		ToneDeafMonk/in-ear/Penon%20Turbo%20(off,%20on-off-on)
Penon Turbo (off, on-on-off)	ToneDeafMonk		ToneDeafMonk/in-ear/Penon%20Turbo%20(off,%20on-on-off)
Penon Turbo (off, on-on-on)	ToneDeafMonk		ToneDeafMonk/in-ear/Penon%20Turbo%20(off,%20on-on-on)
Penon Turbo (on, off-off-off)	ToneDeafMonk		ToneDeafMonk/in-ear/Penon%20Turbo%20(on,%20off-off-off)
Penon Turbo (on, off-off-on)	ToneDeafMonk		ToneDeafMonk/in-ear/Penon%20Turbo%20(on,%20off-off-on)
Penon Turbo (on, off-on-on)	ToneDeafMonk		ToneDeafMonk/in-ear/Penon%20Turbo%20(on,%20off-on-on)
Penon Turbo (on, on-off-off)	ToneDeafMonk		ToneDeafMonk/in-ear/Penon%20Turbo%20(on,%20on-off-off)
Penon Turbo (on, on-off-on)	ToneDeafMonk		ToneDeafMonk/in-ear/Penon%20Turbo%20(on,%20on-off-on)
Penon Turbo (on, on-on-off)	ToneDeafMonk		ToneDeafMonk/in-ear/Penon%20Turbo%20(on,%20on-on-off)
Penon Turbo (on, on-on-on)	ToneDeafMonk		ToneDeafMonk/in-ear/Penon%20Turbo%20(on,%20on-on-on)
Penon Vortex	Harpo		Harpo/in-ear/Penon%20Vortex
Penon Vortex	Jaytiss		Jaytiss/in-ear/Penon%20Vortex
Periodic Audio Be	crinacle	711	crinacle/711%20in-ear/Periodic%20Audio%20Be
Periodic Audio Be	HypetheSonics	GRAS RA0045	HypetheSonics/GRAS%20RA0045%20in-ear/Periodic%20Audio%20Be
Periodic Audio Be	oratory1990		oratory1990/in-ear/Periodic%20Audio%20Be
Periodic Audio Be	RikudouGoku		RikudouGoku/in-ear/Periodic%20Audio%20Be
Periodic Audio Beryllium V3	HypetheSonics	GRAS RA0045	HypetheSonics/GRAS%20RA0045%20in-ear/Periodic%20Audio%20Beryllium%20V3
Periodic Audio Carbon V3	HypetheSonics	GRAS RA0045	HypetheSonics/GRAS%20RA0045%20in-ear/Periodic%20Audio%20Carbon%20V3
Periodic Audio Carbon	oratory1990		oratory1990/in-ear/Periodic%20Audio%20Carbon
Periodic Audio Magnesium V3	HypetheSonics	GRAS RA0045	HypetheSonics/GRAS%20RA0045%20in-ear/Periodic%20Audio%20Magnesium%20V3
Periodic Audio Mg	crinacle	711	crinacle/711%20in-ear/Periodic%20Audio%20Mg
Periodic Audio Ti	crinacle	711	crinacle/711%20in-ear/Periodic%20Audio%20Ti
Periodic Audio Titanium V3	HypetheSonics	GRAS RA0045	HypetheSonics/GRAS%20RA0045%20in-ear/Periodic%20Audio%20Titanium%20V3
Phiaton Bridge MS 500	Headphone.com Legacy		Headphone.com%20Legacy/over-ear/Phiaton%20Bridge%20MS%20500
Phiaton Bridge MS 500	Innerfidelity		Innerfidelity/over-ear/Phiaton%20Bridge%20MS%20500
Phiaton Chord MS 530 (ANC on)	Innerfidelity		Innerfidelity/over-ear/Phiaton%20Chord%20MS%20530%20(ANC%20on)
Phiaton Chord MS 530 (wireless)	Innerfidelity		Innerfidelity/over-ear/Phiaton%20Chord%20MS%20530%20(wireless)
Phiaton Chord MS 530	Innerfidelity		Innerfidelity/over-ear/Phiaton%20Chord%20MS%20530
Phiaton Moderna MS200	Innerfidelity		Innerfidelity/in-ear/Phiaton%20Moderna%20MS200
Phiaton MS 100 BA	Innerfidelity		Innerfidelity/in-ear/Phiaton%20MS%20100%20BA
Phiaton MS 300	Headphone.com Legacy		Headphone.com%20Legacy/over-ear/Phiaton%20MS%20300
Phiaton MS 300	Innerfidelity		Innerfidelity/over-ear/Phiaton%20MS%20300
Phiaton MS 400	Headphone.com Legacy		Headphone.com%20Legacy/over-ear/Phiaton%20MS%20400
Phiaton PS 20	Innerfidelity		Innerfidelity/in-ear/Phiaton%20PS%2020
Phiaton PS 200	Headphone.com Legacy		Headphone.com%20Legacy/in-ear/Phiaton%20PS%20200
Phiaton PS 200	Innerfidelity		Innerfidelity/in-ear/Phiaton%20PS%20200
Phiaton PS 210	Headphone.com Legacy		Headphone.com%20Legacy/in-ear/Phiaton%20PS%20210
Phiaton PS 210	Innerfidelity		Innerfidelity/in-ear/Phiaton%20PS%20210
Phiaton PS 300 NC	Headphone.com Legacy		Headphone.com%20Legacy/over-ear/Phiaton%20PS%20300%20NC
Phiaton PS 320	Headphone.com Legacy		Headphone.com%20Legacy/over-ear/Phiaton%20PS%20320
Phiaton PS 320	Innerfidelity		Innerfidelity/over-ear/Phiaton%20PS%20320
Phiaton PS 500	Headphone.com Legacy		Headphone.com%20Legacy/over-ear/Phiaton%20PS%20500
Phiaton PS 500	Innerfidelity		Innerfidelity/over-ear/Phiaton%20PS%20500
Philips ActionFit SHQ5200	Innerfidelity		Innerfidelity/over-ear/Philips%20ActionFit%20SHQ5200
Philips Cityscape Downtown	Innerfidelity		Innerfidelity/over-ear/Philips%20Cityscape%20Downtown
Philips Construct	Innerfidelity		Innerfidelity/over-ear/Philips%20Construct
Philips Fidelio L1	Innerfidelity		Innerfidelity/over-ear/Philips%20Fidelio%20L1
Philips Fidelio L2	oratory1990		oratory1990/over-ear/Philips%20Fidelio%20L2
Philips Fidelio M1	Innerfidelity		Innerfidelity/over-ear/Philips%20Fidelio%20M1
Philips Fidelio M1	oratory1990		oratory1990/over-ear/Philips%20Fidelio%20M1
Philips Fidelio M2L	oratory1990		oratory1990/over-ear/Philips%20Fidelio%20M2L
Philips Fidelio NC1	oratory1990		oratory1990/over-ear/Philips%20Fidelio%20NC1
Philips Fidelio NC1	Rtings	HMS II.3	Rtings/HMS%20II.3%20over-ear/Philips%20Fidelio%20NC1
Philips Fidelio S1 Early 2013	Innerfidelity		Innerfidelity/in-ear/Philips%20Fidelio%20S1%20Early%202013
Philips Fidelio S2 (2013)	Innerfidelity		Innerfidelity/in-ear/Philips%20Fidelio%20S2%20(2013)
Philips Fidelio S2 (early 2013)	Innerfidelity		Innerfidelity/in-ear/Philips%20Fidelio%20S2%20(early%202013)
Philips Fidelio X1	Innerfidelity		Innerfidelity/over-ear/Philips%20Fidelio%20X1
Philips Fidelio X2	Innerfidelity		Innerfidelity/over-ear/Philips%20Fidelio%20X2
Philips Fidelio X2HR	Auriculares Argentina		Auriculares%20Argentina/over-ear/Philips%20Fidelio%20X2HR
Philips Fidelio X2HR	oratory1990		oratory1990/over-ear/Philips%20Fidelio%20X2HR
Philips Fidelio X2HR	Rtings	Bruel & Kjaer 5128	Rtings/Bruel%20&%20Kjaer%205128%20over-ear/Philips%20Fidelio%20X2HR
Philips Fidelio X2HR	Super Review		Super%20Review/over-ear/Philips%20Fidelio%20X2HR
Philips Fidelio X3	oratory1990		oratory1990/over-ear/Philips%20Fidelio%20X3
Philips Fidelio X3	Rtings	HMS II.3	Rtings/HMS%20II.3%20over-ear/Philips%20Fidelio%20X3
Philips L2	Innerfidelity		Innerfidelity/over-ear/Philips%20L2
Philips O'Neil Bend	Innerfidelity		Innerfidelity/over-ear/Philips%20O'Neil%20Bend
Philips O'Neil Crash	Innerfidelity		Innerfidelity/over-ear/Philips%20O'Neil%20Crash
Philips SBC HP910	Innerfidelity		Innerfidelity/over-ear/Philips%20SBC%20HP910
Philips SHE3590	Innerfidelity		Innerfidelity/in-ear/Philips%20SHE3590
Philips SHE3590PK28	Super Review		Super%20Review/in-ear/Philips%20SHE3590PK28
Philips SHE3855	oratory1990		oratory1990/in-ear/Philips%20SHE3855
Philips SHP9500	Auriculares Argentina		Auriculares%20Argentina/over-ear/Philips%20SHP9500
Philips SHP9500	crinacle	GRAS 43AG-7	crinacle/GRAS%2043AG-7%20over-ear/Philips%20SHP9500
Philips SHP9500	oratory1990		oratory1990/over-ear/Philips%20SHP9500
Philips SHP9500	Rtings	Bruel & Kjaer 5128	Rtings/Bruel%20&%20Kjaer%205128%20over-ear/Philips%20SHP9500
Philips SHP9500	Super Review		Super%20Review/over-ear/Philips%20SHP9500
Philips SHP9600	Rtings	HMS II.3	Rtings/HMS%20II.3%20over-ear/Philips%20SHP9600
Philips SHS8000	oratory1990		oratory1990/in-ear/Philips%20SHS8000
Philips SME3580	Innerfidelity		Innerfidelity/in-ear/Philips%20SME3580
Philips TAE1105	kr0mka		kr0mka/in-ear/Philips%20TAE1105
Philips TAH2005BK00	Filk		Filk/over-ear/Philips%20TAH2005BK00
Philips TX1	Innerfidelity		Innerfidelity/in-ear/Philips%20TX1
Philips TX2	Innerfidelity		Innerfidelity/in-ear/Philips%20TX2
Phonak PFE 112	Super Review		Super%20Review/in-ear/Phonak%20PFE%20112
Phonak PFE 121 (black filter)	Innerfidelity		Innerfidelity/in-ear/Phonak%20PFE%20121%20(black%20filter)
Phonak PFE 121 (gray filter)	Innerfidelity		Innerfidelity/in-ear/Phonak%20PFE%20121%20(gray%20filter)
Phonak PFE 121 (green filter)	Innerfidelity		Innerfidelity/in-ear/Phonak%20PFE%20121%20(green%20filter)
Phonak PFE 232	crinacle	711	crinacle/711%20in-ear/Phonak%20PFE%20232
Phonak PFE 232	Innerfidelity		Innerfidelity/in-ear/Phonak%20PFE%20232
Phonon SMB2	Innerfidelity		Innerfidelity/over-ear/Phonon%20SMB2
Pioneer DJ HDJ-CUE1BT	Rtings	HMS II.3	Rtings/HMS%20II.3%20over-ear/Pioneer%20DJ%20HDJ-CUE1BT
Pioneer HDJ-1000 Gold	Headphone.com Legacy		Headphone.com%20Legacy/over-ear/Pioneer%20HDJ-1000%20Gold
Pioneer HDJ-1000	Headphone.com Legacy		Headphone.com%20Legacy/over-ear/Pioneer%20HDJ-1000
Pioneer HDJ-1000	Innerfidelity		Innerfidelity/over-ear/Pioneer%20HDJ-1000
Pioneer HDJ-2000	Headphone.com Legacy		Headphone.com%20Legacy/over-ear/Pioneer%20HDJ-2000
Pioneer HDJ-2000	Innerfidelity		Innerfidelity/over-ear/Pioneer%20HDJ-2000
Pioneer HDJ-500	Headphone.com Legacy		Headphone.com%20Legacy/over-ear/Pioneer%20HDJ-500
Pioneer HDJ-500	Innerfidelity		Innerfidelity/over-ear/Pioneer%20HDJ-500
Pioneer Monitor 10 II (sample 1)	Innerfidelity		Innerfidelity/over-ear/Pioneer%20Monitor%2010%20II%20(sample%201)
Pioneer Monitor 10 II (sample 2)	Innerfidelity		Innerfidelity/over-ear/Pioneer%20Monitor%2010%20II%20(sample%202)
Pioneer Monitor 10 II	Innerfidelity		Innerfidelity/over-ear/Pioneer%20Monitor%2010%20II
Pioneer Monitor 10	crinacle	GRAS 43AG-7	crinacle/GRAS%2043AG-7%20over-ear/Pioneer%20Monitor%2010
Pioneer SE-2P	crinacle	GRAS 43AG-7	crinacle/GRAS%2043AG-7%20over-ear/Pioneer%20SE-2P
Pioneer SE-A1000	Innerfidelity		Innerfidelity/over-ear/Pioneer%20SE-A1000
Pioneer SE-CX9	crinacle	711	crinacle/711%20in-ear/Pioneer%20SE-CX9
Pioneer SE-M290	Innerfidelity		Innerfidelity/over-ear/Pioneer%20SE-M290
Pioneer SE-Master1	crinacle	GRAS 43AG-7	crinacle/GRAS%2043AG-7%20over-ear/Pioneer%20SE-Master1
Pioneer SE-Master1	Innerfidelity		Innerfidelity/over-ear/Pioneer%20SE-Master1
Pioneer SE-MJ31	Innerfidelity		Innerfidelity/over-ear/Pioneer%20SE-MJ31
Plantronics 325T	oratory1990		oratory1990/over-ear/Plantronics%20325T
Plantronics BackBeat 500 (wired)	Innerfidelity		Innerfidelity/over-ear/Plantronics%20BackBeat%20500%20(wired)
Plantronics BackBeat Fit	Rtings	HMS II.3	Rtings/HMS%20II.3%20earbud/Plantronics%20BackBeat%20Fit
Plantronics BackBeat Go 600 (wired, pad swap)	Super Review		Super%20Review/over-ear/Plantronics%20BackBeat%20Go%20600%20(wired,%20pad%20swap)
Plantronics BackBeat Go 600 (wireless, pad swap)	Super Review		Super%20Review/over-ear/Plantronics%20BackBeat%20Go%20600%20(wireless,%20pad%20swap)
Plantronics BackBeat Go 600	Rtings	HMS II.3	Rtings/HMS%20II.3%20over-ear/Plantronics%20BackBeat%20Go%20600
Plantronics Backbeat Go 810	Rtings	HMS II.3	Rtings/HMS%20II.3%20over-ear/Plantronics%20Backbeat%20Go%20810
Plantronics BackBeat Pro 2	Rtings	HMS II.3	Rtings/HMS%20II.3%20over-ear/Plantronics%20BackBeat%20Pro%202
Plantronics Backbeat Pro	Rtings	HMS II.3	Rtings/HMS%20II.3%20over-ear/Plantronics%20Backbeat%20Pro
Plantronics RIG 800LX	Rtings	HMS II.3	Rtings/HMS%20II.3%20over-ear/Plantronics%20RIG%20800LX
Plantronics Voyager 3200	Rtings	HMS II.3	Rtings/HMS%20II.3%20earbud/Plantronics%20Voyager%203200
Plantronics Voyager 5200	Rtings	HMS II.3	Rtings/HMS%20II.3%20earbud/Plantronics%20Voyager%205200
Plantronics Voyager Legend	Rtings	HMS II.3	Rtings/HMS%20II.3%20earbud/Plantronics%20Voyager%20Legend
Ploopy Ploopy Headphones	oratory1990		oratory1990/over-ear/Ploopy%20Ploopy%20Headphones
Plugged Crown	Innerfidelity		Innerfidelity/over-ear/Plugged%20Crown
Plunge Audio Unity IEM	Jaytiss		Jaytiss/in-ear/Plunge%20Audio%20Unity%20IEM
Plunge Audio Unity IEM	ToneDeafMonk		ToneDeafMonk/in-ear/Plunge%20Audio%20Unity%20IEM
PlusSound Sonora	freeryder05		freeryder05/in-ear/PlusSound%20Sonora
PlusSound Sonora	Jaytiss		Jaytiss/in-ear/PlusSound%20Sonora
PlusSound Volta	freeryder05		freeryder05/in-ear/PlusSound%20Volta
PlusSound Volta	Jaytiss		Jaytiss/in-ear/PlusSound%20Volta
PMG Audio Apx SE	Super Review		Super%20Review/in-ear/PMG%20Audio%20Apx%20SE
PNY Midtown	Innerfidelity		Innerfidelity/in-ear/PNY%20Midtown
PNY Uptown	Innerfidelity		Innerfidelity/in-ear/PNY%20Uptown
Polk Audio Buckle	Innerfidelity		Innerfidelity/over-ear/Polk%20Audio%20Buckle
Polk Audio Buckle	Rtings	HMS II.3	Rtings/HMS%20II.3%20over-ear/Polk%20Audio%20Buckle
Polk Audio Hinge	Innerfidelity		Innerfidelity/over-ear/Polk%20Audio%20Hinge
Polk Audio Melee	Innerfidelity		Innerfidelity/over-ear/Polk%20Audio%20Melee
Polk Audio UltraFit 1000	Headphone.com Legacy		Headphone.com%20Legacy/earbud/Polk%20Audio%20UltraFit%201000
Polk Audio UltraFit 1000	Innerfidelity		Innerfidelity/earbud/Polk%20Audio%20UltraFit%201000
Polk Audio UltraFit 2000 (sample A)	Headphone.com Legacy		Headphone.com%20Legacy/over-ear/Polk%20Audio%20UltraFit%202000%20(sample%20A)
Polk Audio UltraFit 2000 (sample A)	Innerfidelity		Innerfidelity/over-ear/Polk%20Audio%20UltraFit%202000%20(sample%20A)
Polk Audio UltraFit 2000 (sample B)	Headphone.com Legacy		Headphone.com%20Legacy/over-ear/Polk%20Audio%20UltraFit%202000%20(sample%20B)
Polk Audio UltraFit 2000 (sample B)	Innerfidelity		Innerfidelity/over-ear/Polk%20Audio%20UltraFit%202000%20(sample%20B)
Polk Audio UltraFit 2000	Headphone.com Legacy		Headphone.com%20Legacy/over-ear/Polk%20Audio%20UltraFit%202000
Polk Audio UltraFit 2000	Innerfidelity		Innerfidelity/over-ear/Polk%20Audio%20UltraFit%202000
Polk Audio UltraFit 300	Innerfidelity		Innerfidelity/in-ear/Polk%20Audio%20UltraFit%20300
Polk Audio UltraFit 3000 (sample A)	Headphone.com Legacy		Headphone.com%20Legacy/in-ear/Polk%20Audio%20UltraFit%203000%20(sample%20A)
Polk Audio UltraFit 3000 (sample B)	Headphone.com Legacy		Headphone.com%20Legacy/in-ear/Polk%20Audio%20UltraFit%203000%20(sample%20B)
Polk Audio UltraFit 3000	Headphone.com Legacy		Headphone.com%20Legacy/in-ear/Polk%20Audio%20UltraFit%203000
Polk Audio UltraFit 3000	Innerfidelity		Innerfidelity/in-ear/Polk%20Audio%20UltraFit%203000
Polk Audio UltraFit 500 (sample 1)	Headphone.com Legacy		Headphone.com%20Legacy/earbud/Polk%20Audio%20UltraFit%20500%20(sample%201)
Polk Audio UltraFit 500 (sample 2)	Headphone.com Legacy		Headphone.com%20Legacy/earbud/Polk%20Audio%20UltraFit%20500%20(sample%202)
Polk Audio UltraFit 500	Headphone.com Legacy		Headphone.com%20Legacy/earbud/Polk%20Audio%20UltraFit%20500
Polk Audio UltraFit 500	Innerfidelity		Innerfidelity/earbud/Polk%20Audio%20UltraFit%20500
Polk Audio UltraFocus 8000 NC	Headphone.com Legacy		Headphone.com%20Legacy/over-ear/Polk%20Audio%20UltraFocus%208000%20NC
Polk Audio UltraFocus 8000	Innerfidelity		Innerfidelity/over-ear/Polk%20Audio%20UltraFocus%208000
Polk Audio UltraFocus 8000	Rtings	HMS II.3	Rtings/HMS%20II.3%20over-ear/Polk%20Audio%20UltraFocus%208000
PopClik EVOLO	Innerfidelity		Innerfidelity/in-ear/PopClik%20EVOLO
PopClik String	Innerfidelity		Innerfidelity/in-ear/PopClik%20String
Precide ERGO 2	crinacle	GRAS 43AG-7	crinacle/GRAS%2043AG-7%20over-ear/Precide%20ERGO%202
Prisma Audio Azul (AZLA Sedna eartips)	Super Review		Super%20Review/in-ear/Prisma%20Audio%20Azul%20(AZLA%20Sedna%20eartips)
Prisma Audio Azul (Final Audio Type E eartips)	Super Review		Super%20Review/in-ear/Prisma%20Audio%20Azul%20(Final%20Audio%20Type%20E%20eartips)
Prisma Audio Azul (JVC Spiral Dot eartips)	Super Review		Super%20Review/in-ear/Prisma%20Audio%20Azul%20(JVC%20Spiral%20Dot%20eartips)
Prisma Audio Azul (SpinFit eartips)	Super Review		Super%20Review/in-ear/Prisma%20Audio%20Azul%20(SpinFit%20eartips)
Prisma Audio Azul	crinacle	711	crinacle/711%20in-ear/Prisma%20Audio%20Azul
Prisma Audio Azul	crinacle	Bruel & Kjaer 4620	crinacle/Bruel%20&%20Kjaer%204620%20in-ear/Prisma%20Audio%20Azul
Prisma Audio Azul	Jaytiss		Jaytiss/in-ear/Prisma%20Audio%20Azul
Prisma Audio Azul	Super Review		Super%20Review/in-ear/Prisma%20Audio%20Azul
PSB M4U 1	Innerfidelity		Innerfidelity/over-ear/PSB%20M4U%201
PSB M4U 2 (passive)	Innerfidelity		Innerfidelity/over-ear/PSB%20M4U%202%20(passive)
PSB M4U 2	Innerfidelity		Innerfidelity/over-ear/PSB%20M4U%202
PSB M4U 4	Innerfidelity		Innerfidelity/in-ear/PSB%20M4U%204
PSB M4U 8 (wired, passive)	Innerfidelity		Innerfidelity/over-ear/PSB%20M4U%208%20(wired,%20passive)
PSB M4U 8	oratory1990		oratory1990/over-ear/PSB%20M4U%208
PULA Anvil 114	Jaytiss		Jaytiss/in-ear/PULA%20Anvil%20114
PULA Anvil 114	Super Review		Super%20Review/in-ear/PULA%20Anvil%20114
PULA Anvil 114	ToneDeafMonk		ToneDeafMonk/in-ear/PULA%20Anvil%20114
PULA PA01	ToneDeafMonk		ToneDeafMonk/in-ear/PULA%20PA01
PULA PA02	Harpo		Harpo/in-ear/PULA%20PA02
PULA PA02	Jaytiss		Jaytiss/in-ear/PULA%20PA02
PULA PA02	ToneDeafMonk		ToneDeafMonk/in-ear/PULA%20PA02
Pump Audio Earphones	Innerfidelity		Innerfidelity/in-ear/Pump%20Audio%20Earphones
Punch Audio Martilo	Jaytiss		Jaytiss/in-ear/Punch%20Audio%20Martilo
Punch Audio Martilo	ToneDeafMonk		ToneDeafMonk/in-ear/Punch%20Audio%20Martilo
PureSound Clarity One	Innerfidelity		Innerfidelity/in-ear/PureSound%20Clarity%20One
Puro JuniorJams	Rtings	HMS II.3	Rtings/HMS%20II.3%20over-ear/Puro%20JuniorJams
QCY Crossky C30	Regan Cipher		Regan%20Cipher/earbud/QCY%20Crossky%20C30
QCY G1	Regan Cipher		Regan%20Cipher/in-ear/QCY%20G1
QCY H3 (ANC on)	Regan Cipher		Regan%20Cipher/over-ear/QCY%20H3%20(ANC%20on)
QCY H3 Pro (ANC off)	Regan Cipher		Regan%20Cipher/over-ear/QCY%20H3%20Pro%20(ANC%20off)
QCY H3 Pro (ANC on)	Regan Cipher		Regan%20Cipher/over-ear/QCY%20H3%20Pro%20(ANC%20on)
QCY H3	Regan Cipher		Regan%20Cipher/over-ear/QCY%20H3
QCY HT05 Melobuds (ANC off)	Regan Cipher		Regan%20Cipher/in-ear/QCY%20HT05%20Melobuds%20(ANC%20off)
QCY HT05 Melobuds (ANC on)	Regan Cipher		Regan%20Cipher/in-ear/QCY%20HT05%20Melobuds%20(ANC%20on)
QCY HT05 Melobuds	Regan Cipher		Regan%20Cipher/in-ear/QCY%20HT05%20Melobuds
QCY HT07 Arcbuds	Regan Cipher		Regan%20Cipher/in-ear/QCY%20HT07%20Arcbuds
QCY HT10 AilyBuds Pro+ (ANC off)	Regan Cipher		Regan%20Cipher/in-ear/QCY%20HT10%20AilyBuds%20Pro+%20(ANC%20off)
QCY HT10 AilyBuds Pro+ (ANC on)	Regan Cipher		Regan%20Cipher/in-ear/QCY%20HT10%20AilyBuds%20Pro+%20(ANC%20on)
QCY Melobuds Pro (ANC off)	Regan Cipher		Regan%20Cipher/in-ear/QCY%20Melobuds%20Pro%20(ANC%20off)
QCY Melobuds Pro (ANC on)	Regan Cipher		Regan%20Cipher/in-ear/QCY%20Melobuds%20Pro%20(ANC%20on)
QCY MeloBuds Pro	DHRME		DHRME/in-ear/QCY%20MeloBuds%20Pro
QCY T12 ANC2	Filk		Filk/in-ear/QCY%20T12%20ANC2
QCY T13 ANC2 (ANC on)	Filk		Filk/in-ear/QCY%20T13%20ANC2%20(ANC%20on)
QCY T13	Regan Cipher		Regan%20Cipher/in-ear/QCY%20T13
QCY T16	Regan Cipher		Regan%20Cipher/in-ear/QCY%20T16
QCY T17	Regan Cipher		Regan%20Cipher/in-ear/QCY%20T17
QCY T18	Harpo		Harpo/in-ear/QCY%20T18
QCY T18	Regan Cipher		Regan%20Cipher/in-ear/QCY%20T18
QCY T20	Regan Cipher		Regan%20Cipher/in-ear/QCY%20T20
QCY T5	crinacle	711	crinacle/711%20in-ear/QCY%20T5
QCY T5	crinacle	Bruel & Kjaer 4620	crinacle/Bruel%20&%20Kjaer%204620%20in-ear/QCY%20T5
qdc 3SH	crinacle	711	crinacle/711%20in-ear/qdc%203SH
qdc 4SS	crinacle	711	crinacle/711%20in-ear/qdc%204SS
qdc 5SH	crinacle	711	crinacle/711%20in-ear/qdc%205SH
qdc 8CL (CIEM)	crinacle	711	crinacle/711%20in-ear/qdc%208CL%20(CIEM)
qdc 8SH	crinacle	711	crinacle/711%20in-ear/qdc%208SH
qdc 8SL	crinacle	711	crinacle/711%20in-ear/qdc%208SL
qdc 8SS	crinacle	711	crinacle/711%20in-ear/qdc%208SS
qdc Anole V14 (off-off-off-off)	crinacle	711	crinacle/711%20in-ear/qdc%20Anole%20V14%20(off-off-off-off)
qdc Anole V14 (off-off-off-off)	Super Review		Super%20Review/in-ear/qdc%20Anole%20V14%20(off-off-off-off)
qdc Anole V14 (off-off-off-on)	crinacle	711	crinacle/711%20in-ear/qdc%20Anole%20V14%20(off-off-off-on)
qdc Anole V14 (off-off-off-on)	Super Review		Super%20Review/in-ear/qdc%20Anole%20V14%20(off-off-off-on)
qdc Anole V14 (off-off-on-off)	crinacle	711	crinacle/711%20in-ear/qdc%20Anole%20V14%20(off-off-on-off)
qdc Anole V14 (off-off-on-off)	Super Review		Super%20Review/in-ear/qdc%20Anole%20V14%20(off-off-on-off)
qdc Anole V14 (off-on-off-off)	crinacle	711	crinacle/711%20in-ear/qdc%20Anole%20V14%20(off-on-off-off)
qdc Anole V14 (off-on-off-off)	Super Review		Super%20Review/in-ear/qdc%20Anole%20V14%20(off-on-off-off)
qdc Anole V14 (on-off-off-off)	crinacle	711	crinacle/711%20in-ear/qdc%20Anole%20V14%20(on-off-off-off)
qdc Anole V14 (on-off-off-off)	Super Review		Super%20Review/in-ear/qdc%20Anole%20V14%20(on-off-off-off)
qdc Anole V14 (on-on-on-on)	crinacle	711	crinacle/711%20in-ear/qdc%20Anole%20V14%20(on-on-on-on)
qdc Anole V3 (bass)	crinacle	711	crinacle/711%20in-ear/qdc%20Anole%20V3%20(bass)
qdc Anole V3 (bass, treble)	crinacle	711	crinacle/711%20in-ear/qdc%20Anole%20V3%20(bass,%20treble)
qdc Anole V3 (treble)	crinacle	711	crinacle/711%20in-ear/qdc%20Anole%20V3%20(treble)
qdc Anole V3	crinacle	711	crinacle/711%20in-ear/qdc%20Anole%20V3
qdc Anole V6 (bass)	crinacle	711	crinacle/711%20in-ear/qdc%20Anole%20V6%20(bass)
qdc Anole V6 (bass, mids)	crinacle	711	crinacle/711%20in-ear/qdc%20Anole%20V6%20(bass,%20mids)
qdc Anole V6 (mids)	crinacle	711	crinacle/711%20in-ear/qdc%20Anole%20V6%20(mids)
qdc Anole V6	crinacle	711	crinacle/711%20in-ear/qdc%20Anole%20V6
qdc Anole VX (all)	crinacle	711	crinacle/711%20in-ear/qdc%20Anole%20VX%20(all)
qdc Anole VX (bass)	crinacle	711	crinacle/711%20in-ear/qdc%20Anole%20VX%20(bass)
qdc Anole VX (mids)	crinacle	711	crinacle/711%20in-ear/qdc%20Anole%20VX%20(mids)
qdc Anole VX (off-off-off)	Super Review		Super%20Review/in-ear/qdc%20Anole%20VX%20(off-off-off)
qdc Anole VX (off-off-on)	Super Review		Super%20Review/in-ear/qdc%20Anole%20VX%20(off-off-on)
qdc Anole VX (off-on-off)	Super Review		Super%20Review/in-ear/qdc%20Anole%20VX%20(off-on-off)
qdc Anole VX (on-off-off)	Super Review		Super%20Review/in-ear/qdc%20Anole%20VX%20(on-off-off)
qdc Anole VX (treble)	crinacle	711	crinacle/711%20in-ear/qdc%20Anole%20VX%20(treble)
qdc Anole VX	crinacle	711	crinacle/711%20in-ear/qdc%20Anole%20VX
qdc Dmagic	crinacle	711	crinacle/711%20in-ear/qdc%20Dmagic
qdc Gemini (bass)	crinacle	711	crinacle/711%20in-ear/qdc%20Gemini%20(bass)
qdc Gemini	crinacle	711	crinacle/711%20in-ear/qdc%20Gemini
qdc Neptune	crinacle	711	crinacle/711%20in-ear/qdc%20Neptune
qdc Neptune	Super Review		Super%20Review/in-ear/qdc%20Neptune
qdc Tiger	crinacle	711	crinacle/711%20in-ear/qdc%20Tiger
qdc Uranus	crinacle	711	crinacle/711%20in-ear/qdc%20Uranus
qdc Uranus	Super Review		Super%20Review/in-ear/qdc%20Uranus
QianYun Qian39	kr0mka		kr0mka/earbud/QianYun%20Qian39
QKZ AK6	crinacle	711	crinacle/711%20in-ear/QKZ%20AK6
QKZ VK4 (pre-revision)	crinacle	711	crinacle/711%20in-ear/QKZ%20VK4%20(pre-revision)
QKZ VK4 (revised)	crinacle	711	crinacle/711%20in-ear/QKZ%20VK4%20(revised)
QKZ VK4	oratory1990		oratory1990/in-ear/QKZ%20VK4
QKZ x HBB Hades	Hi End Portable		Hi%20End%20Portable/in-ear/QKZ%20x%20HBB%20Hades
QKZ x HBB Hades	Super Review		Super%20Review/in-ear/QKZ%20x%20HBB%20Hades
QKZ x HBB Khan	Harpo		Harpo/in-ear/QKZ%20x%20HBB%20Khan
QKZ x HBB Khan	Hi End Portable		Hi%20End%20Portable/in-ear/QKZ%20x%20HBB%20Khan
QKZ x HBB Khan	ToneDeafMonk		ToneDeafMonk/in-ear/QKZ%20x%20HBB%20Khan
QKZ x HBB	crinacle	711	crinacle/711%20in-ear/QKZ%20x%20HBB
QKZ x HBB	Super Review		Super%20Review/in-ear/QKZ%20x%20HBB
QKZ ZXD	crinacle	711	crinacle/711%20in-ear/QKZ%20ZXD
QKZ ZXD	crinacle	Bruel & Kjaer 4620	crinacle/Bruel%20&%20Kjaer%204620%20in-ear/QKZ%20ZXD
QKZ ZXD	Harpo		Harpo/in-ear/QKZ%20ZXD
QKZ ZXN	crinacle	711	crinacle/711%20in-ear/QKZ%20ZXN
QKZ ZXN	crinacle	Bruel & Kjaer 4620	crinacle/Bruel%20&%20Kjaer%204620%20in-ear/QKZ%20ZXN
QUAD ERA-1 (angled leather earpads)	Kuulokenurkka		Kuulokenurkka/over-ear/QUAD%20ERA-1%20(angled%20leather%20earpads)
QUAD ERA-1 (hybrid earpads)	Kuulokenurkka		Kuulokenurkka/over-ear/QUAD%20ERA-1%20(hybrid%20earpads)
QUAD Era-1	crinacle	GRAS 43AG-7	crinacle/GRAS%2043AG-7%20over-ear/QUAD%20Era-1
QUAD Era-1	Kuulokenurkka		Kuulokenurkka/over-ear/QUAD%20Era-1
QUAD Era-1	oratory1990		oratory1990/over-ear/QUAD%20Era-1
Qudelix Qx-over	crinacle	711	crinacle/711%20in-ear/Qudelix%20Qx-over
Qudelix Qx-over	oratory1990		oratory1990/in-ear/Qudelix%20Qx-over
Queen of Audio Adonis	crinacle	711	crinacle/711%20in-ear/Queen%20of%20Audio%20Adonis
Queen of Audio Adonix New	Fahryst		Fahryst/in-ear/Queen%20of%20Audio%20Adonix%20New
Queen of Audio Aviation	ToneDeafMonk		ToneDeafMonk/in-ear/Queen%20of%20Audio%20Aviation
Queen of Audio Gimlet	Fahryst		Fahryst/in-ear/Queen%20of%20Audio%20Gimlet
Queen of Audio Mimosa	Kazi		Kazi/in-ear/Queen%20of%20Audio%20Mimosa
Queen of Audio Mimosa	ToneDeafMonk		ToneDeafMonk/in-ear/Queen%20of%20Audio%20Mimosa
Queen of Audio Mojito	crinacle	711	crinacle/711%20in-ear/Queen%20of%20Audio%20Mojito
Queen of Audio Pink Lady	crinacle	711	crinacle/711%20in-ear/Queen%20of%20Audio%20Pink%20Lady
Queen of Audio QM50	crinacle	711	crinacle/711%20in-ear/Queen%20of%20Audio%20QM50
Queen of Audio Vesper	crinacle	711	crinacle/711%20in-ear/Queen%20of%20Audio%20Vesper
Questyle NHB12	HypetheSonics	GRAS RA0045	HypetheSonics/GRAS%20RA0045%20in-ear/Questyle%20NHB12
RAAL CA1a (open earpads)	oratory1990		oratory1990/over-ear/RAAL%20CA1a%20(open%20earpads)
RAAL SR1a (ear contact, OBC off)	Kuulokenurkka		Kuulokenurkka/over-ear/RAAL%20SR1a%20(ear%20contact,%20OBC%20off)
RAAL SR1a (ear contact, OBC on)	Kuulokenurkka		Kuulokenurkka/over-ear/RAAL%20SR1a%20(ear%20contact,%20OBC%20on)
RAAL SR1a (no ear contact)	crinacle	GRAS 43AG-7	crinacle/GRAS%2043AG-7%20over-ear/RAAL%20SR1a%20(no%20ear%20contact)
RAAL SR1a (no ear contact, OBC off)	Kuulokenurkka		Kuulokenurkka/over-ear/RAAL%20SR1a%20(no%20ear%20contact,%20OBC%20off)
RAAL SR1a (no ear contact, OBC on)	Kuulokenurkka		Kuulokenurkka/over-ear/RAAL%20SR1a%20(no%20ear%20contact,%20OBC%20on)
RAAL SR1a	crinacle	GRAS 43AG-7	crinacle/GRAS%2043AG-7%20over-ear/RAAL%20SR1a
RAAL SR1a	oratory1990		oratory1990/over-ear/RAAL%20SR1a
Radius HP-NEF11	Super Review		Super%20Review/in-ear/Radius%20HP-NEF11
Radius HP-NHA11	Innerfidelity		Innerfidelity/in-ear/Radius%20HP-NHA11
Radius HP-NHR11	Innerfidelity		Innerfidelity/in-ear/Radius%20HP-NHR11
Radius HP-NHR11	Kazi		Kazi/in-ear/Radius%20HP-NHR11
Radius HP-TWF31	Innerfidelity		Innerfidelity/in-ear/Radius%20HP-TWF31
Radius HP-TWF41	crinacle	711	crinacle/711%20in-ear/Radius%20HP-TWF41
Radius HP-TWF41	Innerfidelity		Innerfidelity/in-ear/Radius%20HP-TWF41
Raptgo Hook	Super Review		Super%20Review/in-ear/Raptgo%20Hook
Raptgo Hook-X	crinacle	711	crinacle/711%20in-ear/Raptgo%20Hook-X
Raptgo Hook-X	oratory1990		oratory1990/in-ear/Raptgo%20Hook-X
Raptgo Leaf D01	crinacle	711	crinacle/711%20in-ear/Raptgo%20Leaf%20D01
Raycon E100	Rtings	HMS II.3	Rtings/HMS%20II.3%20in-ear/Raycon%20E100
Raycon E25	crinacle	711	crinacle/711%20in-ear/Raycon%20E25
Raycon E25	Rtings	HMS II.3	Rtings/HMS%20II.3%20in-ear/Raycon%20E25
Raycon E50	Rtings	HMS II.3	Rtings/HMS%20II.3%20in-ear/Raycon%20E50
Raycon E55	Rtings	HMS II.3	Rtings/HMS%20II.3%20in-ear/Raycon%20E55
Raycon The Fitness Earbuds (2021 Edition)	Rtings	HMS II.3	Rtings/HMS%20II.3%20in-ear/Raycon%20The%20Fitness%20Earbuds%20(2021%20Edition)
Razer Barracuda Pro	Rtings	HMS II.3	Rtings/HMS%20II.3%20over-ear/Razer%20Barracuda%20Pro
Razer Barracuda X (2021)	Rtings	HMS II.3	Rtings/HMS%20II.3%20over-ear/Razer%20Barracuda%20X%20(2021)
Razer Barracuda X (2022)	Filk		Filk/over-ear/Razer%20Barracuda%20X%20(2022)
Razer Barracuda X	crinacle	GRAS 43AG-7	crinacle/GRAS%2043AG-7%20over-ear/Razer%20Barracuda%20X
Razer Barracuda	Rtings	HMS II.3	Rtings/HMS%20II.3%20over-ear/Razer%20Barracuda
Razer BlackShark V2 HyperSpeed	Rtings	Bruel & Kjaer 5128	Rtings/Bruel%20&%20Kjaer%205128%20over-ear/Razer%20BlackShark%20V2%20HyperSpeed
Razer BlackShark V2 Pro 2023	Rtings	HMS II.3	Rtings/HMS%20II.3%20over-ear/Razer%20BlackShark%20V2%20Pro%202023
Razer BlackShark V2 Pro	crinacle	GRAS 43AG-7	crinacle/GRAS%2043AG-7%20over-ear/Razer%20BlackShark%20V2%20Pro
Razer BlackShark V2 Pro	Rtings	HMS II.3	Rtings/HMS%20II.3%20over-ear/Razer%20BlackShark%20V2%20Pro
Razer BlackShark V2 X	crinacle	GRAS 43AG-7	crinacle/GRAS%2043AG-7%20over-ear/Razer%20BlackShark%20V2%20X
Razer BlackShark V2 X	Rtings	HMS II.3	Rtings/HMS%20II.3%20over-ear/Razer%20BlackShark%20V2%20X
Razer BlackShark V2	Filk		Filk/over-ear/Razer%20BlackShark%20V2
Razer BlackShark V2	Rtings	HMS II.3	Rtings/HMS%20II.3%20over-ear/Razer%20BlackShark%20V2
Razer Hammerhead Pro HyperSpeed	Rtings	HMS II.3	Rtings/HMS%20II.3%20in-ear/Razer%20Hammerhead%20Pro%20HyperSpeed
Razer Hammerhead True Wireless (2019)	Rtings	HMS II.3	Rtings/HMS%20II.3%20in-ear/Razer%20Hammerhead%20True%20Wireless%20(2019)
Razer Hammerhead True Wireless (2021)	Rtings	HMS II.3	Rtings/HMS%20II.3%20in-ear/Razer%20Hammerhead%20True%20Wireless%20(2021)
Razer Hammerhead True Wireless Pro	Rtings	HMS II.3	Rtings/HMS%20II.3%20in-ear/Razer%20Hammerhead%20True%20Wireless%20Pro
Razer Hammerhead USB-C ANC	Rtings	HMS II.3	Rtings/HMS%20II.3%20in-ear/Razer%20Hammerhead%20USB-C%20ANC
Razer Kaira Pro	Rtings	HMS II.3	Rtings/HMS%20II.3%20over-ear/Razer%20Kaira%20Pro
Razer Kaira X	Rtings	HMS II.3	Rtings/HMS%20II.3%20over-ear/Razer%20Kaira%20X
Razer Kraken Pro V2	Rtings	HMS II.3	Rtings/HMS%20II.3%20over-ear/Razer%20Kraken%20Pro%20V2
Razer Kraken Tournament Edition	Rtings	HMS II.3	Rtings/HMS%20II.3%20over-ear/Razer%20Kraken%20Tournament%20Edition
Razer Kraken Ultimate	Rtings	HMS II.3	Rtings/HMS%20II.3%20over-ear/Razer%20Kraken%20Ultimate
Razer Kraken USB	Rtings	HMS II.3	Rtings/HMS%20II.3%20over-ear/Razer%20Kraken%20USB
Razer Kraken V3 HyperSense	Rtings	HMS II.3	Rtings/HMS%20II.3%20over-ear/Razer%20Kraken%20V3%20HyperSense
Razer Kraken V3 Pro	crinacle	GRAS 43AG-7	crinacle/GRAS%2043AG-7%20over-ear/Razer%20Kraken%20V3%20Pro
Razer Kraken V3 Pro	Filk		Filk/over-ear/Razer%20Kraken%20V3%20Pro
Razer Kraken V3 Pro	Rtings	HMS II.3	Rtings/HMS%20II.3%20over-ear/Razer%20Kraken%20V3%20Pro
Razer Kraken V3 X	Rtings	HMS II.3	Rtings/HMS%20II.3%20over-ear/Razer%20Kraken%20V3%20X
Razer Kraken V3	Rtings	HMS II.3	Rtings/HMS%20II.3%20over-ear/Razer%20Kraken%20V3
Razer Kraken X	Rtings	HMS II.3	Rtings/HMS%20II.3%20over-ear/Razer%20Kraken%20X
Razer Man O'War	Rtings	HMS II.3	Rtings/HMS%20II.3%20over-ear/Razer%20Man%20O'War
Razer Moray	crinacle	Bruel & Kjaer 4620	crinacle/Bruel%20&%20Kjaer%204620%20in-ear/Razer%20Moray
Razer Moray	Rtings	HMS II.3	Rtings/HMS%20II.3%20in-ear/Razer%20Moray
Razer Nari Ultimate	Rtings	HMS II.3	Rtings/HMS%20II.3%20over-ear/Razer%20Nari%20Ultimate
Razer Opus 2020 (ANC off)	Filk		Filk/over-ear/Razer%20Opus%202020%20(ANC%20off)
Razer Opus 2020 (ANC on)	Filk		Filk/over-ear/Razer%20Opus%202020%20(ANC%20on)
Razer Opus 2020 (passive)	Filk		Filk/over-ear/Razer%20Opus%202020%20(passive)
Razer Opus 2020	Rtings	HMS II.3	Rtings/HMS%20II.3%20over-ear/Razer%20Opus%202020
Razer Opus 2021	Rtings	HMS II.3	Rtings/HMS%20II.3%20over-ear/Razer%20Opus%202021
Razer Opus X	Rtings	HMS II.3	Rtings/HMS%20II.3%20over-ear/Razer%20Opus%20X
RBH EP1	Innerfidelity		Innerfidelity/in-ear/RBH%20EP1
RBH EP2	HypetheSonics	Bruel & Kjaer 5128	HypetheSonics/Bruel%20&%20Kjaer%205128%20in-ear/RBH%20EP2
RBH EP3	Innerfidelity		Innerfidelity/in-ear/RBH%20EP3
realme Buds Air 3S	Regan Cipher		Regan%20Cipher/in-ear/realme%20Buds%20Air%203S
realme Buds Air 5 Pro (ANC on)	Regan Cipher		Regan%20Cipher/in-ear/realme%20Buds%20Air%205%20Pro%20(ANC%20on)
realme Buds Air 5 Pro (original sound effect mode)	Harpo		Harpo/in-ear/realme%20Buds%20Air%205%20Pro%20(original%20sound%20effect%20mode)
realme Buds Air 5 Pro	Filk		Filk/in-ear/realme%20Buds%20Air%205%20Pro
realme Buds Air 5 Pro	Regan Cipher		Regan%20Cipher/in-ear/realme%20Buds%20Air%205%20Pro
realme Buds Air 6 Pro (ANC on)	Regan Cipher		Regan%20Cipher/in-ear/realme%20Buds%20Air%206%20Pro%20(ANC%20on)
realme Buds Air 7 Pro (ANC off)	Regan Cipher		Regan%20Cipher/in-ear/realme%20Buds%20Air%207%20Pro%20(ANC%20off)
realme Buds Air 7 Pro (ANC on)	Regan Cipher		Regan%20Cipher/in-ear/realme%20Buds%20Air%207%20Pro%20(ANC%20on)
realme Buds Air6 Pro (Nature Balance eq)	DHRME		DHRME/in-ear/realme%20Buds%20Air6%20Pro%20(Nature%20Balance%20eq)
realme Buds Air6 Pro	Filk		Filk/in-ear/realme%20Buds%20Air6%20Pro
Redmi Buds 6 Pro (ANC off)	Regan Cipher		Regan%20Cipher/in-ear/Redmi%20Buds%206%20Pro%20(ANC%20off)
Redmi Buds 6 Pro (ANC on)	Regan Cipher		Regan%20Cipher/in-ear/Redmi%20Buds%206%20Pro%20(ANC%20on)
Redmi Buds 6 Pro (Transparency)	Regan Cipher		Regan%20Cipher/in-ear/Redmi%20Buds%206%20Pro%20(Transparency)
Redragon Arrow H858	Filk		Filk/over-ear/Redragon%20Arrow%20H858
Redragon Diomedes H386	Filk		Filk/over-ear/Redragon%20Diomedes%20H386
Redragon H510 Zeus Pro	Filk		Filk/over-ear/Redragon%20H510%20Zeus%20Pro
Redragon H510 Zeus-X	Filk		Filk/over-ear/Redragon%20H510%20Zeus-X
Redragon H848 IRE PRO	Filk		Filk/over-ear/Redragon%20H848%20IRE%20PRO
Reecho SG-01 OVA	Hi End Portable		Hi%20End%20Portable/in-ear/Reecho%20SG-01%20OVA
Reecho SG-01	Hi End Portable		Hi%20End%20Portable/in-ear/Reecho%20SG-01
Reecho SG-03	Hi End Portable		Hi%20End%20Portable/in-ear/Reecho%20SG-03
Reecho Summer	kr0mka		kr0mka/in-ear/Reecho%20Summer
RevoNext QT2	Hi End Portable		Hi%20End%20Portable/in-ear/RevoNext%20QT2
RevoNext RH-213 Plus	ToneDeafMonk		ToneDeafMonk/in-ear/RevoNext%20RH-213%20Plus
RHA CL1	crinacle	711	crinacle/711%20in-ear/RHA%20CL1
RHA CL2	crinacle	711	crinacle/711%20in-ear/RHA%20CL2
RHA CL2	HypetheSonics	GRAS RA0045	HypetheSonics/GRAS%20RA0045%20in-ear/RHA%20CL2
RHA CL750	crinacle	711	crinacle/711%20in-ear/RHA%20CL750
RHA MA-350	Innerfidelity		Innerfidelity/in-ear/RHA%20MA-350
RHA MA450i	Innerfidelity		Innerfidelity/in-ear/RHA%20MA450i
RHA MA600	Innerfidelity		Innerfidelity/in-ear/RHA%20MA600
RHA MA750	crinacle	711	crinacle/711%20in-ear/RHA%20MA750
RHA MA750	Innerfidelity		Innerfidelity/in-ear/RHA%20MA750
RHA S500i	Innerfidelity		Innerfidelity/in-ear/RHA%20S500i
RHA SA-850	Innerfidelity		Innerfidelity/over-ear/RHA%20SA-850
RHA SA950i	Innerfidelity		Innerfidelity/over-ear/RHA%20SA950i
RHA T10i (bass filter)	Innerfidelity		Innerfidelity/in-ear/RHA%20T10i%20(bass%20filter)
RHA T10i (reference filter)	Innerfidelity		Innerfidelity/in-ear/RHA%20T10i%20(reference%20filter)
RHA T10i (treble filter)	Innerfidelity		Innerfidelity/in-ear/RHA%20T10i%20(treble%20filter)
RHA T20 (bass filter)	Innerfidelity		Innerfidelity/in-ear/RHA%20T20%20(bass%20filter)
RHA T20 (reference filter)	Innerfidelity		Innerfidelity/in-ear/RHA%20T20%20(reference%20filter)
RHA T20 (treble filter)	Innerfidelity		Innerfidelity/in-ear/RHA%20T20%20(treble%20filter)
RHA T20i	crinacle	711	crinacle/711%20in-ear/RHA%20T20i
RHA TrueConnect	crinacle	711	crinacle/711%20in-ear/RHA%20TrueConnect
RHA TrueConnect	Rtings	HMS II.3	Rtings/HMS%20II.3%20in-ear/RHA%20TrueConnect
Rhapsodio Clipper	crinacle	711	crinacle/711%20in-ear/Rhapsodio%20Clipper
Rhapsodio Infinity Mk1	crinacle	711	crinacle/711%20in-ear/Rhapsodio%20Infinity%20Mk1
Rhapsodio Infinity Mk2	crinacle	711	crinacle/711%20in-ear/Rhapsodio%20Infinity%20Mk2
Rhapsodio Return	Jaytiss		Jaytiss/in-ear/Rhapsodio%20Return
Rikubuds Alter Rider 3	Super Review		Super%20Review/earbud/Rikubuds%20Alter%20Rider%203
Ritmix RH-508	oratory1990		oratory1990/over-ear/Ritmix%20RH-508
ROCCAT Elo 7.1 Air	Rtings	HMS II.3	Rtings/HMS%20II.3%20over-ear/ROCCAT%20Elo%207.1%20Air
ROCCAT Syn Pro Air	Rtings	HMS II.3	Rtings/HMS%20II.3%20over-ear/ROCCAT%20Syn%20Pro%20Air
Rock Jaw Alpha Genus (black filter)	Innerfidelity		Innerfidelity/in-ear/Rock%20Jaw%20Alpha%20Genus%20(black%20filter)
Rock Jaw Alpha Genus (silver filters)	Innerfidelity		Innerfidelity/in-ear/Rock%20Jaw%20Alpha%20Genus%20(silver%20filters)
Rock Zircon	oratory1990		oratory1990/in-ear/Rock%20Zircon
RockIt Sounds R30	Innerfidelity		Innerfidelity/in-ear/RockIt%20Sounds%20R30
RockIt Sounds R50	Innerfidelity		Innerfidelity/in-ear/RockIt%20Sounds%20R50
RØDE NTH-100 (front dampening removed)	Kuulokenurkka		Kuulokenurkka/over-ear/R%C3%98DE%20NTH-100%20(front%20dampening%20removed)
RØDE NTH-100	Kuulokenurkka		Kuulokenurkka/over-ear/R%C3%98DE%20NTH-100
RØDE NTH-100	oratory1990		oratory1990/over-ear/R%C3%98DE%20NTH-100
RØDE NTH-100M	Filk		Filk/over-ear/R%C3%98DE%20NTH-100M
RØDE NTH-100M	Rtings	HMS II.3	Rtings/HMS%20II.3%20over-ear/R%C3%98DE%20NTH-100M
Rose BR5 Mk2	crinacle	711	crinacle/711%20in-ear/Rose%20BR5%20Mk2
Rose Ceramics (HiFi)	Hi End Portable		Hi%20End%20Portable/in-ear/Rose%20Ceramics%20(HiFi)
Rose Ceramics (Pop)	Hi End Portable		Hi%20End%20Portable/in-ear/Rose%20Ceramics%20(Pop)
Rose Ceramics (Rock)	Hi End Portable		Hi%20End%20Portable/in-ear/Rose%20Ceramics%20(Rock)
Rose Ceramics X (HiFi)	Hi End Portable		Hi%20End%20Portable/in-ear/Rose%20Ceramics%20X%20(HiFi)
Rose Ceramics	Hi End Portable		Hi%20End%20Portable/in-ear/Rose%20Ceramics
Rose EARFREE-i5 (HiFi)	Hi End Portable		Hi%20End%20Portable/in-ear/Rose%20EARFREE-i5%20(HiFi)
Rose Mini2 MKII 2.0	Hi End Portable		Hi%20End%20Portable/in-ear/Rose%20Mini2%20MKII%202.0
Rose Mini2	crinacle	711	crinacle/711%20in-ear/Rose%20Mini2
Rose QT9 MK2	Hi End Portable		Hi%20End%20Portable/in-ear/Rose%20QT9%20MK2
Rose QT9 MK2s	Hi End Portable		Hi%20End%20Portable/in-ear/Rose%20QT9%20MK2s
Rose QT9 MK3	Hi End Portable		Hi%20End%20Portable/in-ear/Rose%20QT9%20MK3
Rose QuietSea	Hi End Portable		Hi%20End%20Portable/in-ear/Rose%20QuietSea
Rose Star City 5 Pro	Hi End Portable		Hi%20End%20Portable/in-ear/Rose%20Star%20City%205%20Pro
Rose Technics Aurora Ultra	Jaytiss		Jaytiss/in-ear/Rose%20Technics%20Aurora%20Ultra
Rose Technics Aurora Ultra	ToneDeafMonk		ToneDeafMonk/in-ear/Rose%20Technics%20Aurora%20Ultra
Rose Technics Ceramics-X (ANC off, Hifi)	Regan Cipher		Regan%20Cipher/in-ear/Rose%20Technics%20Ceramics-X%20(ANC%20off,%20Hifi)
Rose Technics Ceramics-X (ANC on, Hifi)	Regan Cipher		Regan%20Cipher/in-ear/Rose%20Technics%20Ceramics-X%20(ANC%20on,%20Hifi)
Rose Technics North Forest	Auriculares Argentina		Auriculares%20Argentina/over-ear/Rose%20Technics%20North%20Forest
Rose Technics OpenFree (ANC off, balanced)	Regan Cipher		Regan%20Cipher/in-ear/Rose%20Technics%20OpenFree%20(ANC%20off,%20balanced)
Rose Technics QuietSea	Harpo		Harpo/in-ear/Rose%20Technics%20QuietSea
Rose Technics QuietSea	Jaytiss		Jaytiss/in-ear/Rose%20Technics%20QuietSea
Rose Technics Star City 5	Jaytiss		Jaytiss/in-ear/Rose%20Technics%20Star%20City%205
Rosson Audio Design RAD-0	crinacle	GRAS 43AG-7	crinacle/GRAS%2043AG-7%20over-ear/Rosson%20Audio%20Design%20RAD-0
Rosson Audio Design RAD-0	oratory1990		oratory1990/over-ear/Rosson%20Audio%20Design%20RAD-0
RUNMUS RGB K1 Gaming Headset	Rtings	HMS II.3	Rtings/HMS%20II.3%20over-ear/RUNMUS%20RGB%20K1%20Gaming%20Headset
Sabbat E12	Rtings	HMS II.3	Rtings/HMS%20II.3%20in-ear/Sabbat%20E12
Samson SR850	Rtings	HMS II.3	Rtings/HMS%20II.3%20over-ear/Samson%20SR850
Samsung AKG EO-IG955 Type-C	Rtings	HMS II.3	Rtings/HMS%20II.3%20in-ear/Samsung%20AKG%20EO-IG955%20Type-C
Samsung AKG EO-IG955	crinacle	711	crinacle/711%20in-ear/Samsung%20AKG%20EO-IG955
Samsung AKG EO-IG955	HypetheSonics	GRAS RA0045	HypetheSonics/GRAS%20RA0045%20in-ear/Samsung%20AKG%20EO-IG955
Samsung AKG EO-IG955	oratory1990		oratory1990/in-ear/Samsung%20AKG%20EO-IG955
Samsung Earphones Tuned by AKG (2019)	Super Review		Super%20Review/in-ear/Samsung%20Earphones%20Tuned%20by%20AKG%20(2019)
Samsung Earphones Tuned by AKG	Super Review		Super%20Review/in-ear/Samsung%20Earphones%20Tuned%20by%20AKG
Samsung EO-IC100 Type-C	kr0mka		kr0mka/in-ear/Samsung%20EO-IC100%20Type-C
Samsung EO-IC500 ANC Type-C	oratory1990		oratory1990/in-ear/Samsung%20EO-IC500%20ANC%20Type-C
Samsung Galaxy Buds 3 (ANC off)	Regan Cipher		Regan%20Cipher/earbud/Samsung%20Galaxy%20Buds%203%20(ANC%20off)
Samsung Galaxy Buds 3 (ANC on)	Regan Cipher		Regan%20Cipher/earbud/Samsung%20Galaxy%20Buds%203%20(ANC%20on)
Samsung Galaxy Buds FE (ANC on, balanced)	Regan Cipher		Regan%20Cipher/in-ear/Samsung%20Galaxy%20Buds%20FE%20(ANC%20on,%20balanced)
Samsung Galaxy Buds FE	DHRME		DHRME/in-ear/Samsung%20Galaxy%20Buds%20FE
Samsung Galaxy Buds FE	Regan Cipher		Regan%20Cipher/in-ear/Samsung%20Galaxy%20Buds%20FE
Samsung Galaxy Buds FE	Rtings	Bruel & Kjaer 5128	Rtings/Bruel%20&%20Kjaer%205128%20in-ear/Samsung%20Galaxy%20Buds%20FE
Samsung Galaxy Buds Live	HypetheSonics		HypetheSonics/earbud/Samsung%20Galaxy%20Buds%20Live
Samsung Galaxy Buds Live	Regan Cipher		Regan%20Cipher/earbud/Samsung%20Galaxy%20Buds%20Live
Samsung Galaxy Buds Live	Rtings	HMS II.3	Rtings/HMS%20II.3%20earbud/Samsung%20Galaxy%20Buds%20Live
Samsung Galaxy Buds Plus	crinacle	711	crinacle/711%20in-ear/Samsung%20Galaxy%20Buds%20Plus
Samsung Galaxy Buds Plus	Rtings	HMS II.3	Rtings/HMS%20II.3%20in-ear/Samsung%20Galaxy%20Buds%20Plus
Samsung Galaxy Buds Plus	Super Review		Super%20Review/in-ear/Samsung%20Galaxy%20Buds%20Plus
Samsung Galaxy Buds Pro	crinacle	711	crinacle/711%20in-ear/Samsung%20Galaxy%20Buds%20Pro
Samsung Galaxy Buds Pro	HypetheSonics	GRAS RA0045	HypetheSonics/GRAS%20RA0045%20in-ear/Samsung%20Galaxy%20Buds%20Pro
Samsung Galaxy Buds Pro	kr0mka		kr0mka/in-ear/Samsung%20Galaxy%20Buds%20Pro
Samsung Galaxy Buds Pro	oratory1990		oratory1990/in-ear/Samsung%20Galaxy%20Buds%20Pro
Samsung Galaxy Buds Pro	RikudouGoku		RikudouGoku/in-ear/Samsung%20Galaxy%20Buds%20Pro
Samsung Galaxy Buds Pro	Rtings	HMS II.3	Rtings/HMS%20II.3%20in-ear/Samsung%20Galaxy%20Buds%20Pro
Samsung Galaxy Buds	crinacle	711	crinacle/711%20in-ear/Samsung%20Galaxy%20Buds
Samsung Galaxy Buds	oratory1990		oratory1990/in-ear/Samsung%20Galaxy%20Buds
Samsung Galaxy Buds	Rtings	HMS II.3	Rtings/HMS%20II.3%20in-ear/Samsung%20Galaxy%20Buds
Samsung Galaxy Buds2 Pro (Ambient mode)	crinacle	711	crinacle/711%20in-ear/Samsung%20Galaxy%20Buds2%20Pro%20(Ambient%20mode)
Samsung Galaxy Buds2 Pro (ANC mode)	crinacle	711	crinacle/711%20in-ear/Samsung%20Galaxy%20Buds2%20Pro%20(ANC%20mode)
Samsung Galaxy Buds2 Pro (passive mode)	crinacle	711	crinacle/711%20in-ear/Samsung%20Galaxy%20Buds2%20Pro%20(passive%20mode)
Samsung Galaxy Buds2 Pro	crinacle	711	crinacle/711%20in-ear/Samsung%20Galaxy%20Buds2%20Pro
Samsung Galaxy Buds2 Pro	HypetheSonics	GRAS RA0045	HypetheSonics/GRAS%20RA0045%20in-ear/Samsung%20Galaxy%20Buds2%20Pro
Samsung Galaxy Buds2 Pro	oratory1990		oratory1990/in-ear/Samsung%20Galaxy%20Buds2%20Pro
Samsung Galaxy Buds2 Pro	Rtings	Bruel & Kjaer 5128	Rtings/Bruel%20&%20Kjaer%205128%20in-ear/Samsung%20Galaxy%20Buds2%20Pro
Samsung Galaxy Buds2 Pro	Super Review		Super%20Review/in-ear/Samsung%20Galaxy%20Buds2%20Pro
Samsung Galaxy Buds2	crinacle	711	crinacle/711%20in-ear/Samsung%20Galaxy%20Buds2
Samsung Galaxy Buds2	Kazi		Kazi/in-ear/Samsung%20Galaxy%20Buds2
Samsung Galaxy Buds2	oratory1990		oratory1990/in-ear/Samsung%20Galaxy%20Buds2
Samsung Galaxy Buds2	Rtings	HMS II.3	Rtings/HMS%20II.3%20in-ear/Samsung%20Galaxy%20Buds2
Samsung Galaxy Buds3 Pro	DHRME		DHRME/in-ear/Samsung%20Galaxy%20Buds3%20Pro
Samsung Galaxy Buds3 Pro	Rtings	Bruel & Kjaer 5128	Rtings/Bruel%20&%20Kjaer%205128%20in-ear/Samsung%20Galaxy%20Buds3%20Pro
Samsung Galaxy Buds3	Rtings	Bruel & Kjaer 5128	Rtings/Bruel%20&%20Kjaer%205128%20in-ear/Samsung%20Galaxy%20Buds3
Samsung Gear IconX	Rtings	HMS II.3	Rtings/HMS%20II.3%20over-ear/Samsung%20Gear%20IconX
Samsung Level On Wireless	Rtings	HMS II.3	Rtings/HMS%20II.3%20over-ear/Samsung%20Level%20On%20Wireless
Samsung Level On	Innerfidelity		Innerfidelity/over-ear/Samsung%20Level%20On
Samsung Level Over Wireless	Rtings	HMS II.3	Rtings/HMS%20II.3%20over-ear/Samsung%20Level%20Over%20Wireless
Samsung Level U Pro	Rtings	HMS II.3	Rtings/HMS%20II.3%20in-ear/Samsung%20Level%20U%20Pro
Samsung U Flex	Rtings	HMS II.3	Rtings/HMS%20II.3%20in-ear/Samsung%20U%20Flex
Sansui SS10	crinacle	GRAS 43AG-7	crinacle/GRAS%2043AG-7%20over-ear/Sansui%20SS10
Sansui SS100	Innerfidelity		Innerfidelity/over-ear/Sansui%20SS100
Sansui SS35	Innerfidelity		Innerfidelity/over-ear/Sansui%20SS35
Santa Cruz Audio SC1000 (active)	Innerfidelity		Innerfidelity/in-ear/Santa%20Cruz%20Audio%20SC1000%20(active)
Santa Cruz Audio SC1000 (passive)	Innerfidelity		Innerfidelity/in-ear/Santa%20Cruz%20Audio%20SC1000%20(passive)
Sash Tres 45 (closed back, leather earpads)	oratory1990		oratory1990/over-ear/Sash%20Tres%2045%20(closed%20back,%20leather%20earpads)
Sash Tres 45 (open back, leather earpads)	oratory1990		oratory1990/over-ear/Sash%20Tres%2045%20(open%20back,%20leather%20earpads)
Sash Tres 45 (perforated leather earpads)	oratory1990		oratory1990/over-ear/Sash%20Tres%2045%20(perforated%20leather%20earpads)
Sash Tres 45 (velour earpads)	oratory1990		oratory1990/over-ear/Sash%20Tres%2045%20(velour%20earpads)
Sash Tres 45	Kuulokenurkka		Kuulokenurkka/over-ear/Sash%20Tres%2045
Sash Tres SE Exclusive (leather earpads)	Kuulokenurkka		Kuulokenurkka/over-ear/Sash%20Tres%20SE%20Exclusive%20(leather%20earpads)
Sash Tres Second Edition (closed cups, hybrid earpads)	Kuulokenurkka		Kuulokenurkka/over-ear/Sash%20Tres%20Second%20Edition%20(closed%20cups,%20hybrid%20earpads)
Sash Tres Second Edition (closed cups, leather earpads)	Kuulokenurkka		Kuulokenurkka/over-ear/Sash%20Tres%20Second%20Edition%20(closed%20cups,%20leather%20earpads)
Sash Tres Second Edition (closed cups, suede earpads)	Kuulokenurkka		Kuulokenurkka/over-ear/Sash%20Tres%20Second%20Edition%20(closed%20cups,%20suede%20earpads)
Sash Tres Second Edition (honeycomb grill)	Kuulokenurkka		Kuulokenurkka/over-ear/Sash%20Tres%20Second%20Edition%20(honeycomb%20grill)
Sash Tres Second Edition (hybrid earpads)	Kuulokenurkka		Kuulokenurkka/over-ear/Sash%20Tres%20Second%20Edition%20(hybrid%20earpads)
Sash Tres Second Edition (leather earpads)	Kuulokenurkka		Kuulokenurkka/over-ear/Sash%20Tres%20Second%20Edition%20(leather%20earpads)
Sash Tres Second Edition (S-style grill)	Kuulokenurkka		Kuulokenurkka/over-ear/Sash%20Tres%20Second%20Edition%20(S-style%20grill)
Sash Tres Second Edition (suede earpads)	Kuulokenurkka		Kuulokenurkka/over-ear/Sash%20Tres%20Second%20Edition%20(suede%20earpads)
SATOLEX Tubomi DH298-A1Bk	crinacle	711	crinacle/711%20in-ear/SATOLEX%20Tubomi%20DH298-A1Bk
SATOLEX Tubomi DH302-A1Bs	crinacle	711	crinacle/711%20in-ear/SATOLEX%20Tubomi%20DH302-A1Bs
SATOLEX Tubomi DH310-A1SS	crinacle	711	crinacle/711%20in-ear/SATOLEX%20Tubomi%20DH310-A1SS
SATOLEX Tumuri DH303-A1	crinacle	711	crinacle/711%20in-ear/SATOLEX%20Tumuri%20DH303-A1
Scosche RH1060 Bluetooth	Innerfidelity		Innerfidelity/over-ear/Scosche%20RH1060%20Bluetooth
Seahf AWK-009	crinacle	711	crinacle/711%20in-ear/Seahf%20AWK-009
SeeAudio Bravery AE	Jaytiss		Jaytiss/in-ear/SeeAudio%20Bravery%20AE
SeeAudio Bravery	crinacle	711	crinacle/711%20in-ear/SeeAudio%20Bravery
SeeAudio Bravery	crinacle	Bruel & Kjaer 4620	crinacle/Bruel%20&%20Kjaer%204620%20in-ear/SeeAudio%20Bravery
SeeAudio Bravery	RikudouGoku		RikudouGoku/in-ear/SeeAudio%20Bravery
SeeAudio Bravery	Super Review		Super%20Review/in-ear/SeeAudio%20Bravery
SeeAudio Kaguya	crinacle	711	crinacle/711%20in-ear/SeeAudio%20Kaguya
SeeAudio MIU	crinacle	711	crinacle/711%20in-ear/SeeAudio%20MIU
SeeAudio Neo	crinacle	711	crinacle/711%20in-ear/SeeAudio%20Neo
SeeAudio x Crinacle Yume Midnight	crinacle	711	crinacle/711%20in-ear/SeeAudio%20x%20Crinacle%20Yume%20Midnight
SeeAudio x Crinacle Yume Midnight	crinacle	Bruel & Kjaer 4620	crinacle/Bruel%20&%20Kjaer%204620%20in-ear/SeeAudio%20x%20Crinacle%20Yume%20Midnight
SeeAudio x Crinacle Yume Midnight	Jaytiss		Jaytiss/in-ear/SeeAudio%20x%20Crinacle%20Yume%20Midnight
SeeAudio x Crinacle Yume Midnight	Super Review		Super%20Review/in-ear/SeeAudio%20x%20Crinacle%20Yume%20Midnight
SeeAudio Yume 2	Harpo		Harpo/in-ear/SeeAudio%20Yume%202
SeeAudio Yume	crinacle	711	crinacle/711%20in-ear/SeeAudio%20Yume
SeeAudio Yume	HypetheSonics	GRAS RA0045	HypetheSonics/GRAS%20RA0045%20in-ear/SeeAudio%20Yume
SeeAudio Yume	Super Review		Super%20Review/in-ear/SeeAudio%20Yume
Seek Real Audio Airship	crinacle	711	crinacle/711%20in-ear/Seek%20Real%20Audio%20Airship
Seek Real Audio Airship	crinacle	Bruel & Kjaer 4620	crinacle/Bruel%20&%20Kjaer%204620%20in-ear/Seek%20Real%20Audio%20Airship
Sendy Aiva	Auriculares Argentina		Auriculares%20Argentina/over-ear/Sendy%20Aiva
Sendy Aiva	crinacle	EARS + 711	crinacle/EARS%20+%20711%20over-ear/Sendy%20Aiva
Sendy Aiva	crinacle	GRAS 43AG-7	crinacle/GRAS%2043AG-7%20over-ear/Sendy%20Aiva
Sendy Aiva	oratory1990		oratory1990/over-ear/Sendy%20Aiva
Sendy Aiva	Super Review		Super%20Review/over-ear/Sendy%20Aiva
Sendy Aiya	crinacle	711	crinacle/711%20in-ear/Sendy%20Aiya
Sendy Peacock	crinacle	GRAS 43AG-7	crinacle/GRAS%2043AG-7%20over-ear/Sendy%20Peacock
Sendy Peacock	oratory1990		oratory1990/over-ear/Sendy%20Peacock
Senfer DT6	crinacle	711	crinacle/711%20in-ear/Senfer%20DT6
Senfer DT6	crinacle	Bruel & Kjaer 4620	crinacle/Bruel%20&%20Kjaer%204620%20in-ear/Senfer%20DT6
Sennheiser ACCENTUM Plus	oratory1990		oratory1990/over-ear/Sennheiser%20ACCENTUM%20Plus
Sennheiser ACCENTUM Plus	Rtings	Bruel & Kjaer 5128	Rtings/Bruel%20&%20Kjaer%205128%20over-ear/Sennheiser%20ACCENTUM%20Plus
Sennheiser Accentum TWS	DHRME		DHRME/in-ear/Sennheiser%20Accentum%20TWS
Sennheiser ACCENTUM	Filk		Filk/over-ear/Sennheiser%20ACCENTUM
Sennheiser ACCENTUM	oratory1990		oratory1990/over-ear/Sennheiser%20ACCENTUM
Sennheiser ACCENTUM	Rtings	Bruel & Kjaer 5128	Rtings/Bruel%20&%20Kjaer%205128%20over-ear/Sennheiser%20ACCENTUM
Sennheiser AMBEO Smart Headset	Rtings	HMS II.3	Rtings/HMS%20II.3%20in-ear/Sennheiser%20AMBEO%20Smart%20Headset
Sennheiser Amperior	crinacle	GRAS 43AG-7	crinacle/GRAS%2043AG-7%20over-ear/Sennheiser%20Amperior
Sennheiser Amperior	Headphone.com Legacy		Headphone.com%20Legacy/over-ear/Sennheiser%20Amperior
Sennheiser Amperior	Innerfidelity		Innerfidelity/over-ear/Sennheiser%20Amperior
Sennheiser CX 1.00	Innerfidelity		Innerfidelity/in-ear/Sennheiser%20CX%201.00
Sennheiser CX 2.00	Innerfidelity		Innerfidelity/in-ear/Sennheiser%20CX%202.00
Sennheiser CX 2.00	oratory1990		oratory1990/in-ear/Sennheiser%20CX%202.00
Sennheiser CX 3.00	oratory1990		oratory1990/in-ear/Sennheiser%20CX%203.00
Sennheiser CX 300-II	Headphone.com Legacy		Headphone.com%20Legacy/in-ear/Sennheiser%20CX%20300-II
Sennheiser CX 400BT	oratory1990		oratory1990/in-ear/Sennheiser%20CX%20400BT
Sennheiser CX 400BT	RikudouGoku		RikudouGoku/in-ear/Sennheiser%20CX%20400BT
Sennheiser CX 400BT	Rtings	HMS II.3	Rtings/HMS%20II.3%20over-ear/Sennheiser%20CX%20400BT
Sennheiser CX 500	Headphone.com Legacy		Headphone.com%20Legacy/in-ear/Sennheiser%20CX%20500
Sennheiser CX 680	Headphone.com Legacy		Headphone.com%20Legacy/in-ear/Sennheiser%20CX%20680
Sennheiser CX 880	Headphone.com Legacy		Headphone.com%20Legacy/in-ear/Sennheiser%20CX%20880
Sennheiser CX Plus True Wireless	DHRME		DHRME/in-ear/Sennheiser%20CX%20Plus%20True%20Wireless
Sennheiser CX Plus True Wireless	Rtings	HMS II.3	Rtings/HMS%20II.3%20in-ear/Sennheiser%20CX%20Plus%20True%20Wireless
Sennheiser CX True Wireless	Rtings	HMS II.3	Rtings/HMS%20II.3%20in-ear/Sennheiser%20CX%20True%20Wireless
Sennheiser CXC-700	Rtings	HMS II.3	Rtings/HMS%20II.3%20in-ear/Sennheiser%20CXC-700
Sennheiser EH 150	Headphone.com Legacy		Headphone.com%20Legacy/over-ear/Sennheiser%20EH%20150
Sennheiser EH 250	Headphone.com Legacy		Headphone.com%20Legacy/over-ear/Sennheiser%20EH%20250
Sennheiser EH 350	Headphone.com Legacy		Headphone.com%20Legacy/over-ear/Sennheiser%20EH%20350
Sennheiser GAME ONE	oratory1990		oratory1990/over-ear/Sennheiser%20GAME%20ONE
Sennheiser GAME ONE	Rtings	HMS II.3	Rtings/HMS%20II.3%20over-ear/Sennheiser%20GAME%20ONE
Sennheiser HD 201	Headphone.com Legacy		Headphone.com%20Legacy/over-ear/Sennheiser%20HD%20201
Sennheiser HD 201	Innerfidelity		Innerfidelity/over-ear/Sennheiser%20HD%20201
Sennheiser HD 201	kr0mka		kr0mka/over-ear/Sennheiser%20HD%20201
Sennheiser HD 201	Rtings	HMS II.3	Rtings/HMS%20II.3%20over-ear/Sennheiser%20HD%20201
Sennheiser HD 202	Headphone.com Legacy		Headphone.com%20Legacy/over-ear/Sennheiser%20HD%20202
Sennheiser HD 202	Innerfidelity		Innerfidelity/over-ear/Sennheiser%20HD%20202
Sennheiser HD 203	Headphone.com Legacy		Headphone.com%20Legacy/over-ear/Sennheiser%20HD%20203
Sennheiser HD 205 II	Headphone.com Legacy		Headphone.com%20Legacy/over-ear/Sennheiser%20HD%20205%20II
Sennheiser HD 205	Headphone.com Legacy		Headphone.com%20Legacy/over-ear/Sennheiser%20HD%20205
Sennheiser HD 212 PRO	Headphone.com Legacy		Headphone.com%20Legacy/over-ear/Sennheiser%20HD%20212%20PRO
Sennheiser HD 218	Headphone.com Legacy		Headphone.com%20Legacy/over-ear/Sennheiser%20HD%20218
Sennheiser HD 218	Innerfidelity		Innerfidelity/over-ear/Sennheiser%20HD%20218
Sennheiser HD 219	Headphone.com Legacy		Headphone.com%20Legacy/over-ear/Sennheiser%20HD%20219
Sennheiser HD 219	Innerfidelity		Innerfidelity/over-ear/Sennheiser%20HD%20219
Sennheiser HD 228	Headphone.com Legacy		Headphone.com%20Legacy/over-ear/Sennheiser%20HD%20228
Sennheiser HD 228	Innerfidelity		Innerfidelity/over-ear/Sennheiser%20HD%20228
Sennheiser HD 229 Black	Headphone.com Legacy		Headphone.com%20Legacy/over-ear/Sennheiser%20HD%20229%20Black
Sennheiser HD 229	Innerfidelity		Innerfidelity/over-ear/Sennheiser%20HD%20229
Sennheiser HD 238	Headphone.com Legacy		Headphone.com%20Legacy/over-ear/Sennheiser%20HD%20238
Sennheiser HD 238	Innerfidelity		Innerfidelity/over-ear/Sennheiser%20HD%20238
Sennheiser HD 239	Headphone.com Legacy		Headphone.com%20Legacy/over-ear/Sennheiser%20HD%20239
Sennheiser HD 239	Innerfidelity		Innerfidelity/over-ear/Sennheiser%20HD%20239
Sennheiser HD 25 Aluminium	crinacle	GRAS 43AG-7	crinacle/GRAS%2043AG-7%20over-ear/Sennheiser%20HD%2025%20Aluminium
Sennheiser HD 25 Aluminum	Innerfidelity		Innerfidelity/over-ear/Sennheiser%20HD%2025%20Aluminum
Sennheiser HD 25 Plus	crinacle	GRAS 43AG-7	crinacle/GRAS%2043AG-7%20over-ear/Sennheiser%20HD%2025%20Plus
Sennheiser HD 25	Rtings	Bruel & Kjaer 5128	Rtings/Bruel%20&%20Kjaer%205128%20over-ear/Sennheiser%20HD%2025
Sennheiser HD 250 II	Innerfidelity		Innerfidelity/over-ear/Sennheiser%20HD%20250%20II
Sennheiser HD 250BT	crinacle	GRAS 43AG-7	crinacle/GRAS%2043AG-7%20over-ear/Sennheiser%20HD%20250BT
Sennheiser HD 25-1 II B (2012)	Innerfidelity		Innerfidelity/over-ear/Sennheiser%20HD%2025-1%20II%20B%20(2012)
Sennheiser HD 25-1 II	Innerfidelity		Innerfidelity/over-ear/Sennheiser%20HD%2025-1%20II
Sennheiser HD 25-1	Headphone.com Legacy		Headphone.com%20Legacy/over-ear/Sennheiser%20HD%2025-1
Sennheiser HD 25-1	Innerfidelity		Innerfidelity/over-ear/Sennheiser%20HD%2025-1
Sennheiser HD 25-SP	Headphone.com Legacy		Headphone.com%20Legacy/over-ear/Sennheiser%20HD%2025-SP
Sennheiser HD 280 Pro (SPC Gear velour earpads)	Filk		Filk/over-ear/Sennheiser%20HD%20280%20Pro%20(SPC%20Gear%20velour%20earpads)
Sennheiser HD 280 Pro	Auriculares Argentina		Auriculares%20Argentina/over-ear/Sennheiser%20HD%20280%20Pro
Sennheiser HD 280 Pro	Filk		Filk/over-ear/Sennheiser%20HD%20280%20Pro
Sennheiser HD 280 Pro	Headphone.com Legacy		Headphone.com%20Legacy/over-ear/Sennheiser%20HD%20280%20Pro
Sennheiser HD 280 Pro	Innerfidelity		Innerfidelity/over-ear/Sennheiser%20HD%20280%20Pro
Sennheiser HD 280 Pro	oratory1990		oratory1990/over-ear/Sennheiser%20HD%20280%20Pro
Sennheiser HD 280 Pro	Rtings	HMS II.3	Rtings/HMS%20II.3%20over-ear/Sennheiser%20HD%20280%20Pro
Sennheiser HD 380 Pro	Innerfidelity		Innerfidelity/over-ear/Sennheiser%20HD%20380%20Pro
Sennheiser HD 4	Innerfidelity		Innerfidelity/over-ear/Sennheiser%20HD%204
Sennheiser HD 4.40BT	Rtings	HMS II.3	Rtings/HMS%20II.3%20over-ear/Sennheiser%20HD%204.40BT
Sennheiser HD 4.50 BTNC	oratory1990		oratory1990/over-ear/Sennheiser%20HD%204.50%20BTNC
Sennheiser HD 4.50 BTNC	Rtings	HMS II.3	Rtings/HMS%20II.3%20over-ear/Sennheiser%20HD%204.50%20BTNC
Sennheiser HD 400 Pro	Auriculares Argentina		Auriculares%20Argentina/over-ear/Sennheiser%20HD%20400%20Pro
Sennheiser HD 400 S	crinacle	GRAS 43AG-7	crinacle/GRAS%2043AG-7%20over-ear/Sennheiser%20HD%20400%20S
Sennheiser HD 414	Innerfidelity		Innerfidelity/over-ear/Sennheiser%20HD%20414
Sennheiser HD 419	Headphone.com Legacy		Headphone.com%20Legacy/over-ear/Sennheiser%20HD%20419
Sennheiser HD 419	Innerfidelity		Innerfidelity/over-ear/Sennheiser%20HD%20419
Sennheiser HD 424	Filk		Filk/over-ear/Sennheiser%20HD%20424
Sennheiser HD 424	Innerfidelity		Innerfidelity/over-ear/Sennheiser%20HD%20424
Sennheiser HD 424-X	Filk		Filk/over-ear/Sennheiser%20HD%20424-X
Sennheiser HD 428	Headphone.com Legacy		Headphone.com%20Legacy/over-ear/Sennheiser%20HD%20428
Sennheiser HD 429	Headphone.com Legacy		Headphone.com%20Legacy/over-ear/Sennheiser%20HD%20429
Sennheiser HD 429	Innerfidelity		Innerfidelity/over-ear/Sennheiser%20HD%20429
Sennheiser HD 438	Headphone.com Legacy		Headphone.com%20Legacy/over-ear/Sennheiser%20HD%20438
Sennheiser HD 439	Headphone.com Legacy		Headphone.com%20Legacy/over-ear/Sennheiser%20HD%20439
Sennheiser HD 439	Innerfidelity		Innerfidelity/over-ear/Sennheiser%20HD%20439
Sennheiser HD 448	Headphone.com Legacy		Headphone.com%20Legacy/over-ear/Sennheiser%20HD%20448
Sennheiser HD 448	Innerfidelity		Innerfidelity/over-ear/Sennheiser%20HD%20448
Sennheiser HD 449	Headphone.com Legacy		Headphone.com%20Legacy/over-ear/Sennheiser%20HD%20449
Sennheiser HD 449	Innerfidelity		Innerfidelity/over-ear/Sennheiser%20HD%20449
Sennheiser HD 450BT	oratory1990		oratory1990/over-ear/Sennheiser%20HD%20450BT
Sennheiser HD 450BT	Rtings	HMS II.3	Rtings/HMS%20II.3%20over-ear/Sennheiser%20HD%20450BT
Sennheiser HD 471i	Innerfidelity		Innerfidelity/over-ear/Sennheiser%20HD%20471i
Sennheiser HD 490 Pro (mixing earpads)	Super Review		Super%20Review/over-ear/Sennheiser%20HD%20490%20Pro%20(mixing%20earpads)
Sennheiser HD 490 Pro (producing earpads)	Super Review		Super%20Review/over-ear/Sennheiser%20HD%20490%20Pro%20(producing%20earpads)
Sennheiser HD 490 Pro	Rtings	Bruel & Kjaer 5128	Rtings/Bruel%20&%20Kjaer%205128%20over-ear/Sennheiser%20HD%20490%20Pro
Sennheiser HD 505 Copper Edition	Kuulokenurkka		Kuulokenurkka/over-ear/Sennheiser%20HD%20505%20Copper%20Edition
Sennheiser HD 505	oratory1990		oratory1990/over-ear/Sennheiser%20HD%20505
Sennheiser HD 505	Super Review		Super%20Review/over-ear/Sennheiser%20HD%20505
Sennheiser HD 515	oratory1990		oratory1990/over-ear/Sennheiser%20HD%20515
Sennheiser HD 518	Headphone.com Legacy		Headphone.com%20Legacy/over-ear/Sennheiser%20HD%20518
Sennheiser HD 518	oratory1990		oratory1990/over-ear/Sennheiser%20HD%20518
Sennheiser HD 518	Rtings	HMS II.3	Rtings/HMS%20II.3%20over-ear/Sennheiser%20HD%20518
Sennheiser HD 540 reference-II	oratory1990		oratory1990/over-ear/Sennheiser%20HD%20540%20reference-II
Sennheiser HD 545 Reference	Filk		Filk/over-ear/Sennheiser%20HD%20545%20Reference
Sennheiser HD 550	oratory1990		oratory1990/over-ear/Sennheiser%20HD%20550
Sennheiser HD 550	Super Review		Super%20Review/over-ear/Sennheiser%20HD%20550
Sennheiser HD 555	Headphone.com Legacy		Headphone.com%20Legacy/over-ear/Sennheiser%20HD%20555
Sennheiser HD 555	oratory1990		oratory1990/over-ear/Sennheiser%20HD%20555
Sennheiser HD 558	Auriculares Argentina		Auriculares%20Argentina/over-ear/Sennheiser%20HD%20558
Sennheiser HD 558	Headphone.com Legacy		Headphone.com%20Legacy/over-ear/Sennheiser%20HD%20558
Sennheiser HD 559	crinacle	GRAS 43AG-7	crinacle/GRAS%2043AG-7%20over-ear/Sennheiser%20HD%20559
Sennheiser HD 559	oratory1990		oratory1990/over-ear/Sennheiser%20HD%20559
Sennheiser HD 560 Ovation II	Innerfidelity		Innerfidelity/over-ear/Sennheiser%20HD%20560%20Ovation%20II
Sennheiser HD 560S (worn earpads)	Filk		Filk/over-ear/Sennheiser%20HD%20560S%20(worn%20earpads)
Sennheiser HD 560S	Auriculares Argentina		Auriculares%20Argentina/over-ear/Sennheiser%20HD%20560S
Sennheiser HD 560S	crinacle	GRAS 43AG-7	crinacle/GRAS%2043AG-7%20over-ear/Sennheiser%20HD%20560S
Sennheiser HD 560S	HypetheSonics		HypetheSonics/over-ear/Sennheiser%20HD%20560S
Sennheiser HD 560S	Kuulokenurkka		Kuulokenurkka/over-ear/Sennheiser%20HD%20560S
Sennheiser HD 560S	oratory1990		oratory1990/over-ear/Sennheiser%20HD%20560S
Sennheiser HD 560S	Rtings	Bruel & Kjaer 5128	Rtings/Bruel%20&%20Kjaer%205128%20over-ear/Sennheiser%20HD%20560S
Sennheiser HD 560S	Super Review		Super%20Review/over-ear/Sennheiser%20HD%20560S
Sennheiser HD 565 Ovation	Innerfidelity		Innerfidelity/over-ear/Sennheiser%20HD%20565%20Ovation
Sennheiser HD 569	Innerfidelity		Innerfidelity/over-ear/Sennheiser%20HD%20569
Sennheiser HD 569	oratory1990		oratory1990/over-ear/Sennheiser%20HD%20569
Sennheiser HD 575	Innerfidelity		Innerfidelity/over-ear/Sennheiser%20HD%20575
Sennheiser HD 579	crinacle	GRAS 43AG-7	crinacle/GRAS%2043AG-7%20over-ear/Sennheiser%20HD%20579
Sennheiser HD 580 (black paper)	crinacle	GRAS 43AG-7	crinacle/GRAS%2043AG-7%20over-ear/Sennheiser%20HD%20580%20(black%20paper)
Sennheiser HD 580 (black silk)	crinacle	GRAS 43AG-7	crinacle/GRAS%2043AG-7%20over-ear/Sennheiser%20HD%20580%20(black%20silk)
Sennheiser HD 580 (silver screen)	crinacle	GRAS 43AG-7	crinacle/GRAS%2043AG-7%20over-ear/Sennheiser%20HD%20580%20(silver%20screen)
Sennheiser HD 580 (white paper)	crinacle	GRAS 43AG-7	crinacle/GRAS%2043AG-7%20over-ear/Sennheiser%20HD%20580%20(white%20paper)
Sennheiser HD 580 precision	kr0mka		kr0mka/over-ear/Sennheiser%20HD%20580%20precision
Sennheiser HD 580 precision	Kuulokenurkka		Kuulokenurkka/over-ear/Sennheiser%20HD%20580%20precision
Sennheiser HD 580 precision	oratory1990		oratory1990/over-ear/Sennheiser%20HD%20580%20precision
Sennheiser HD 580	Innerfidelity		Innerfidelity/over-ear/Sennheiser%20HD%20580
Sennheiser HD 58X (Brainwavz microsuede oval earpads)	oratory1990		oratory1990/over-ear/Sennheiser%20HD%2058X%20(Brainwavz%20microsuede%20oval%20earpads)
Sennheiser HD 58X	Auriculares Argentina		Auriculares%20Argentina/over-ear/Sennheiser%20HD%2058X
Sennheiser HD 58X	crinacle	GRAS 43AG-7	crinacle/GRAS%2043AG-7%20over-ear/Sennheiser%20HD%2058X
Sennheiser HD 58X	oratory1990		oratory1990/over-ear/Sennheiser%20HD%2058X
Sennheiser HD 58X	Rtings	HMS II.3	Rtings/HMS%20II.3%20over-ear/Sennheiser%20HD%2058X
Sennheiser HD 58X	Super Review		Super%20Review/over-ear/Sennheiser%20HD%2058X
Sennheiser HD 595	Headphone.com Legacy		Headphone.com%20Legacy/over-ear/Sennheiser%20HD%20595
Sennheiser HD 595	Innerfidelity		Innerfidelity/over-ear/Sennheiser%20HD%20595
Sennheiser HD 598 CS	oratory1990		oratory1990/over-ear/Sennheiser%20HD%20598%20CS
Sennheiser HD 598 CS	Rtings	HMS II.3	Rtings/HMS%20II.3%20over-ear/Sennheiser%20HD%20598%20CS
Sennheiser HD 598	Headphone.com Legacy		Headphone.com%20Legacy/over-ear/Sennheiser%20HD%20598
Sennheiser HD 598	Innerfidelity		Innerfidelity/over-ear/Sennheiser%20HD%20598
Sennheiser HD 598	oratory1990		oratory1990/over-ear/Sennheiser%20HD%20598
Sennheiser HD 598	Rtings	HMS II.3	Rtings/HMS%20II.3%20over-ear/Sennheiser%20HD%20598
Sennheiser HD 599	crinacle	EARS + 711	crinacle/EARS%20+%20711%20over-ear/Sennheiser%20HD%20599
Sennheiser HD 599	crinacle	GRAS 43AG-7	crinacle/GRAS%2043AG-7%20over-ear/Sennheiser%20HD%20599
Sennheiser HD 599	oratory1990		oratory1990/over-ear/Sennheiser%20HD%20599
Sennheiser HD 599	Rtings	HMS II.3	Rtings/HMS%20II.3%20over-ear/Sennheiser%20HD%20599
Sennheiser HD 600 (2020)	crinacle	GRAS 43AG-7	crinacle/GRAS%2043AG-7%20over-ear/Sennheiser%20HD%20600%20(2020)
Sennheiser HD 600 (2020)	Kuulokenurkka		Kuulokenurkka/over-ear/Sennheiser%20HD%20600%20(2020)
Sennheiser HD 600 (2020, worn earpads)	crinacle	GRAS 43AG-7	crinacle/GRAS%2043AG-7%20over-ear/Sennheiser%20HD%20600%20(2020,%20worn%20earpads)
Sennheiser HD 600 (pre-2020, semi-worn earpads)	crinacle	GRAS 43AG-7	crinacle/GRAS%2043AG-7%20over-ear/Sennheiser%20HD%20600%20(pre-2020,%20semi-worn%20earpads)
Sennheiser HD 600 (pre-2020, worn earpads)	crinacle	GRAS 43AG-7	crinacle/GRAS%2043AG-7%20over-ear/Sennheiser%20HD%20600%20(pre-2020,%20worn%20earpads)
Sennheiser HD 600	Auriculares Argentina		Auriculares%20Argentina/over-ear/Sennheiser%20HD%20600
Sennheiser HD 600	crinacle	GRAS 43AG-7	crinacle/GRAS%2043AG-7%20over-ear/Sennheiser%20HD%20600
Sennheiser HD 600	Filk		Filk/over-ear/Sennheiser%20HD%20600
Sennheiser HD 600	Headphone.com Legacy		Headphone.com%20Legacy/over-ear/Sennheiser%20HD%20600
Sennheiser HD 600	Innerfidelity		Innerfidelity/over-ear/Sennheiser%20HD%20600
Sennheiser HD 600	oratory1990		oratory1990/over-ear/Sennheiser%20HD%20600
Sennheiser HD 600	Rtings	Bruel & Kjaer 5128	Rtings/Bruel%20&%20Kjaer%205128%20over-ear/Sennheiser%20HD%20600
Sennheiser HD 600	Super Review		Super%20Review/over-ear/Sennheiser%20HD%20600
Sennheiser HD 620S	Kuulokenurkka		Kuulokenurkka/over-ear/Sennheiser%20HD%20620S
Sennheiser HD 620S	oratory1990		oratory1990/over-ear/Sennheiser%20HD%20620S
Sennheiser HD 620S	Rtings	Bruel & Kjaer 5128	Rtings/Bruel%20&%20Kjaer%205128%20over-ear/Sennheiser%20HD%20620S
Sennheiser HD 630VB	oratory1990		oratory1990/over-ear/Sennheiser%20HD%20630VB
Sennheiser HD 650 (2020)	crinacle	GRAS 43AG-7	crinacle/GRAS%2043AG-7%20over-ear/Sennheiser%20HD%20650%20(2020)
Sennheiser HD 650 (2020, worn earpads)	crinacle	GRAS 43AG-7	crinacle/GRAS%2043AG-7%20over-ear/Sennheiser%20HD%20650%20(2020,%20worn%20earpads)
Sennheiser HD 650 (balanced)	Headphone.com Legacy		Headphone.com%20Legacy/over-ear/Sennheiser%20HD%20650%20(balanced)
Sennheiser HD 650 (pre-2020, semi-worn earpads)	crinacle	GRAS 43AG-7	crinacle/GRAS%2043AG-7%20over-ear/Sennheiser%20HD%20650%20(pre-2020,%20semi-worn%20earpads)
Sennheiser HD 650 (pre-2020, worn earpads)	crinacle	GRAS 43AG-7	crinacle/GRAS%2043AG-7%20over-ear/Sennheiser%20HD%20650%20(pre-2020,%20worn%20earpads)
Sennheiser HD 650	Auriculares Argentina		Auriculares%20Argentina/over-ear/Sennheiser%20HD%20650
Sennheiser HD 650	crinacle	GRAS 43AG-7	crinacle/GRAS%2043AG-7%20over-ear/Sennheiser%20HD%20650
Sennheiser HD 650	Headphone.com Legacy		Headphone.com%20Legacy/over-ear/Sennheiser%20HD%20650
Sennheiser HD 650	Innerfidelity		Innerfidelity/over-ear/Sennheiser%20HD%20650
Sennheiser HD 650	Kuulokenurkka		Kuulokenurkka/over-ear/Sennheiser%20HD%20650
Sennheiser HD 650	oratory1990		oratory1990/over-ear/Sennheiser%20HD%20650
Sennheiser HD 650	Rtings	HMS II.3	Rtings/HMS%20II.3%20over-ear/Sennheiser%20HD%20650
Sennheiser HD 660 S	crinacle	EARS + 711	crinacle/EARS%20+%20711%20over-ear/Sennheiser%20HD%20660%20S
Sennheiser HD 660 S	crinacle	GRAS 43AG-7	crinacle/GRAS%2043AG-7%20over-ear/Sennheiser%20HD%20660%20S
Sennheiser HD 660 S	HypetheSonics		HypetheSonics/over-ear/Sennheiser%20HD%20660%20S
Sennheiser HD 660 S	Innerfidelity		Innerfidelity/over-ear/Sennheiser%20HD%20660%20S
Sennheiser HD 660 S	oratory1990		oratory1990/over-ear/Sennheiser%20HD%20660%20S
Sennheiser HD 660 S	Rtings	HMS II.3	Rtings/HMS%20II.3%20over-ear/Sennheiser%20HD%20660%20S
Sennheiser HD 660 S	Super Review		Super%20Review/over-ear/Sennheiser%20HD%20660%20S
Sennheiser HD 660S (Dekoni Fenestrated Sheepskin Earpads)	oratory1990		oratory1990/over-ear/Sennheiser%20HD%20660S%20(Dekoni%20Fenestrated%20Sheepskin%20Earpads)
Sennheiser HD 660S2	Filk		Filk/over-ear/Sennheiser%20HD%20660S2
Sennheiser HD 660S2	Kuulokenurkka		Kuulokenurkka/over-ear/Sennheiser%20HD%20660S2
Sennheiser HD 660S2	oratory1990		oratory1990/over-ear/Sennheiser%20HD%20660S2
Sennheiser HD 660S2	Rtings	HMS II.3	Rtings/HMS%20II.3%20over-ear/Sennheiser%20HD%20660S2
Sennheiser HD 6XX	Auriculares Argentina		Auriculares%20Argentina/over-ear/Sennheiser%20HD%206XX
Sennheiser HD 6XX	Innerfidelity		Innerfidelity/over-ear/Sennheiser%20HD%206XX
Sennheiser HD 6XX	Kuulokenurkka		Kuulokenurkka/over-ear/Sennheiser%20HD%206XX
Sennheiser HD 6XX	oratory1990		oratory1990/over-ear/Sennheiser%20HD%206XX
Sennheiser HD 6XX	Rtings	HMS II.3	Rtings/HMS%20II.3%20over-ear/Sennheiser%20HD%206XX
Sennheiser HD 6XX	Super Review		Super%20Review/over-ear/Sennheiser%20HD%206XX
Sennheiser HD 700 (Dekoni elite velours earpads)	oratory1990		oratory1990/over-ear/Sennheiser%20HD%20700%20(Dekoni%20elite%20velours%20earpads)
Sennheiser HD 700	Headphone.com Legacy		Headphone.com%20Legacy/over-ear/Sennheiser%20HD%20700
Sennheiser HD 700	Innerfidelity		Innerfidelity/over-ear/Sennheiser%20HD%20700
Sennheiser HD 700	oratory1990		oratory1990/over-ear/Sennheiser%20HD%20700
Sennheiser HD 700	Rtings	HMS II.3	Rtings/HMS%20II.3%20over-ear/Sennheiser%20HD%20700
Sennheiser HD 800 (sample 1)	Headphone.com Legacy		Headphone.com%20Legacy/over-ear/Sennheiser%20HD%20800%20(sample%201)
Sennheiser HD 800 (sample 2)	Headphone.com Legacy		Headphone.com%20Legacy/over-ear/Sennheiser%20HD%20800%20(sample%202)
Sennheiser HD 800 (SDR mod)	crinacle	EARS + 711	crinacle/EARS%20+%20711%20over-ear/Sennheiser%20HD%20800%20(SDR%20mod)
Sennheiser HD 800 (SDR mod)	Kuulokenurkka		Kuulokenurkka/over-ear/Sennheiser%20HD%20800%20(SDR%20mod)
Sennheiser HD 800 (SDR mod)	oratory1990		oratory1990/over-ear/Sennheiser%20HD%20800%20(SDR%20mod)
Sennheiser HD 800 (SDR mod, Dekoni fenestrated sheepskin earpads)	oratory1990		oratory1990/over-ear/Sennheiser%20HD%20800%20(SDR%20mod,%20Dekoni%20fenestrated%20sheepskin%20earpads)
Sennheiser HD 800 S (Dekoni fenestrated sheepskin earpads)	oratory1990		oratory1990/over-ear/Sennheiser%20HD%20800%20S%20(Dekoni%20fenestrated%20sheepskin%20earpads)
Sennheiser HD 800 S (sample 1)	Innerfidelity		Innerfidelity/over-ear/Sennheiser%20HD%20800%20S%20(sample%201)
Sennheiser HD 800 S (serial number 01067)	Innerfidelity		Innerfidelity/over-ear/Sennheiser%20HD%20800%20S%20(serial%20number%2001067)
Sennheiser HD 800 S (serial number 01070)	Innerfidelity		Innerfidelity/over-ear/Sennheiser%20HD%20800%20S%20(serial%20number%2001070)
Sennheiser HD 800 S (ZMF sheepskin earpads)	oratory1990		oratory1990/over-ear/Sennheiser%20HD%20800%20S%20(ZMF%20sheepskin%20earpads)
Sennheiser HD 800 S	Auriculares Argentina		Auriculares%20Argentina/over-ear/Sennheiser%20HD%20800%20S
Sennheiser HD 800 S	crinacle	EARS + 711	crinacle/EARS%20+%20711%20over-ear/Sennheiser%20HD%20800%20S
Sennheiser HD 800 S	crinacle	GRAS 43AG-7	crinacle/GRAS%2043AG-7%20over-ear/Sennheiser%20HD%20800%20S
Sennheiser HD 800 S	HypetheSonics		HypetheSonics/over-ear/Sennheiser%20HD%20800%20S
Sennheiser HD 800 S	Innerfidelity		Innerfidelity/over-ear/Sennheiser%20HD%20800%20S
Sennheiser HD 800 S	kr0mka		kr0mka/over-ear/Sennheiser%20HD%20800%20S
Sennheiser HD 800 S	oratory1990		oratory1990/over-ear/Sennheiser%20HD%20800%20S
Sennheiser HD 800 S	Rtings	Bruel & Kjaer 5128	Rtings/Bruel%20&%20Kjaer%205128%20over-ear/Sennheiser%20HD%20800%20S
Sennheiser HD 800	crinacle	GRAS 43AG-7	crinacle/GRAS%2043AG-7%20over-ear/Sennheiser%20HD%20800
Sennheiser HD 800	Headphone.com Legacy		Headphone.com%20Legacy/over-ear/Sennheiser%20HD%20800
Sennheiser HD 800	Innerfidelity		Innerfidelity/over-ear/Sennheiser%20HD%20800
Sennheiser HD 800	oratory1990		oratory1990/over-ear/Sennheiser%20HD%20800
Sennheiser HD 800	Super Review		Super%20Review/over-ear/Sennheiser%20HD%20800
Sennheiser HD 820	crinacle	EARS + 711	crinacle/EARS%20+%20711%20over-ear/Sennheiser%20HD%20820
Sennheiser HD 820	crinacle	GRAS 43AG-7	crinacle/GRAS%2043AG-7%20over-ear/Sennheiser%20HD%20820
Sennheiser HD 820	HypetheSonics		HypetheSonics/over-ear/Sennheiser%20HD%20820
Sennheiser HD 820	oratory1990		oratory1990/over-ear/Sennheiser%20HD%20820
Sennheiser HD 820	Rtings	HMS II.3	Rtings/HMS%20II.3%20over-ear/Sennheiser%20HD%20820
Sennheiser HD 820	Super Review		Super%20Review/over-ear/Sennheiser%20HD%20820
Sennheiser HD 8XX	crinacle	GRAS 43AG-7	crinacle/GRAS%2043AG-7%20over-ear/Sennheiser%20HD%208XX
Sennheiser HD 8XX	oratory1990		oratory1990/over-ear/Sennheiser%20HD%208XX
Sennheiser HD 8XX	Rtings	HMS II.3	Rtings/HMS%20II.3%20over-ear/Sennheiser%20HD%208XX
Sennheiser HD R 130	Headphone.com Legacy		Headphone.com%20Legacy/over-ear/Sennheiser%20HD%20R%20130
Sennheiser HD1 In-Ear Wireless	Rtings	HMS II.3	Rtings/HMS%20II.3%20in-ear/Sennheiser%20HD1%20In-Ear%20Wireless
Sennheiser HD1 In-Ear	Rtings	HMS II.3	Rtings/HMS%20II.3%20in-ear/Sennheiser%20HD1%20In-Ear
Sennheiser HD1 On-Ear	Rtings	HMS II.3	Rtings/HMS%20II.3%20over-ear/Sennheiser%20HD1%20On-Ear
Sennheiser HD1 Over-Ear	Rtings	HMS II.3	Rtings/HMS%20II.3%20over-ear/Sennheiser%20HD1%20Over-Ear
Sennheiser HD1 Wireless	Rtings	HMS II.3	Rtings/HMS%20II.3%20over-ear/Sennheiser%20HD1%20Wireless
Sennheiser HD25-1 II (bad seal)	oratory1990		oratory1990/over-ear/Sennheiser%20HD25-1%20II%20(bad%20seal)
Sennheiser HD25-1 II	oratory1990		oratory1990/over-ear/Sennheiser%20HD25-1%20II
Sennheiser HD490 Pro (mixing earpads)	Filk		Filk/over-ear/Sennheiser%20HD490%20Pro%20(mixing%20earpads)
Sennheiser HD490 Pro (mixing earpads)	kr0mka		kr0mka/over-ear/Sennheiser%20HD490%20Pro%20(mixing%20earpads)
Sennheiser HD490 Pro (mixing earpads)	oratory1990		oratory1990/over-ear/Sennheiser%20HD490%20Pro%20(mixing%20earpads)
Sennheiser HD490 Pro (producing earpads)	Filk		Filk/over-ear/Sennheiser%20HD490%20Pro%20(producing%20earpads)
Sennheiser HD490 Pro (producing earpads)	kr0mka		kr0mka/over-ear/Sennheiser%20HD490%20Pro%20(producing%20earpads)
Sennheiser HD490 Pro (producing earpads)	oratory1990		oratory1990/over-ear/Sennheiser%20HD490%20Pro%20(producing%20earpads)
Sennheiser HD600 (2020)	crinacle	GRAS 43AG-7	crinacle/GRAS%2043AG-7%20over-ear/Sennheiser%20HD600%20(2020)
Sennheiser HD800 (SDR mod)	crinacle	GRAS 43AG-7	crinacle/GRAS%2043AG-7%20over-ear/Sennheiser%20HD800%20(SDR%20mod)
Sennheiser HD800	crinacle	GRAS 43AG-7	crinacle/GRAS%2043AG-7%20over-ear/Sennheiser%20HD800
Sennheiser HE 1 Orpheus 2 (semi-worn earpads)	crinacle	GRAS 43AG-7	crinacle/GRAS%2043AG-7%20over-ear/Sennheiser%20HE%201%20Orpheus%202%20(semi-worn%20earpads)
Sennheiser HE 1 Orpheus 2	crinacle	GRAS 43AG-7	crinacle/GRAS%2043AG-7%20over-ear/Sennheiser%20HE%201%20Orpheus%202
Sennheiser HE 1 Orpheus 2	oratory1990		oratory1990/over-ear/Sennheiser%20HE%201%20Orpheus%202
Sennheiser HE 60	Innerfidelity		Innerfidelity/over-ear/Sennheiser%20HE%2060
Sennheiser HE 90 Orpheus	oratory1990		oratory1990/over-ear/Sennheiser%20HE%2090%20Orpheus
Sennheiser IE 200 (AZLA Max eartips)	Super Review		Super%20Review/in-ear/Sennheiser%20IE%20200%20(AZLA%20Max%20eartips)
Sennheiser IE 200 (JVC Spiral Dot++ eartips)	Super Review		Super%20Review/in-ear/Sennheiser%20IE%20200%20(JVC%20Spiral%20Dot++%20eartips)
Sennheiser IE 200 (long nozzle)	crinacle	711	crinacle/711%20in-ear/Sennheiser%20IE%20200%20(long%20nozzle)
Sennheiser IE 200 (long nozzle)	crinacle	Bruel & Kjaer 4620	crinacle/Bruel%20&%20Kjaer%204620%20in-ear/Sennheiser%20IE%20200%20(long%20nozzle)
Sennheiser IE 200 (long nozzle)	freeryder05		freeryder05/in-ear/Sennheiser%20IE%20200%20(long%20nozzle)
Sennheiser IE 200 (long nozzle)	Kazi		Kazi/in-ear/Sennheiser%20IE%20200%20(long%20nozzle)
Sennheiser IE 200 (long nozzle)	Super Review		Super%20Review/in-ear/Sennheiser%20IE%20200%20(long%20nozzle)
Sennheiser IE 200 (short nozzle)	crinacle	711	crinacle/711%20in-ear/Sennheiser%20IE%20200%20(short%20nozzle)
Sennheiser IE 200 (short nozzle)	freeryder05		freeryder05/in-ear/Sennheiser%20IE%20200%20(short%20nozzle)
Sennheiser IE 200 (short nozzle)	Kazi		Kazi/in-ear/Sennheiser%20IE%20200%20(short%20nozzle)
Sennheiser IE 200 (short nozzle)	Super Review		Super%20Review/in-ear/Sennheiser%20IE%20200%20(short%20nozzle)
Sennheiser IE 200 (SoftEars UC eartips)	Super Review		Super%20Review/in-ear/Sennheiser%20IE%20200%20(SoftEars%20UC%20eartips)
Sennheiser IE 200	Bakkwatan		Bakkwatan/in-ear/Sennheiser%20IE%20200
Sennheiser IE 200	crinacle	Bruel & Kjaer 4620	crinacle/Bruel%20&%20Kjaer%204620%20in-ear/Sennheiser%20IE%20200
Sennheiser IE 200	Fahryst		Fahryst/in-ear/Sennheiser%20IE%20200
Sennheiser IE 200	Jaytiss		Jaytiss/in-ear/Sennheiser%20IE%20200
Sennheiser IE 200	oratory1990		oratory1990/in-ear/Sennheiser%20IE%20200
Sennheiser IE 200	Rtings	Bruel & Kjaer 5128	Rtings/Bruel%20&%20Kjaer%205128%20in-ear/Sennheiser%20IE%20200
Sennheiser IE 300 (AZLA Sedna Light eartips)	Super Review		Super%20Review/in-ear/Sennheiser%20IE%20300%20(AZLA%20Sedna%20Light%20eartips)
Sennheiser IE 300 (Final Audio Type E eartips)	Super Review		Super%20Review/in-ear/Sennheiser%20IE%20300%20(Final%20Audio%20Type%20E%20eartips)
Sennheiser IE 300	crinacle	711	crinacle/711%20in-ear/Sennheiser%20IE%20300
Sennheiser IE 300	crinacle	Bruel & Kjaer 4620	crinacle/Bruel%20&%20Kjaer%204620%20in-ear/Sennheiser%20IE%20300
Sennheiser IE 300	HypetheSonics	GRAS RA0045	HypetheSonics/GRAS%20RA0045%20in-ear/Sennheiser%20IE%20300
Sennheiser IE 300	Kazi		Kazi/in-ear/Sennheiser%20IE%20300
Sennheiser IE 300	Super Review		Super%20Review/in-ear/Sennheiser%20IE%20300
Sennheiser IE 4	oratory1990		oratory1990/in-ear/Sennheiser%20IE%204
Sennheiser IE 40 Pro	crinacle	711	crinacle/711%20in-ear/Sennheiser%20IE%2040%20Pro
Sennheiser IE 40 Pro	oratory1990		oratory1990/in-ear/Sennheiser%20IE%2040%20Pro
Sennheiser IE 40 Pro	Rtings	HMS II.3	Rtings/HMS%20II.3%20in-ear/Sennheiser%20IE%2040%20Pro
Sennheiser IE 40 Pro	Super Review		Super%20Review/in-ear/Sennheiser%20IE%2040%20Pro
Sennheiser IE 400 Pro	crinacle	711	crinacle/711%20in-ear/Sennheiser%20IE%20400%20Pro
Sennheiser IE 400 Pro	oratory1990		oratory1990/in-ear/Sennheiser%20IE%20400%20Pro
Sennheiser IE 500 Pro	crinacle	711	crinacle/711%20in-ear/Sennheiser%20IE%20500%20Pro
Sennheiser IE 6	Innerfidelity		Innerfidelity/in-ear/Sennheiser%20IE%206
Sennheiser IE 600 (AZLA Sedna eartips)	Super Review		Super%20Review/in-ear/Sennheiser%20IE%20600%20(AZLA%20Sedna%20eartips)
Sennheiser IE 600 (Final Audio Type E eartips)	Super Review		Super%20Review/in-ear/Sennheiser%20IE%20600%20(Final%20Audio%20Type%20E%20eartips)
Sennheiser IE 600 (foam eartips)	HypetheSonics	GRAS RA0045	HypetheSonics/GRAS%20RA0045%20in-ear/Sennheiser%20IE%20600%20(foam%20eartips)
Sennheiser IE 600 (foam eartips)	Super Review		Super%20Review/in-ear/Sennheiser%20IE%20600%20(foam%20eartips)
Sennheiser IE 600 (Moondrop Spring eartips)	Super Review		Super%20Review/in-ear/Sennheiser%20IE%20600%20(Moondrop%20Spring%20eartips)
Sennheiser IE 600 (silicone eartips)	HypetheSonics	GRAS RA0045	HypetheSonics/GRAS%20RA0045%20in-ear/Sennheiser%20IE%20600%20(silicone%20eartips)
Sennheiser IE 600 (silicone eartips)	Super Review		Super%20Review/in-ear/Sennheiser%20IE%20600%20(silicone%20eartips)
Sennheiser IE 600 (Spinfit eartips)	Super Review		Super%20Review/in-ear/Sennheiser%20IE%20600%20(Spinfit%20eartips)
Sennheiser IE 600	crinacle	711	crinacle/711%20in-ear/Sennheiser%20IE%20600
Sennheiser IE 600	Fahryst		Fahryst/in-ear/Sennheiser%20IE%20600
Sennheiser IE 600	freeryder05		freeryder05/in-ear/Sennheiser%20IE%20600
Sennheiser IE 600	Jaytiss		Jaytiss/in-ear/Sennheiser%20IE%20600
Sennheiser IE 600	Kazi		Kazi/in-ear/Sennheiser%20IE%20600
Sennheiser IE 600	oratory1990		oratory1990/in-ear/Sennheiser%20IE%20600
Sennheiser IE 8	Headphone.com Legacy		Headphone.com%20Legacy/in-ear/Sennheiser%20IE%208
Sennheiser IE 80 (half)	crinacle	711	crinacle/711%20in-ear/Sennheiser%20IE%2080%20(half)
Sennheiser IE 80 (max)	crinacle	711	crinacle/711%20in-ear/Sennheiser%20IE%2080%20(max)
Sennheiser IE 80 (min)	crinacle	711	crinacle/711%20in-ear/Sennheiser%20IE%2080%20(min)
Sennheiser IE 80 S (half)	crinacle	711	crinacle/711%20in-ear/Sennheiser%20IE%2080%20S%20(half)
Sennheiser IE 80 S (max)	crinacle	711	crinacle/711%20in-ear/Sennheiser%20IE%2080%20S%20(max)
Sennheiser IE 80 S (min)	crinacle	711	crinacle/711%20in-ear/Sennheiser%20IE%2080%20S%20(min)
Sennheiser IE 80 S	oratory1990		oratory1990/in-ear/Sennheiser%20IE%2080%20S
Sennheiser IE 800 (sample A)	Innerfidelity		Innerfidelity/in-ear/Sennheiser%20IE%20800%20(sample%20A)
Sennheiser IE 800 (sample B)	Innerfidelity		Innerfidelity/in-ear/Sennheiser%20IE%20800%20(sample%20B)
Sennheiser IE 800 (sample C)	Innerfidelity		Innerfidelity/in-ear/Sennheiser%20IE%20800%20(sample%20C)
Sennheiser IE 800 S	crinacle	711	crinacle/711%20in-ear/Sennheiser%20IE%20800%20S
Sennheiser IE 800 S	HypetheSonics	GRAS RA0045	HypetheSonics/GRAS%20RA0045%20in-ear/Sennheiser%20IE%20800%20S
Sennheiser IE 800 S	oratory1990		oratory1990/in-ear/Sennheiser%20IE%20800%20S
Sennheiser IE 800	crinacle	711	crinacle/711%20in-ear/Sennheiser%20IE%20800
Sennheiser IE 800	Innerfidelity		Innerfidelity/in-ear/Sennheiser%20IE%20800
Sennheiser IE 800	oratory1990		oratory1990/in-ear/Sennheiser%20IE%20800
Sennheiser IE 900 (Final Audio Type E eartips)	Super Review		Super%20Review/in-ear/Sennheiser%20IE%20900%20(Final%20Audio%20Type%20E%20eartips)
Sennheiser IE 900 (foam eartips)	HypetheSonics	GRAS RA0045	HypetheSonics/GRAS%20RA0045%20in-ear/Sennheiser%20IE%20900%20(foam%20eartips)
Sennheiser IE 900 (silicone eartips)	HypetheSonics	GRAS RA0045	HypetheSonics/GRAS%20RA0045%20in-ear/Sennheiser%20IE%20900%20(silicone%20eartips)
Sennheiser IE 900	crinacle	711	crinacle/711%20in-ear/Sennheiser%20IE%20900
Sennheiser IE 900	freeryder05		freeryder05/in-ear/Sennheiser%20IE%20900
Sennheiser IE 900	Kazi		Kazi/in-ear/Sennheiser%20IE%20900
Sennheiser IE 900	oratory1990		oratory1990/in-ear/Sennheiser%20IE%20900
Sennheiser IE 900	Super Review		Super%20Review/in-ear/Sennheiser%20IE%20900
Sennheiser MM 50 iP	Headphone.com Legacy		Headphone.com%20Legacy/in-ear/Sennheiser%20MM%2050%20iP
Sennheiser MM 550	Headphone.com Legacy		Headphone.com%20Legacy/over-ear/Sennheiser%20MM%20550
Sennheiser Momentum 2.0 (wired, active)	Innerfidelity		Innerfidelity/over-ear/Sennheiser%20Momentum%202.0%20(wired,%20active)
Sennheiser Momentum 2.0 (wired, passive)	Innerfidelity		Innerfidelity/over-ear/Sennheiser%20Momentum%202.0%20(wired,%20passive)
Sennheiser Momentum 2.0 (wireless)	Innerfidelity		Innerfidelity/over-ear/Sennheiser%20Momentum%202.0%20(wireless)
Sennheiser Momentum 2.0 (wireless)	oratory1990		oratory1990/over-ear/Sennheiser%20Momentum%202.0%20(wireless)
Sennheiser Momentum 2.0 Wireless	crinacle	GRAS 43AG-7	crinacle/GRAS%2043AG-7%20over-ear/Sennheiser%20Momentum%202.0%20Wireless
Sennheiser Momentum 2.0	Innerfidelity		Innerfidelity/over-ear/Sennheiser%20Momentum%202.0
Sennheiser Momentum 3 Wireless	crinacle	GRAS 43AG-7	crinacle/GRAS%2043AG-7%20over-ear/Sennheiser%20Momentum%203%20Wireless
Sennheiser Momentum 3 Wireless	oratory1990		oratory1990/over-ear/Sennheiser%20Momentum%203%20Wireless
Sennheiser Momentum 3 Wireless	Rtings	HMS II.3	Rtings/HMS%20II.3%20over-ear/Sennheiser%20Momentum%203%20Wireless
Sennheiser Momentum 4 Wireless (passive)	crinacle	GRAS 43AG-7	crinacle/GRAS%2043AG-7%20over-ear/Sennheiser%20Momentum%204%20Wireless%20(passive)
Sennheiser Momentum 4 Wireless (passive)	Kuulokenurkka		Kuulokenurkka/over-ear/Sennheiser%20Momentum%204%20Wireless%20(passive)
Sennheiser Momentum 4 Wireless	crinacle	GRAS 43AG-7	crinacle/GRAS%2043AG-7%20over-ear/Sennheiser%20Momentum%204%20Wireless
Sennheiser Momentum 4 Wireless	Kuulokenurkka		Kuulokenurkka/over-ear/Sennheiser%20Momentum%204%20Wireless
Sennheiser Momentum 4 Wireless	oratory1990		oratory1990/over-ear/Sennheiser%20Momentum%204%20Wireless
Sennheiser Momentum 4 Wireless	Rtings	Bruel & Kjaer 5128	Rtings/Bruel%20&%20Kjaer%205128%20over-ear/Sennheiser%20Momentum%204%20Wireless
Sennheiser Momentum In-Ear	crinacle	711	crinacle/711%20in-ear/Sennheiser%20Momentum%20In-Ear
Sennheiser Momentum In-Ear	Innerfidelity		Innerfidelity/in-ear/Sennheiser%20Momentum%20In-Ear
Sennheiser Momentum In-Ear	oratory1990		oratory1990/in-ear/Sennheiser%20Momentum%20In-Ear
Sennheiser Momentum On-Ear	Headphone.com Legacy		Headphone.com%20Legacy/over-ear/Sennheiser%20Momentum%20On-Ear
Sennheiser Momentum On-Ear	Innerfidelity		Innerfidelity/over-ear/Sennheiser%20Momentum%20On-Ear
Sennheiser MOMENTUM Sport	Rtings	Bruel & Kjaer 5128	Rtings/Bruel%20&%20Kjaer%205128%20in-ear/Sennheiser%20MOMENTUM%20Sport
Sennheiser Momentum True Wireless 2	crinacle	711	crinacle/711%20in-ear/Sennheiser%20Momentum%20True%20Wireless%202
Sennheiser Momentum True Wireless 2	HypetheSonics	GRAS RA0045	HypetheSonics/GRAS%20RA0045%20in-ear/Sennheiser%20Momentum%20True%20Wireless%202
Sennheiser Momentum True Wireless 2	oratory1990		oratory1990/in-ear/Sennheiser%20Momentum%20True%20Wireless%202
Sennheiser Momentum True Wireless 2	Rtings	HMS II.3	Rtings/HMS%20II.3%20in-ear/Sennheiser%20Momentum%20True%20Wireless%202
Sennheiser Momentum True Wireless 2	Super Review		Super%20Review/in-ear/Sennheiser%20Momentum%20True%20Wireless%202
Sennheiser Momentum True Wireless 3 (ANC off)	DHRME		DHRME/in-ear/Sennheiser%20Momentum%20True%20Wireless%203%20(ANC%20off)
Sennheiser Momentum True Wireless 3 (ANC on)	DHRME		DHRME/in-ear/Sennheiser%20Momentum%20True%20Wireless%203%20(ANC%20on)
Sennheiser Momentum True Wireless 3	crinacle	711	crinacle/711%20in-ear/Sennheiser%20Momentum%20True%20Wireless%203
Sennheiser Momentum True Wireless 3	HypetheSonics	GRAS RA0045	HypetheSonics/GRAS%20RA0045%20in-ear/Sennheiser%20Momentum%20True%20Wireless%203
Sennheiser Momentum True Wireless 3	oratory1990		oratory1990/in-ear/Sennheiser%20Momentum%20True%20Wireless%203
Sennheiser Momentum True Wireless 3	Rtings	HMS II.3	Rtings/HMS%20II.3%20in-ear/Sennheiser%20Momentum%20True%20Wireless%203
Sennheiser Momentum True Wireless 3	Super Review		Super%20Review/in-ear/Sennheiser%20Momentum%20True%20Wireless%203
Sennheiser Momentum True Wireless 4 (ANC Off)	DHRME		DHRME/in-ear/Sennheiser%20Momentum%20True%20Wireless%204%20(ANC%20Off)
Sennheiser Momentum True Wireless 4 (ANC On)	DHRME		DHRME/in-ear/Sennheiser%20Momentum%20True%20Wireless%204%20(ANC%20On)
Sennheiser MOMENTUM True Wireless 4	oratory1990		oratory1990/in-ear/Sennheiser%20MOMENTUM%20True%20Wireless%204
Sennheiser MOMENTUM True Wireless 4	Rtings	Bruel & Kjaer 5128	Rtings/Bruel%20&%20Kjaer%205128%20in-ear/Sennheiser%20MOMENTUM%20True%20Wireless%204
Sennheiser Momentum True Wireless	crinacle	711	crinacle/711%20in-ear/Sennheiser%20Momentum%20True%20Wireless
Sennheiser Momentum True Wireless	oratory1990		oratory1990/in-ear/Sennheiser%20Momentum%20True%20Wireless
Sennheiser Momentum True Wireless	Rtings	HMS II.3	Rtings/HMS%20II.3%20in-ear/Sennheiser%20Momentum%20True%20Wireless
Sennheiser Momentum Wireless (wired, active)	Innerfidelity		Innerfidelity/over-ear/Sennheiser%20Momentum%20Wireless%20(wired,%20active)
Sennheiser Momentum Wireless (wired, passive)	Innerfidelity		Innerfidelity/over-ear/Sennheiser%20Momentum%20Wireless%20(wired,%20passive)
Sennheiser Momentum Wireless (wireless)	Innerfidelity		Innerfidelity/over-ear/Sennheiser%20Momentum%20Wireless%20(wireless)
Sennheiser Momentum	Headphone.com Legacy		Headphone.com%20Legacy/over-ear/Sennheiser%20Momentum
Sennheiser Momentum	Innerfidelity		Innerfidelity/over-ear/Sennheiser%20Momentum
Sennheiser MX 560	Headphone.com Legacy		Headphone.com%20Legacy/earbud/Sennheiser%20MX%20560
Sennheiser MX 560	Innerfidelity		Innerfidelity/earbud/Sennheiser%20MX%20560
Sennheiser MX 680	Innerfidelity		Innerfidelity/earbud/Sennheiser%20MX%20680
Sennheiser OCX 685	oratory1990		oratory1990/in-ear/Sennheiser%20OCX%20685
Sennheiser OMX 680	Headphone.com Legacy		Headphone.com%20Legacy/earbud/Sennheiser%20OMX%20680
Sennheiser PC 373D	oratory1990		oratory1990/over-ear/Sennheiser%20PC%20373D
Sennheiser PC37X	oratory1990		oratory1990/over-ear/Sennheiser%20PC37X
Sennheiser PC38X (velour earpads)	Filk		Filk/over-ear/Sennheiser%20PC38X%20(velour%20earpads)
Sennheiser PC38X (velour earpads)	oratory1990		oratory1990/over-ear/Sennheiser%20PC38X%20(velour%20earpads)
Sennheiser PC38X	crinacle	GRAS 43AG-7	crinacle/GRAS%2043AG-7%20over-ear/Sennheiser%20PC38X
Sennheiser PC38X	oratory1990		oratory1990/over-ear/Sennheiser%20PC38X
Sennheiser PC38X	Rtings	Bruel & Kjaer 5128	Rtings/Bruel%20&%20Kjaer%205128%20over-ear/Sennheiser%20PC38X
Sennheiser PMX 100	Headphone.com Legacy		Headphone.com%20Legacy/over-ear/Sennheiser%20PMX%20100
Sennheiser PMX 680	Headphone.com Legacy		Headphone.com%20Legacy/earbud/Sennheiser%20PMX%20680
Sennheiser PX 100 II	Headphone.com Legacy		Headphone.com%20Legacy/over-ear/Sennheiser%20PX%20100%20II
Sennheiser PX 100 II	oratory1990		oratory1990/over-ear/Sennheiser%20PX%20100%20II
Sennheiser PX 100	Innerfidelity		Innerfidelity/over-ear/Sennheiser%20PX%20100
Sennheiser PX 100-IIi	Innerfidelity		Innerfidelity/over-ear/Sennheiser%20PX%20100-IIi
Sennheiser PX 200 II	Headphone.com Legacy		Headphone.com%20Legacy/over-ear/Sennheiser%20PX%20200%20II
Sennheiser PX 200	Headphone.com Legacy		Headphone.com%20Legacy/over-ear/Sennheiser%20PX%20200
Sennheiser PX 200	Innerfidelity		Innerfidelity/over-ear/Sennheiser%20PX%20200
Sennheiser PX 200-IIi	Innerfidelity		Innerfidelity/over-ear/Sennheiser%20PX%20200-IIi
Sennheiser PX 360	Headphone.com Legacy		Headphone.com%20Legacy/over-ear/Sennheiser%20PX%20360
Sennheiser PX 360	Innerfidelity		Innerfidelity/over-ear/Sennheiser%20PX%20360
Sennheiser PXC 150	Headphone.com Legacy		Headphone.com%20Legacy/over-ear/Sennheiser%20PXC%20150
Sennheiser PXC 250 II	Rtings	HMS II.3	Rtings/HMS%20II.3%20over-ear/Sennheiser%20PXC%20250%20II
Sennheiser PXC 300	Headphone.com Legacy		Headphone.com%20Legacy/over-ear/Sennheiser%20PXC%20300
Sennheiser PXC 350	Headphone.com Legacy		Headphone.com%20Legacy/over-ear/Sennheiser%20PXC%20350
Sennheiser PXC 450	Headphone.com Legacy		Headphone.com%20Legacy/over-ear/Sennheiser%20PXC%20450
Sennheiser PXC 550 Wireless (wired, ANC on)	Innerfidelity		Innerfidelity/over-ear/Sennheiser%20PXC%20550%20Wireless%20(wired,%20ANC%20on)
Sennheiser PXC 550 Wireless (wired, power on)	Innerfidelity		Innerfidelity/over-ear/Sennheiser%20PXC%20550%20Wireless%20(wired,%20power%20on)
Sennheiser PXC 550 Wireless (wireless, ANC on)	Innerfidelity		Innerfidelity/over-ear/Sennheiser%20PXC%20550%20Wireless%20(wireless,%20ANC%20on)
Sennheiser PXC 550 Wireless	Rtings	HMS II.3	Rtings/HMS%20II.3%20over-ear/Sennheiser%20PXC%20550%20Wireless
Sennheiser PXC 550-II Wireless	oratory1990		oratory1990/over-ear/Sennheiser%20PXC%20550-II%20Wireless
Sennheiser PXC 550-II Wireless	Rtings	HMS II.3	Rtings/HMS%20II.3%20over-ear/Sennheiser%20PXC%20550-II%20Wireless
Sennheiser RS 130	Headphone.com Legacy		Headphone.com%20Legacy/over-ear/Sennheiser%20RS%20130
Sennheiser RS 160	Headphone.com Legacy		Headphone.com%20Legacy/over-ear/Sennheiser%20RS%20160
Sennheiser RS 165	Rtings	HMS II.3	Rtings/HMS%20II.3%20over-ear/Sennheiser%20RS%20165
Sennheiser RS 170	Headphone.com Legacy		Headphone.com%20Legacy/over-ear/Sennheiser%20RS%20170
Sennheiser RS 175	Filk		Filk/over-ear/Sennheiser%20RS%20175
Sennheiser RS 175	Rtings	HMS II.3	Rtings/HMS%20II.3%20over-ear/Sennheiser%20RS%20175
Sennheiser RS 180	Headphone.com Legacy		Headphone.com%20Legacy/over-ear/Sennheiser%20RS%20180
Sennheiser RS 185	Rtings	HMS II.3	Rtings/HMS%20II.3%20over-ear/Sennheiser%20RS%20185
Sennheiser RS 195	Rtings	HMS II.3	Rtings/HMS%20II.3%20over-ear/Sennheiser%20RS%20195
Sennheiser RS 220	Headphone.com Legacy		Headphone.com%20Legacy/over-ear/Sennheiser%20RS%20220
Sennheiser RS 220	Innerfidelity		Innerfidelity/over-ear/Sennheiser%20RS%20220
Sennheiser SC 160 USB-C	Rtings	HMS II.3	Rtings/HMS%20II.3%20over-ear/Sennheiser%20SC%20160%20USB-C
Sennheiser Urbanite XL	Innerfidelity		Innerfidelity/over-ear/Sennheiser%20Urbanite%20XL
Sennheiser Urbanite	Innerfidelity		Innerfidelity/over-ear/Sennheiser%20Urbanite
SENSO ActivBuds S-250	Rtings	HMS II.3	Rtings/HMS%20II.3%20in-ear/SENSO%20ActivBuds%20S-250
SGOR Venus	Fahryst		Fahryst/in-ear/SGOR%20Venus
Shanling ME100	crinacle	711	crinacle/711%20in-ear/Shanling%20ME100
Shanling ME100	crinacle	Bruel & Kjaer 4620	crinacle/Bruel%20&%20Kjaer%204620%20in-ear/Shanling%20ME100
Shanling ME200	crinacle	711	crinacle/711%20in-ear/Shanling%20ME200
Shanling ME500	crinacle	711	crinacle/711%20in-ear/Shanling%20ME500
Shanling ME600 (black nozzle)	ToneDeafMonk		ToneDeafMonk/in-ear/Shanling%20ME600%20(black%20nozzle)
Shanling ME600 (clear nozzle)	ToneDeafMonk		ToneDeafMonk/in-ear/Shanling%20ME600%20(clear%20nozzle)
Shanling ME600 (red nozzle)	ToneDeafMonk		ToneDeafMonk/in-ear/Shanling%20ME600%20(red%20nozzle)
Shanling ME700 Lite	crinacle	711	crinacle/711%20in-ear/Shanling%20ME700%20Lite
Shanling ME700 Lite	crinacle	Bruel & Kjaer 4620	crinacle/Bruel%20&%20Kjaer%204620%20in-ear/Shanling%20ME700%20Lite
Shanling ME700 Lite	Super Review		Super%20Review/in-ear/Shanling%20ME700%20Lite
Shanling ME700	crinacle	711	crinacle/711%20in-ear/Shanling%20ME700
Shanling ME800 (off-off)	crinacle	711	crinacle/711%20in-ear/Shanling%20ME800%20(off-off)
Shanling ME800 (off-off)	crinacle	Bruel & Kjaer 4620	crinacle/Bruel%20&%20Kjaer%204620%20in-ear/Shanling%20ME800%20(off-off)
Shanling ME800 (off-on)	crinacle	711	crinacle/711%20in-ear/Shanling%20ME800%20(off-on)
Shanling ME800 (off-on)	crinacle	Bruel & Kjaer 4620	crinacle/Bruel%20&%20Kjaer%204620%20in-ear/Shanling%20ME800%20(off-on)
Shanling ME800 (on-off)	crinacle	711	crinacle/711%20in-ear/Shanling%20ME800%20(on-off)
Shanling ME800 (on-off)	crinacle	Bruel & Kjaer 4620	crinacle/Bruel%20&%20Kjaer%204620%20in-ear/Shanling%20ME800%20(on-off)
Shanling ME800 (on-on)	crinacle	711	crinacle/711%20in-ear/Shanling%20ME800%20(on-on)
Shanling ME800 (on-on)	crinacle	Bruel & Kjaer 4620	crinacle/Bruel%20&%20Kjaer%204620%20in-ear/Shanling%20ME800%20(on-on)
Shanling MG100 (red nozzle)	Harpo		Harpo/in-ear/Shanling%20MG100%20(red%20nozzle)
Shanling MG100 (silver nozzle)	Harpo		Harpo/in-ear/Shanling%20MG100%20(silver%20nozzle)
Shanling MG600	crinacle	711	crinacle/711%20in-ear/Shanling%20MG600
Shanling MG600	crinacle	Bruel & Kjaer 4620	crinacle/Bruel%20&%20Kjaer%204620%20in-ear/Shanling%20MG600
Shanling MTW200	crinacle	711	crinacle/711%20in-ear/Shanling%20MTW200
Shanling Sono (black nozzle)	Harpo		Harpo/in-ear/Shanling%20Sono%20(black%20nozzle)
Shanling Sono	Harpo		Harpo/in-ear/Shanling%20Sono
Shanling TINO (analog cable)	ToneDeafMonk		ToneDeafMonk/in-ear/Shanling%20TINO%20(analog%20cable)
Shanling TINO (USB cable)	ToneDeafMonk		ToneDeafMonk/in-ear/Shanling%20TINO%20(USB%20cable)
Shokz OpenFit Air (ANC off)	Regan Cipher		Regan%20Cipher/earbud/Shokz%20OpenFit%20Air%20(ANC%20off)
Shokz OpenFit Air	Rtings	Bruel & Kjaer 5128	Rtings/Bruel%20&%20Kjaer%205128%20earbud/Shokz%20OpenFit%20Air
Shokz OpenFit	Rtings	HMS II.3	Rtings/HMS%20II.3%20in-ear/Shokz%20OpenFit
Shokz OpenRun Pro 2 Bone Conduction	Rtings	Bruel & Kjaer 5128	Rtings/Bruel%20&%20Kjaer%205128%20earbud/Shokz%20OpenRun%20Pro%202%20Bone%20Conduction
Shokz OpenRun Pro	Rtings	HMS II.3	Rtings/HMS%20II.3%20earbud/Shokz%20OpenRun%20Pro
Shokz OpenRun	Rtings	HMS II.3	Rtings/HMS%20II.3%20earbud/Shokz%20OpenRun
Shortbus Audio Fat Earth	Jaytiss		Jaytiss/in-ear/Shortbus%20Audio%20Fat%20Earth
Shortbus Audio Glamdring	Jaytiss		Jaytiss/in-ear/Shortbus%20Audio%20Glamdring
Shozy & Neo BG	crinacle	Bruel & Kjaer 4620	crinacle/Bruel%20&%20Kjaer%204620%20in-ear/Shozy%20&%20Neo%20BG
Shozy & Neo BG	Hi End Portable		Hi%20End%20Portable/in-ear/Shozy%20&%20Neo%20BG
Shozy & Neo CP	crinacle	711	crinacle/711%20in-ear/Shozy%20&%20Neo%20CP
Shozy & Neo CP	Super Review		Super%20Review/in-ear/Shozy%20&%20Neo%20CP
Shozy B2	crinacle	711	crinacle/711%20in-ear/Shozy%20B2
Shozy BG Blue Limited Edition	crinacle	711	crinacle/711%20in-ear/Shozy%20BG%20Blue%20Limited%20Edition
Shozy BG	crinacle	711	crinacle/711%20in-ear/Shozy%20BG
Shozy Black Hole Mini	crinacle	711	crinacle/711%20in-ear/Shozy%20Black%20Hole%20Mini
Shozy Black Hole Mini	crinacle	Bruel & Kjaer 4620	crinacle/Bruel%20&%20Kjaer%204620%20in-ear/Shozy%20Black%20Hole%20Mini
Shozy Black Hole	crinacle	711	crinacle/711%20in-ear/Shozy%20Black%20Hole
Shozy Ceres	crinacle	711	crinacle/711%20in-ear/Shozy%20Ceres
Shozy Cygnus	HypetheSonics		HypetheSonics/earbud/Shozy%20Cygnus
Shozy Elsa	crinacle	711	crinacle/711%20in-ear/Shozy%20Elsa
Shozy Form 1.1	crinacle	711	crinacle/711%20in-ear/Shozy%20Form%201.1
Shozy Form 1.1	Harpo		Harpo/in-ear/Shozy%20Form%201.1
Shozy Form 1.1	RikudouGoku		RikudouGoku/in-ear/Shozy%20Form%201.1
Shozy Magma	Harpo		Harpo/in-ear/Shozy%20Magma
Shozy P20	Hi End Portable		Hi%20End%20Portable/in-ear/Shozy%20P20
Shozy P20	Jaytiss		Jaytiss/in-ear/Shozy%20P20
Shozy Rouge	crinacle	711	crinacle/711%20in-ear/Shozy%20Rouge
Shozy Rouge	Super Review		Super%20Review/in-ear/Shozy%20Rouge
Shozy Stardust (bK)	HypetheSonics		HypetheSonics/earbud/Shozy%20Stardust%20(bK)
Shozy T1	Fahryst		Fahryst/in-ear/Shozy%20T1
Shozy V33	crinacle	711	crinacle/711%20in-ear/Shozy%20V33
Shozy V33	Fahryst		Fahryst/in-ear/Shozy%20V33
Shozy V33	Hi End Portable		Hi%20End%20Portable/in-ear/Shozy%20V33
Shozy x AAW Hibiki SE	crinacle	711	crinacle/711%20in-ear/Shozy%20x%20AAW%20Hibiki%20SE
Shozy x AAW Hibiki	crinacle	711	crinacle/711%20in-ear/Shozy%20x%20AAW%20Hibiki
Shozy x AAW Hibiki	HypetheSonics	Bruel & Kjaer 5128	HypetheSonics/Bruel%20&%20Kjaer%205128%20in-ear/Shozy%20x%20AAW%20Hibiki
Shozy x AAW Pola	crinacle	711	crinacle/711%20in-ear/Shozy%20x%20AAW%20Pola
Shozy x AAW POLA39	HypetheSonics	Bruel & Kjaer 5128	HypetheSonics/Bruel%20&%20Kjaer%205128%20in-ear/Shozy%20x%20AAW%20POLA39
Shuoer Aoshida E20 (narrow bore eartips)	kr0mka		kr0mka/in-ear/Shuoer%20Aoshida%20E20%20(narrow%20bore%20eartips)
Shuoer Aoshida E20 (wide bore eartips)	kr0mka		kr0mka/in-ear/Shuoer%20Aoshida%20E20%20(wide%20bore%20eartips)
Shuoer Cadenza 12 2024	Jaytiss		Jaytiss/in-ear/Shuoer%20Cadenza%2012%202024
Shuoer Cadenza 12 2025 Edition	ToneDeafMonk		ToneDeafMonk/in-ear/Shuoer%20Cadenza%2012%202025%20Edition
Shuoer Cadenza 12	HypetheSonics	GRAS RA0045	HypetheSonics/GRAS%20RA0045%20in-ear/Shuoer%20Cadenza%2012
Shuoer Cadenza 12	kr0mka		kr0mka/in-ear/Shuoer%20Cadenza%2012
Shuoer Cadenza 12	Super Review		Super%20Review/in-ear/Shuoer%20Cadenza%2012
Shuoer Cadenza 12	ToneDeafMonk		ToneDeafMonk/in-ear/Shuoer%20Cadenza%2012
Shuoer Cadenza 4	Hi End Portable		Hi%20End%20Portable/in-ear/Shuoer%20Cadenza%204
Shuoer Cadenza 4	Jaytiss		Jaytiss/in-ear/Shuoer%20Cadenza%204
Shuoer Cadenza 4	Super Review		Super%20Review/in-ear/Shuoer%20Cadenza%204
Shuoer Cadenza 4	ToneDeafMonk		ToneDeafMonk/in-ear/Shuoer%20Cadenza%204
Shuoer Cadenza	Super Review		Super%20Review/in-ear/Shuoer%20Cadenza
Shuoer Conductor	ToneDeafMonk		ToneDeafMonk/in-ear/Shuoer%20Conductor
Shuoer D13 (gold nozzle)	crinacle	711	crinacle/711%20in-ear/Shuoer%20D13%20(gold%20nozzle)
Shuoer D13 (gold nozzle)	Harpo		Harpo/in-ear/Shuoer%20D13%20(gold%20nozzle)
Shuoer D13 (gold nozzle)	Hi End Portable		Hi%20End%20Portable/in-ear/Shuoer%20D13%20(gold%20nozzle)
Shuoer D13 (gold nozzle)	Super Review		Super%20Review/in-ear/Shuoer%20D13%20(gold%20nozzle)
Shuoer D13 (silver nozzle)	crinacle	711	crinacle/711%20in-ear/Shuoer%20D13%20(silver%20nozzle)
Shuoer D13 (silver nozzle)	Harpo		Harpo/in-ear/Shuoer%20D13%20(silver%20nozzle)
Shuoer D13 (silver nozzle)	Hi End Portable		Hi%20End%20Portable/in-ear/Shuoer%20D13%20(silver%20nozzle)
Shuoer D13 (silver nozzle)	Super Review		Super%20Review/in-ear/Shuoer%20D13%20(silver%20nozzle)
Shuoer Dx1	Jaytiss		Jaytiss/in-ear/Shuoer%20Dx1
Shuoer Dx1	Kazi		Kazi/in-ear/Shuoer%20Dx1
Shuoer Dx1	Super Review		Super%20Review/in-ear/Shuoer%20Dx1
Shuoer Dx1	ToneDeafMonk		ToneDeafMonk/in-ear/Shuoer%20Dx1
Shuoer DZ4	Fahryst		Fahryst/in-ear/Shuoer%20DZ4
Shuoer DZ4	Hi End Portable		Hi%20End%20Portable/in-ear/Shuoer%20DZ4
Shuoer DZ4	Super Review		Super%20Review/in-ear/Shuoer%20DZ4
Shuoer DZ4	ToneDeafMonk		ToneDeafMonk/in-ear/Shuoer%20DZ4
Shuoer EJ07	crinacle	711	crinacle/711%20in-ear/Shuoer%20EJ07
Shuoer EJ07	Harpo		Harpo/in-ear/Shuoer%20EJ07
Shuoer EJ07	Jaytiss		Jaytiss/in-ear/Shuoer%20EJ07
Shuoer EJ07	ToneDeafMonk		ToneDeafMonk/in-ear/Shuoer%20EJ07
Shuoer EJ07M (CIEM)	kr0mka		kr0mka/in-ear/Shuoer%20EJ07M%20(CIEM)
Shuoer EJ07M Kinda Lava Edition	Bakkwatan		Bakkwatan/in-ear/Shuoer%20EJ07M%20Kinda%20Lava%20Edition
Shuoer EJ07M Kinda Lava Edition	crinacle	711	crinacle/711%20in-ear/Shuoer%20EJ07M%20Kinda%20Lava%20Edition
Shuoer EJ07M Kinda Lava Edition	Harpo		Harpo/in-ear/Shuoer%20EJ07M%20Kinda%20Lava%20Edition
Shuoer EJ07M Kinda Lava Edition	Kazi		Kazi/in-ear/Shuoer%20EJ07M%20Kinda%20Lava%20Edition
Shuoer EJ07M Kinda Lava Edition	Super Review		Super%20Review/in-ear/Shuoer%20EJ07M%20Kinda%20Lava%20Edition
Shuoer EJ07M	crinacle	711	crinacle/711%20in-ear/Shuoer%20EJ07M
Shuoer EJ07M	crinacle	Bruel & Kjaer 4620	crinacle/Bruel%20&%20Kjaer%204620%20in-ear/Shuoer%20EJ07M
Shuoer EJ07M	Harpo		Harpo/in-ear/Shuoer%20EJ07M
Shuoer EJ07M	kr0mka		kr0mka/in-ear/Shuoer%20EJ07M
Shuoer EJ07M	RikudouGoku		RikudouGoku/in-ear/Shuoer%20EJ07M
Shuoer EJ07M	Super Review		Super%20Review/in-ear/Shuoer%20EJ07M
Shuoer EJ07M	ToneDeafMonk		ToneDeafMonk/in-ear/Shuoer%20EJ07M
Shuoer EJ09	ToneDeafMonk		ToneDeafMonk/in-ear/Shuoer%20EJ09
Shuoer Galileo	Bakkwatan		Bakkwatan/in-ear/Shuoer%20Galileo
Shuoer Galileo	crinacle	Bruel & Kjaer 4620	crinacle/Bruel%20&%20Kjaer%204620%20in-ear/Shuoer%20Galileo
Shuoer Galileo	Fahryst		Fahryst/in-ear/Shuoer%20Galileo
Shuoer Galileo	Super Review		Super%20Review/in-ear/Shuoer%20Galileo
Shuoer Galileo	ToneDeafMonk		ToneDeafMonk/in-ear/Shuoer%20Galileo
Shuoer H27	crinacle	Bruel & Kjaer 4620	crinacle/Bruel%20&%20Kjaer%204620%20in-ear/Shuoer%20H27
Shuoer Mystic 8 (black eartips)	Super Review		Super%20Review/in-ear/Shuoer%20Mystic%208%20(black%20eartips)
Shuoer Mystic 8 (clear eartips)	Super Review		Super%20Review/in-ear/Shuoer%20Mystic%208%20(clear%20eartips)
Shuoer Mystic 8 (wide eartips)	Super Review		Super%20Review/in-ear/Shuoer%20Mystic%208%20(wide%20eartips)
Shuoer Mystic 8	Hi End Portable		Hi%20End%20Portable/in-ear/Shuoer%20Mystic%208
Shuoer Mystic 8	Jaytiss		Jaytiss/in-ear/Shuoer%20Mystic%208
Shuoer Mystic 8	Kazi		Kazi/in-ear/Shuoer%20Mystic%208
Shuoer Mystic 8	ToneDeafMonk		ToneDeafMonk/in-ear/Shuoer%20Mystic%208
Shuoer S08	Fahryst		Fahryst/in-ear/Shuoer%20S08
Shuoer S08	Hi End Portable		Hi%20End%20Portable/in-ear/Shuoer%20S08
Shuoer S08	Jaytiss		Jaytiss/in-ear/Shuoer%20S08
Shuoer S08	Super Review		Super%20Review/in-ear/Shuoer%20S08
Shuoer S08	ToneDeafMonk		ToneDeafMonk/in-ear/Shuoer%20S08
Shuoer S12 2024 Special Edition	ToneDeafMonk		ToneDeafMonk/in-ear/Shuoer%20S12%202024%20Special%20Edition
Shuoer S12 2024	Hi End Portable		Hi%20End%20Portable/in-ear/Shuoer%20S12%202024
Shuoer S12 2024	Jaytiss		Jaytiss/in-ear/Shuoer%20S12%202024
Shuoer S12 Pro	crinacle	Bruel & Kjaer 4620	crinacle/Bruel%20&%20Kjaer%204620%20in-ear/Shuoer%20S12%20Pro
Shuoer S12 Pro	Hi End Portable		Hi%20End%20Portable/in-ear/Shuoer%20S12%20Pro
Shuoer S12 Pro	Jaytiss		Jaytiss/in-ear/Shuoer%20S12%20Pro
Shuoer S12 Pro	Kazi		Kazi/in-ear/Shuoer%20S12%20Pro
Shuoer S12 Pro	oratory1990		oratory1990/in-ear/Shuoer%20S12%20Pro
Shuoer S12	crinacle	711	crinacle/711%20in-ear/Shuoer%20S12
Shuoer S12	Fahryst		Fahryst/in-ear/Shuoer%20S12
Shuoer S12	Harpo		Harpo/in-ear/Shuoer%20S12
Shuoer S12	Hi End Portable		Hi%20End%20Portable/in-ear/Shuoer%20S12
Shuoer S12	oratory1990		oratory1990/in-ear/Shuoer%20S12
Shuoer S12	Super Review		Super%20Review/in-ear/Shuoer%20S12
Shuoer S12	ToneDeafMonk		ToneDeafMonk/in-ear/Shuoer%20S12
Shuoer S15	Hi End Portable		Hi%20End%20Portable/in-ear/Shuoer%20S15
Shuoer S15	Jaytiss		Jaytiss/in-ear/Shuoer%20S15
Shuoer S15	Super Review		Super%20Review/in-ear/Shuoer%20S15
Shuoer Singer	Super Review		Super%20Review/in-ear/Shuoer%20Singer
Shuoer Soloist	ToneDeafMonk		ToneDeafMonk/in-ear/Shuoer%20Soloist
Shuoer Tape Pro	crinacle	711	crinacle/711%20in-ear/Shuoer%20Tape%20Pro
Shuoer Tape Pro	crinacle	Bruel & Kjaer 4620	crinacle/Bruel%20&%20Kjaer%204620%20in-ear/Shuoer%20Tape%20Pro
Shuoer Tape Pro	RikudouGoku		RikudouGoku/in-ear/Shuoer%20Tape%20Pro
Shuoer Tape	crinacle	711	crinacle/711%20in-ear/Shuoer%20Tape
Shuoer Tape	oratory1990		oratory1990/in-ear/Shuoer%20Tape
Shuoer Tape	RikudouGoku		RikudouGoku/in-ear/Shuoer%20Tape
Shure Aonic 3	crinacle	711	crinacle/711%20in-ear/Shure%20Aonic%203
Shure Aonic 4	crinacle	711	crinacle/711%20in-ear/Shure%20Aonic%204
Shure Aonic 5 (bright filter)	crinacle	711	crinacle/711%20in-ear/Shure%20Aonic%205%20(bright%20filter)
Shure Aonic 5 (default filter)	crinacle	711	crinacle/711%20in-ear/Shure%20Aonic%205%20(default%20filter)
Shure Aonic 5 (warm filter)	crinacle	711	crinacle/711%20in-ear/Shure%20Aonic%205%20(warm%20filter)
Shure AONIC 50 Gen 2	Rtings	HMS II.3	Rtings/HMS%20II.3%20over-ear/Shure%20AONIC%2050%20Gen%202
Shure AONIC 50	crinacle	GRAS 43AG-7	crinacle/GRAS%2043AG-7%20over-ear/Shure%20AONIC%2050
Shure AONIC 50	oratory1990		oratory1990/over-ear/Shure%20AONIC%2050
Shure AONIC 50	Rtings	HMS II.3	Rtings/HMS%20II.3%20over-ear/Shure%20AONIC%2050
Shure AONIC 50	Super Review		Super%20Review/over-ear/Shure%20AONIC%2050
Shure KSE1200	crinacle	711	crinacle/711%20in-ear/Shure%20KSE1200
Shure KSE1200	oratory1990		oratory1990/in-ear/Shure%20KSE1200
Shure KSE1500	HypetheSonics	Bruel & Kjaer 5128	HypetheSonics/Bruel%20&%20Kjaer%205128%20in-ear/Shure%20KSE1500
Shure KSE1500	oratory1990		oratory1990/in-ear/Shure%20KSE1500
Shure SE110	Headphone.com Legacy		Headphone.com%20Legacy/in-ear/Shure%20SE110
Shure SE112	oratory1990		oratory1990/in-ear/Shure%20SE112
Shure SE210	Headphone.com Legacy		Headphone.com%20Legacy/in-ear/Shure%20SE210
Shure SE215 Ltd	crinacle	711	crinacle/711%20in-ear/Shure%20SE215%20Ltd
Shure SE215	crinacle	711	crinacle/711%20in-ear/Shure%20SE215
Shure SE215	Headphone.com Legacy		Headphone.com%20Legacy/in-ear/Shure%20SE215
Shure SE215	Innerfidelity		Innerfidelity/in-ear/Shure%20SE215
Shure SE215	oratory1990		oratory1990/in-ear/Shure%20SE215
Shure SE215	Rtings	HMS II.3	Rtings/HMS%20II.3%20in-ear/Shure%20SE215
Shure SE215	Super Review		Super%20Review/in-ear/Shure%20SE215
Shure SE310	Headphone.com Legacy		Headphone.com%20Legacy/in-ear/Shure%20SE310
Shure SE315	crinacle	711	crinacle/711%20in-ear/Shure%20SE315
Shure SE315	Headphone.com Legacy		Headphone.com%20Legacy/in-ear/Shure%20SE315
Shure SE315	Innerfidelity		Innerfidelity/in-ear/Shure%20SE315
Shure SE315	Rtings	HMS II.3	Rtings/HMS%20II.3%20in-ear/Shure%20SE315
Shure SE420	Headphone.com Legacy		Headphone.com%20Legacy/in-ear/Shure%20SE420
Shure SE425	crinacle	711	crinacle/711%20in-ear/Shure%20SE425
Shure SE425	Headphone.com Legacy		Headphone.com%20Legacy/in-ear/Shure%20SE425
Shure SE425	Innerfidelity		Innerfidelity/in-ear/Shure%20SE425
Shure SE425	Rtings	HMS II.3	Rtings/HMS%20II.3%20in-ear/Shure%20SE425
Shure SE530	Headphone.com Legacy		Headphone.com%20Legacy/in-ear/Shure%20SE530
Shure SE530	Innerfidelity		Innerfidelity/in-ear/Shure%20SE530
Shure SE535	crinacle	711	crinacle/711%20in-ear/Shure%20SE535
Shure SE535	Headphone.com Legacy		Headphone.com%20Legacy/in-ear/Shure%20SE535
Shure SE535	Innerfidelity		Innerfidelity/in-ear/Shure%20SE535
Shure SE535	oratory1990		oratory1990/in-ear/Shure%20SE535
Shure SE846 (black)	crinacle	711	crinacle/711%20in-ear/Shure%20SE846%20(black)
Shure SE846 (black)	Headphone.com Legacy		Headphone.com%20Legacy/in-ear/Shure%20SE846%20(black)
Shure SE846 (black)	Innerfidelity		Innerfidelity/in-ear/Shure%20SE846%20(black)
Shure SE846 (blue)	crinacle	711	crinacle/711%20in-ear/Shure%20SE846%20(blue)
Shure SE846 (blue)	Headphone.com Legacy		Headphone.com%20Legacy/in-ear/Shure%20SE846%20(blue)
Shure SE846 (blue)	Innerfidelity		Innerfidelity/in-ear/Shure%20SE846%20(blue)
Shure SE846 (white)	crinacle	711	crinacle/711%20in-ear/Shure%20SE846%20(white)
Shure SE846 (white)	Headphone.com Legacy		Headphone.com%20Legacy/in-ear/Shure%20SE846%20(white)
Shure SE846 (white)	Innerfidelity		Innerfidelity/in-ear/Shure%20SE846%20(white)
Shure SE846 (white)	oratory1990		oratory1990/in-ear/Shure%20SE846%20(white)
Shure SE846	oratory1990		oratory1990/in-ear/Shure%20SE846
Shure SRH1440	Headphone.com Legacy		Headphone.com%20Legacy/over-ear/Shure%20SRH1440
Shure SRH1440	Innerfidelity		Innerfidelity/over-ear/Shure%20SRH1440
Shure SRH1540	crinacle	GRAS 43AG-7	crinacle/GRAS%2043AG-7%20over-ear/Shure%20SRH1540
Shure SRH1540	Headphone.com Legacy		Headphone.com%20Legacy/over-ear/Shure%20SRH1540
Shure SRH1540	Innerfidelity		Innerfidelity/over-ear/Shure%20SRH1540
Shure SRH1540	oratory1990		oratory1990/over-ear/Shure%20SRH1540
Shure SRH1840	Auriculares Argentina		Auriculares%20Argentina/over-ear/Shure%20SRH1840
Shure SRH1840	Headphone.com Legacy		Headphone.com%20Legacy/over-ear/Shure%20SRH1840
Shure SRH1840	Innerfidelity		Innerfidelity/over-ear/Shure%20SRH1840
Shure SRH1840	oratory1990		oratory1990/over-ear/Shure%20SRH1840
Shure SRH240	Headphone.com Legacy		Headphone.com%20Legacy/over-ear/Shure%20SRH240
Shure SRH240	Rtings	HMS II.3	Rtings/HMS%20II.3%20over-ear/Shure%20SRH240
Shure SRH240A	crinacle	GRAS 43AG-7	crinacle/GRAS%2043AG-7%20over-ear/Shure%20SRH240A
Shure SRH440	Auriculares Argentina		Auriculares%20Argentina/over-ear/Shure%20SRH440
Shure SRH440	crinacle	GRAS 43AG-7	crinacle/GRAS%2043AG-7%20over-ear/Shure%20SRH440
Shure SRH440	Filk		Filk/over-ear/Shure%20SRH440
Shure SRH440	Headphone.com Legacy		Headphone.com%20Legacy/over-ear/Shure%20SRH440
Shure SRH440	Innerfidelity		Innerfidelity/over-ear/Shure%20SRH440
Shure SRH440	oratory1990		oratory1990/over-ear/Shure%20SRH440
Shure SRH440	Rtings	HMS II.3	Rtings/HMS%20II.3%20over-ear/Shure%20SRH440
Shure SRH440A	oratory1990		oratory1990/over-ear/Shure%20SRH440A
Shure SRH750DJ	Headphone.com Legacy		Headphone.com%20Legacy/over-ear/Shure%20SRH750DJ
Shure SRH750DJ	Innerfidelity		Innerfidelity/over-ear/Shure%20SRH750DJ
Shure SRH840	crinacle	GRAS 43AG-7	crinacle/GRAS%2043AG-7%20over-ear/Shure%20SRH840
Shure SRH840	Headphone.com Legacy		Headphone.com%20Legacy/over-ear/Shure%20SRH840
Shure SRH840	Innerfidelity		Innerfidelity/over-ear/Shure%20SRH840
Shure SRH840	oratory1990		oratory1990/over-ear/Shure%20SRH840
Shure SRH840A	oratory1990		oratory1990/over-ear/Shure%20SRH840A
Shure SRH940	Headphone.com Legacy		Headphone.com%20Legacy/over-ear/Shure%20SRH940
Shure SRH940	Innerfidelity		Innerfidelity/over-ear/Shure%20SRH940
Signature Acoustics Elements C12	Innerfidelity		Innerfidelity/in-ear/Signature%20Acoustics%20Elements%20C12
Silver Monkey Arago	Filk		Filk/over-ear/Silver%20Monkey%20Arago
Simgot Audio EA1000 (black nozzle)	crinacle	711	crinacle/711%20in-ear/Simgot%20Audio%20EA1000%20(black%20nozzle)
Simgot Audio EA1000 (black nozzle)	Hi End Portable		Hi%20End%20Portable/in-ear/Simgot%20Audio%20EA1000%20(black%20nozzle)
Simgot Audio EA1000 (black nozzle)	Jaytiss		Jaytiss/in-ear/Simgot%20Audio%20EA1000%20(black%20nozzle)
Simgot Audio EA1000 (black nozzle)	Kazi		Kazi/in-ear/Simgot%20Audio%20EA1000%20(black%20nozzle)
Simgot Audio EA1000 (black nozzle)	RikudouGoku		RikudouGoku/in-ear/Simgot%20Audio%20EA1000%20(black%20nozzle)
Simgot Audio EA1000 (black nozzle)	Super Review		Super%20Review/in-ear/Simgot%20Audio%20EA1000%20(black%20nozzle)
Simgot Audio EA1000 (black nozzle)	ToneDeafMonk		ToneDeafMonk/in-ear/Simgot%20Audio%20EA1000%20(black%20nozzle)
Simgot Audio EA1000 (blue nozzle)	Regan Cipher		Regan%20Cipher/in-ear/Simgot%20Audio%20EA1000%20(blue%20nozzle)
Simgot Audio EA1000 (gold nozzle)	Fahryst		Fahryst/in-ear/Simgot%20Audio%20EA1000%20(gold%20nozzle)
Simgot Audio EA1000 (gold nozzle)	Hi End Portable		Hi%20End%20Portable/in-ear/Simgot%20Audio%20EA1000%20(gold%20nozzle)
Simgot Audio EA1000 (gold nozzle)	Jaytiss		Jaytiss/in-ear/Simgot%20Audio%20EA1000%20(gold%20nozzle)
Simgot Audio EA1000 (gold nozzle)	Kazi		Kazi/in-ear/Simgot%20Audio%20EA1000%20(gold%20nozzle)
Simgot Audio EA1000 (gold nozzle)	Regan Cipher		Regan%20Cipher/in-ear/Simgot%20Audio%20EA1000%20(gold%20nozzle)
Simgot Audio EA1000 (gold nozzle)	RikudouGoku		RikudouGoku/in-ear/Simgot%20Audio%20EA1000%20(gold%20nozzle)
Simgot Audio EA1000 (gold nozzle)	ToneDeafMonk		ToneDeafMonk/in-ear/Simgot%20Audio%20EA1000%20(gold%20nozzle)
Simgot Audio EA1000 (red nozzle)	crinacle	711	crinacle/711%20in-ear/Simgot%20Audio%20EA1000%20(red%20nozzle)
Simgot Audio EA1000 (red nozzle)	Hi End Portable		Hi%20End%20Portable/in-ear/Simgot%20Audio%20EA1000%20(red%20nozzle)
Simgot Audio EA1000 (red nozzle)	Jaytiss		Jaytiss/in-ear/Simgot%20Audio%20EA1000%20(red%20nozzle)
Simgot Audio EA1000 (red nozzle)	Kazi		Kazi/in-ear/Simgot%20Audio%20EA1000%20(red%20nozzle)
Simgot Audio EA1000 (red nozzle)	Regan Cipher		Regan%20Cipher/in-ear/Simgot%20Audio%20EA1000%20(red%20nozzle)
Simgot Audio EA1000 (red nozzle)	RikudouGoku		RikudouGoku/in-ear/Simgot%20Audio%20EA1000%20(red%20nozzle)
Simgot Audio EA1000 (red nozzle)	Super Review		Super%20Review/in-ear/Simgot%20Audio%20EA1000%20(red%20nozzle)
Simgot Audio EA1000 (red nozzle)	ToneDeafMonk		ToneDeafMonk/in-ear/Simgot%20Audio%20EA1000%20(red%20nozzle)
Simgot Audio EA1000 (silver black nozzle)	Fahryst		Fahryst/in-ear/Simgot%20Audio%20EA1000%20(silver%20black%20nozzle)
Simgot Audio EA1000 (silver red nozzle)	Fahryst		Fahryst/in-ear/Simgot%20Audio%20EA1000%20(silver%20red%20nozzle)
Simgot Audio EA1000 (white nozzle)	crinacle	711	crinacle/711%20in-ear/Simgot%20Audio%20EA1000%20(white%20nozzle)
Simgot Audio EA1000 (white nozzle)	Super Review		Super%20Review/in-ear/Simgot%20Audio%20EA1000%20(white%20nozzle)
Simgot Audio EA500 (black nozzle)	Auriculares Argentina		Auriculares%20Argentina/in-ear/Simgot%20Audio%20EA500%20(black%20nozzle)
Simgot Audio EA500 (black nozzle)	crinacle	711	crinacle/711%20in-ear/Simgot%20Audio%20EA500%20(black%20nozzle)
Simgot Audio EA500 (black nozzle)	Fahryst		Fahryst/in-ear/Simgot%20Audio%20EA500%20(black%20nozzle)
Simgot Audio EA500 (black nozzle)	Hi End Portable		Hi%20End%20Portable/in-ear/Simgot%20Audio%20EA500%20(black%20nozzle)
Simgot Audio EA500 (black nozzle)	Kazi		Kazi/in-ear/Simgot%20Audio%20EA500%20(black%20nozzle)
Simgot Audio EA500 (black nozzle)	RikudouGoku		RikudouGoku/in-ear/Simgot%20Audio%20EA500%20(black%20nozzle)
Simgot Audio EA500 (black nozzle)	Super Review		Super%20Review/in-ear/Simgot%20Audio%20EA500%20(black%20nozzle)
Simgot Audio EA500 (Moondrop Kato brass nozzle)	Fahryst		Fahryst/in-ear/Simgot%20Audio%20EA500%20(Moondrop%20Kato%20brass%20nozzle)
Simgot Audio EA500 (Moondrop Kato steel nozzle)	Fahryst		Fahryst/in-ear/Simgot%20Audio%20EA500%20(Moondrop%20Kato%20steel%20nozzle)
Simgot Audio EA500 (red nozzle)	crinacle	711	crinacle/711%20in-ear/Simgot%20Audio%20EA500%20(red%20nozzle)
Simgot Audio EA500 (red nozzle)	Fahryst		Fahryst/in-ear/Simgot%20Audio%20EA500%20(red%20nozzle)
Simgot Audio EA500 (red nozzle)	Hi End Portable		Hi%20End%20Portable/in-ear/Simgot%20Audio%20EA500%20(red%20nozzle)
Simgot Audio EA500 (red nozzle)	Kazi		Kazi/in-ear/Simgot%20Audio%20EA500%20(red%20nozzle)
Simgot Audio EA500 (red nozzle)	RikudouGoku		RikudouGoku/in-ear/Simgot%20Audio%20EA500%20(red%20nozzle)
Simgot Audio EA500 (red nozzle)	Super Review		Super%20Review/in-ear/Simgot%20Audio%20EA500%20(red%20nozzle)
Simgot Audio EA500 (red nozzle)	ToneDeafMonk		ToneDeafMonk/in-ear/Simgot%20Audio%20EA500%20(red%20nozzle)
Simgot Audio EA500	Harpo		Harpo/in-ear/Simgot%20Audio%20EA500
Simgot Audio EA500LM (black nozzle)	crinacle	711	crinacle/711%20in-ear/Simgot%20Audio%20EA500LM%20(black%20nozzle)
Simgot Audio EA500LM (black nozzle)	Fahryst		Fahryst/in-ear/Simgot%20Audio%20EA500LM%20(black%20nozzle)
Simgot Audio EA500LM (black nozzle)	Harpo		Harpo/in-ear/Simgot%20Audio%20EA500LM%20(black%20nozzle)
Simgot Audio EA500LM (black nozzle)	Hi End Portable		Hi%20End%20Portable/in-ear/Simgot%20Audio%20EA500LM%20(black%20nozzle)
Simgot Audio EA500LM (black nozzle)	Kazi		Kazi/in-ear/Simgot%20Audio%20EA500LM%20(black%20nozzle)
Simgot Audio EA500LM (black nozzle)	Regan Cipher		Regan%20Cipher/in-ear/Simgot%20Audio%20EA500LM%20(black%20nozzle)
Simgot Audio EA500LM (black nozzle)	RikudouGoku		RikudouGoku/in-ear/Simgot%20Audio%20EA500LM%20(black%20nozzle)
Simgot Audio EA500LM (black nozzle)	ToneDeafMonk		ToneDeafMonk/in-ear/Simgot%20Audio%20EA500LM%20(black%20nozzle)
Simgot Audio EA500LM (bronze nozzle)	Harpo		Harpo/in-ear/Simgot%20Audio%20EA500LM%20(bronze%20nozzle)
Simgot Audio EA500LM (gold nozzle)	Fahryst		Fahryst/in-ear/Simgot%20Audio%20EA500LM%20(gold%20nozzle)
Simgot Audio EA500LM (gold nozzle)	Hi End Portable		Hi%20End%20Portable/in-ear/Simgot%20Audio%20EA500LM%20(gold%20nozzle)
Simgot Audio EA500LM (gold nozzle)	Kazi		Kazi/in-ear/Simgot%20Audio%20EA500LM%20(gold%20nozzle)
Simgot Audio EA500LM (gold nozzle)	Regan Cipher		Regan%20Cipher/in-ear/Simgot%20Audio%20EA500LM%20(gold%20nozzle)
Simgot Audio EA500LM (gold nozzle)	RikudouGoku		RikudouGoku/in-ear/Simgot%20Audio%20EA500LM%20(gold%20nozzle)
Simgot Audio EA500LM (gold nozzle)	Super Review		Super%20Review/in-ear/Simgot%20Audio%20EA500LM%20(gold%20nozzle)
Simgot Audio EA500LM (red nozzle)	crinacle	711	crinacle/711%20in-ear/Simgot%20Audio%20EA500LM%20(red%20nozzle)
Simgot Audio EA500LM (red nozzle)	Fahryst		Fahryst/in-ear/Simgot%20Audio%20EA500LM%20(red%20nozzle)
Simgot Audio EA500LM (red nozzle)	Harpo		Harpo/in-ear/Simgot%20Audio%20EA500LM%20(red%20nozzle)
Simgot Audio EA500LM (red nozzle)	Hi End Portable		Hi%20End%20Portable/in-ear/Simgot%20Audio%20EA500LM%20(red%20nozzle)
Simgot Audio EA500LM (red nozzle)	Kazi		Kazi/in-ear/Simgot%20Audio%20EA500LM%20(red%20nozzle)
Simgot Audio EA500LM (red nozzle)	Regan Cipher		Regan%20Cipher/in-ear/Simgot%20Audio%20EA500LM%20(red%20nozzle)
Simgot Audio EA500LM (red nozzle)	RikudouGoku		RikudouGoku/in-ear/Simgot%20Audio%20EA500LM%20(red%20nozzle)
Simgot Audio EA500LM (red nozzle)	ToneDeafMonk		ToneDeafMonk/in-ear/Simgot%20Audio%20EA500LM%20(red%20nozzle)
Simgot Audio EA500LM	Jaytiss		Jaytiss/in-ear/Simgot%20Audio%20EA500LM
Simgot Audio EK3 (off-off)	crinacle	711	crinacle/711%20in-ear/Simgot%20Audio%20EK3%20(off-off)
Simgot Audio EK3 (off-on)	crinacle	711	crinacle/711%20in-ear/Simgot%20Audio%20EK3%20(off-on)
Simgot Audio EK3 (on-off)	crinacle	711	crinacle/711%20in-ear/Simgot%20Audio%20EK3%20(on-off)
Simgot Audio EK3 (on-on)	crinacle	711	crinacle/711%20in-ear/Simgot%20Audio%20EK3%20(on-on)
Simgot Audio EM10	Jaytiss		Jaytiss/in-ear/Simgot%20Audio%20EM10
Simgot Audio EM10	Kazi		Kazi/in-ear/Simgot%20Audio%20EM10
Simgot Audio EM10	ToneDeafMonk		ToneDeafMonk/in-ear/Simgot%20Audio%20EM10
Simgot Audio EM2	crinacle	711	crinacle/711%20in-ear/Simgot%20Audio%20EM2
Simgot Audio EM5	crinacle	711	crinacle/711%20in-ear/Simgot%20Audio%20EM5
Simgot Audio EM5H	crinacle	711	crinacle/711%20in-ear/Simgot%20Audio%20EM5H
Simgot Audio EM6L	Auriculares Argentina		Auriculares%20Argentina/in-ear/Simgot%20Audio%20EM6L
Simgot Audio EM6L	crinacle	711	crinacle/711%20in-ear/Simgot%20Audio%20EM6L
Simgot Audio EM6L	Fahryst		Fahryst/in-ear/Simgot%20Audio%20EM6L
Simgot Audio EM6L	Harpo		Harpo/in-ear/Simgot%20Audio%20EM6L
Simgot Audio EM6L	Hi End Portable		Hi%20End%20Portable/in-ear/Simgot%20Audio%20EM6L
Simgot Audio EM6L	Jaytiss		Jaytiss/in-ear/Simgot%20Audio%20EM6L
Simgot Audio EM6L	Kazi		Kazi/in-ear/Simgot%20Audio%20EM6L
Simgot Audio EM6L	Regan Cipher		Regan%20Cipher/in-ear/Simgot%20Audio%20EM6L
Simgot Audio EM6L	RikudouGoku		RikudouGoku/in-ear/Simgot%20Audio%20EM6L
Simgot Audio EM6L	Super Review		Super%20Review/in-ear/Simgot%20Audio%20EM6L
Simgot Audio EM6L	ToneDeafMonk		ToneDeafMonk/in-ear/Simgot%20Audio%20EM6L
Simgot Audio EN1000 (black plug)	Kazi		Kazi/in-ear/Simgot%20Audio%20EN1000%20(black%20plug)
Simgot Audio EN1000 (blue plug)	Kazi		Kazi/in-ear/Simgot%20Audio%20EN1000%20(blue%20plug)
Simgot Audio EN1000 (red plug)	Kazi		Kazi/in-ear/Simgot%20Audio%20EN1000%20(red%20plug)
Simgot Audio EN700 Pro	crinacle	711	crinacle/711%20in-ear/Simgot%20Audio%20EN700%20Pro
Simgot Audio EN700 Pro	HypetheSonics	GRAS RA0045	HypetheSonics/GRAS%20RA0045%20in-ear/Simgot%20Audio%20EN700%20Pro
Simgot Audio EN700 Pro	Super Review		Super%20Review/in-ear/Simgot%20Audio%20EN700%20Pro
Simgot Audio EN700	crinacle	711	crinacle/711%20in-ear/Simgot%20Audio%20EN700
Simgot Audio EP5	Super Review		Super%20Review/over-ear/Simgot%20Audio%20EP5
Simgot Audio ET 142 (short black nozzle)	Jaytiss		Jaytiss/in-ear/Simgot%20Audio%20ET%20142%20(short%20black%20nozzle)
Simgot Audio ET142 (black circle nozzle)	Hi End Portable		Hi%20End%20Portable/in-ear/Simgot%20Audio%20ET142%20(black%20circle%20nozzle)
Simgot Audio ET142 (black circle nozzle)	Kazi		Kazi/in-ear/Simgot%20Audio%20ET142%20(black%20circle%20nozzle)
Simgot Audio ET142 (blazed titanium transparent nozzle)	Hi End Portable		Hi%20End%20Portable/in-ear/Simgot%20Audio%20ET142%20(blazed%20titanium%20transparent%20nozzle)
Simgot Audio ET142 (blazed titanium transparent nozzle)	Kazi		Kazi/in-ear/Simgot%20Audio%20ET142%20(blazed%20titanium%20transparent%20nozzle)
Simgot Audio ET142 (red circle nozzle)	Hi End Portable		Hi%20End%20Portable/in-ear/Simgot%20Audio%20ET142%20(red%20circle%20nozzle)
Simgot Audio ET142 (red circle nozzle)	Jaytiss		Jaytiss/in-ear/Simgot%20Audio%20ET142%20(red%20circle%20nozzle)
Simgot Audio ET142 (red circle nozzle)	Kazi		Kazi/in-ear/Simgot%20Audio%20ET142%20(red%20circle%20nozzle)
Simgot Audio ET142 (yellow ring nozzle)	Hi End Portable		Hi%20End%20Portable/in-ear/Simgot%20Audio%20ET142%20(yellow%20ring%20nozzle)
Simgot Audio EW100	Kazi		Kazi/in-ear/Simgot%20Audio%20EW100
Simgot Audio EW100P	crinacle	711	crinacle/711%20in-ear/Simgot%20Audio%20EW100P
Simgot Audio EW100P	Harpo		Harpo/in-ear/Simgot%20Audio%20EW100P
Simgot Audio EW100P	Hi End Portable		Hi%20End%20Portable/in-ear/Simgot%20Audio%20EW100P
Simgot Audio EW100P	Kazi		Kazi/in-ear/Simgot%20Audio%20EW100P
Simgot Audio EW100P	oratory1990		oratory1990/in-ear/Simgot%20Audio%20EW100P
Simgot Audio EW100P	ToneDeafMonk		ToneDeafMonk/in-ear/Simgot%20Audio%20EW100P
Simgot Audio EW200	crinacle	711	crinacle/711%20in-ear/Simgot%20Audio%20EW200
Simgot Audio EW200	Fahryst		Fahryst/in-ear/Simgot%20Audio%20EW200
Simgot Audio EW200	Harpo		Harpo/in-ear/Simgot%20Audio%20EW200
Simgot Audio EW200	Hi End Portable		Hi%20End%20Portable/in-ear/Simgot%20Audio%20EW200
Simgot Audio EW200	Jaytiss		Jaytiss/in-ear/Simgot%20Audio%20EW200
Simgot Audio EW200	Kazi		Kazi/in-ear/Simgot%20Audio%20EW200
Simgot Audio EW200	Regan Cipher		Regan%20Cipher/in-ear/Simgot%20Audio%20EW200
Simgot Audio EW200	RikudouGoku		RikudouGoku/in-ear/Simgot%20Audio%20EW200
Simgot Audio EW200	ToneDeafMonk		ToneDeafMonk/in-ear/Simgot%20Audio%20EW200
Simgot Audio EW300 (gold)	Fahryst		Fahryst/in-ear/Simgot%20Audio%20EW300%20(gold)
Simgot Audio EW300 (gold)	Filk		Filk/in-ear/Simgot%20Audio%20EW300%20(gold)
Simgot Audio EW300 (gold)	Hi End Portable		Hi%20End%20Portable/in-ear/Simgot%20Audio%20EW300%20(gold)
Simgot Audio EW300 (gold)	RikudouGoku		RikudouGoku/in-ear/Simgot%20Audio%20EW300%20(gold)
Simgot Audio EW300 (silver)	Fahryst		Fahryst/in-ear/Simgot%20Audio%20EW300%20(silver)
Simgot Audio EW300 (silver)	Filk		Filk/in-ear/Simgot%20Audio%20EW300%20(silver)
Simgot Audio EW300 (silver)	Hi End Portable		Hi%20End%20Portable/in-ear/Simgot%20Audio%20EW300%20(silver)
Simgot Audio EW300 (silver)	RikudouGoku		RikudouGoku/in-ear/Simgot%20Audio%20EW300%20(silver)
Simgot Audio EW300 DSP	Jaytiss		Jaytiss/in-ear/Simgot%20Audio%20EW300%20DSP
Simgot Audio EW300 DSP	Kazi		Kazi/in-ear/Simgot%20Audio%20EW300%20DSP
Simgot Audio EW300	Kazi		Kazi/in-ear/Simgot%20Audio%20EW300
Simgot Audio FLD100	kr0mka		kr0mka/earbud/Simgot%20Audio%20FLD100
Simgot Audio SuperMix 4	Fahryst		Fahryst/in-ear/Simgot%20Audio%20SuperMix%204
Simgot Audio SuperMix 4	Hi End Portable		Hi%20End%20Portable/in-ear/Simgot%20Audio%20SuperMix%204
Simgot Audio SuperMix 4	Jaytiss		Jaytiss/in-ear/Simgot%20Audio%20SuperMix%204
Simgot Audio SuperMix 4	Kazi		Kazi/in-ear/Simgot%20Audio%20SuperMix%204
Simgot Audio SuperMix 4	Regan Cipher		Regan%20Cipher/in-ear/Simgot%20Audio%20SuperMix%204
Simgot Audio SuperMix 4	Super Review		Super%20Review/in-ear/Simgot%20Audio%20SuperMix%204
Simgot Audio SuperMix 4	ToneDeafMonk		ToneDeafMonk/in-ear/Simgot%20Audio%20SuperMix%204
Simphonio RX10	crinacle	711	crinacle/711%20in-ear/Simphonio%20RX10
Simphonio RX10	crinacle	Bruel & Kjaer 4620	crinacle/Bruel%20&%20Kjaer%204620%20in-ear/Simphonio%20RX10
Simphonio VR1	crinacle	711	crinacle/711%20in-ear/Simphonio%20VR1
Sineaptic SE-1 (passive, pleather earpads)	Kuulokenurkka		Kuulokenurkka/over-ear/Sineaptic%20SE-1%20(passive,%20pleather%20earpads)
Sineaptic SE-1 (wireless, pleather earpads)	Kuulokenurkka		Kuulokenurkka/over-ear/Sineaptic%20SE-1%20(wireless,%20pleather%20earpads)
Singapore Airlines complimentary earphones	crinacle	711	crinacle/711%20in-ear/Singapore%20Airlines%20complimentary%20earphones
Sivga Anser	Auriculares Argentina		Auriculares%20Argentina/over-ear/Sivga%20Anser
Sivga Anser	Super Review		Super%20Review/over-ear/Sivga%20Anser
Sivga Audio Phoenix	crinacle	GRAS 43AG-7	crinacle/GRAS%2043AG-7%20over-ear/Sivga%20Audio%20Phoenix
Sivga Audio Phoenix	oratory1990		oratory1990/over-ear/Sivga%20Audio%20Phoenix
Sivga Audio Robin	Auriculares Argentina		Auriculares%20Argentina/over-ear/Sivga%20Audio%20Robin
Sivga Audio Robin	crinacle	GRAS 43AG-7	crinacle/GRAS%2043AG-7%20over-ear/Sivga%20Audio%20Robin
Sivga Audio Robin	oratory1990		oratory1990/over-ear/Sivga%20Audio%20Robin
Sivga Luan	Auriculares Argentina		Auriculares%20Argentina/over-ear/Sivga%20Luan
Sivga Luan	oratory1990		oratory1990/over-ear/Sivga%20Luan
Sivga Luan	Super Review		Super%20Review/over-ear/Sivga%20Luan
Sivga Nightingale	Hi End Portable		Hi%20End%20Portable/in-ear/Sivga%20Nightingale
Sivga Nightingale	Super Review		Super%20Review/in-ear/Sivga%20Nightingale
Sivga Oriole	Auriculares Argentina		Auriculares%20Argentina/over-ear/Sivga%20Oriole
Sivga Oriole	oratory1990		oratory1990/over-ear/Sivga%20Oriole
Sivga P2 Pro	Auriculares Argentina		Auriculares%20Argentina/over-ear/Sivga%20P2%20Pro
Sivga Que UTG	ToneDeafMonk		ToneDeafMonk/in-ear/Sivga%20Que%20UTG
Sivga Que	Jaytiss		Jaytiss/in-ear/Sivga%20Que
Sivga Que	Super Review		Super%20Review/in-ear/Sivga%20Que
Sivga Que	ToneDeafMonk		ToneDeafMonk/in-ear/Sivga%20Que
Skullcandy Aviators no Lens	Innerfidelity		Innerfidelity/over-ear/Skullcandy%20Aviators%20no%20Lens
Skullcandy Aviators	Headphone.com Legacy		Headphone.com%20Legacy/over-ear/Skullcandy%20Aviators
Skullcandy Crusher 360	Rtings	HMS II.3	Rtings/HMS%20II.3%20over-ear/Skullcandy%20Crusher%20360
Skullcandy Crusher Evo	Rtings	HMS II.3	Rtings/HMS%20II.3%20over-ear/Skullcandy%20Crusher%20Evo
Skullcandy Crusher Wireless (bass boost)	Auriculares Argentina		Auriculares%20Argentina/over-ear/Skullcandy%20Crusher%20Wireless%20(bass%20boost)
Skullcandy Crusher Wireless (wired, sub off)	Innerfidelity		Innerfidelity/over-ear/Skullcandy%20Crusher%20Wireless%20(wired,%20sub%20off)
Skullcandy Crusher Wireless	Auriculares Argentina		Auriculares%20Argentina/over-ear/Skullcandy%20Crusher%20Wireless
Skullcandy Crusher Wireless	Rtings	HMS II.3	Rtings/HMS%20II.3%20over-ear/Skullcandy%20Crusher%20Wireless
Skullcandy Crusher	Innerfidelity		Innerfidelity/over-ear/Skullcandy%20Crusher
Skullcandy Crusher	Rtings	HMS II.3	Rtings/HMS%20II.3%20over-ear/Skullcandy%20Crusher
Skullcandy Dime 2	Rtings	HMS II.3	Rtings/HMS%20II.3%20in-ear/Skullcandy%20Dime%202
Skullcandy Dime 3	Rtings	Bruel & Kjaer 5128	Rtings/Bruel%20&%20Kjaer%205128%20in-ear/Skullcandy%20Dime%203
Skullcandy Dime	Rtings	HMS II.3	Rtings/HMS%20II.3%20in-ear/Skullcandy%20Dime
Skullcandy Grind Fuel	Rtings	HMS II.3	Rtings/HMS%20II.3%20in-ear/Skullcandy%20Grind%20Fuel
Skullcandy Grind Wireless	oratory1990		oratory1990/over-ear/Skullcandy%20Grind%20Wireless
Skullcandy Grind	Innerfidelity		Innerfidelity/over-ear/Skullcandy%20Grind
Skullcandy Grind	Rtings	HMS II.3	Rtings/HMS%20II.3%20over-ear/Skullcandy%20Grind
Skullcandy Hesh 2	Innerfidelity		Innerfidelity/over-ear/Skullcandy%20Hesh%202
Skullcandy Hesh 2	Rtings	HMS II.3	Rtings/HMS%20II.3%20over-ear/Skullcandy%20Hesh%202
Skullcandy Hesh 3	Rtings	HMS II.3	Rtings/HMS%20II.3%20over-ear/Skullcandy%20Hesh%203
Skullcandy Hesh ANC	Rtings	HMS II.3	Rtings/HMS%20II.3%20over-ear/Skullcandy%20Hesh%20ANC
Skullcandy Hesh Evo	Rtings	HMS II.3	Rtings/HMS%20II.3%20over-ear/Skullcandy%20Hesh%20Evo
Skullcandy Hesh NBA	Headphone.com Legacy		Headphone.com%20Legacy/over-ear/Skullcandy%20Hesh%20NBA
Skullcandy Hesh	Headphone.com Legacy		Headphone.com%20Legacy/over-ear/Skullcandy%20Hesh
Skullcandy Holua	Headphone.com Legacy		Headphone.com%20Legacy/in-ear/Skullcandy%20Holua
Skullcandy Holua	Innerfidelity		Innerfidelity/in-ear/Skullcandy%20Holua
Skullcandy Indy ANC	Rtings	HMS II.3	Rtings/HMS%20II.3%20in-ear/Skullcandy%20Indy%20ANC
Skullcandy Indy Evo	Rtings	HMS II.3	Rtings/HMS%20II.3%20in-ear/Skullcandy%20Indy%20Evo
Skullcandy Indy Fuel	Rtings	HMS II.3	Rtings/HMS%20II.3%20in-ear/Skullcandy%20Indy%20Fuel
Skullcandy Indy	Rtings	HMS II.3	Rtings/HMS%20II.3%20in-ear/Skullcandy%20Indy
Skullcandy Inkd 2.0	kr0mka		kr0mka/in-ear/Skullcandy%20Inkd%202.0
Skullcandy Jib True	Rtings	HMS II.3	Rtings/HMS%20II.3%20in-ear/Skullcandy%20Jib%20True
Skullcandy Jib	Rtings	HMS II.3	Rtings/HMS%20II.3%20in-ear/Skullcandy%20Jib
Skullcandy Mix Master	Headphone.com Legacy		Headphone.com%20Legacy/over-ear/Skullcandy%20Mix%20Master
Skullcandy Mix Master	Innerfidelity		Innerfidelity/over-ear/Skullcandy%20Mix%20Master
Skullcandy Navigator	Innerfidelity		Innerfidelity/over-ear/Skullcandy%20Navigator
Skullcandy Push Active	Rtings	HMS II.3	Rtings/HMS%20II.3%20in-ear/Skullcandy%20Push%20Active
Skullcandy Push Ultra	Rtings	HMS II.3	Rtings/HMS%20II.3%20in-ear/Skullcandy%20Push%20Ultra
Skullcandy Push	Rtings	HMS II.3	Rtings/HMS%20II.3%20in-ear/Skullcandy%20Push
Skullcandy Riff Wireless 2	Rtings	HMS II.3	Rtings/HMS%20II.3%20over-ear/Skullcandy%20Riff%20Wireless%202
Skullcandy Roc Nation Aviator	Innerfidelity		Innerfidelity/over-ear/Skullcandy%20Roc%20Nation%20Aviator
Skullcandy Sesh ANC	Rtings	HMS II.3	Rtings/HMS%20II.3%20in-ear/Skullcandy%20Sesh%20ANC
Skullcandy Sesh Evo	Rtings	HMS II.3	Rtings/HMS%20II.3%20in-ear/Skullcandy%20Sesh%20Evo
Skullcandy Sesh	Rtings	HMS II.3	Rtings/HMS%20II.3%20in-ear/Skullcandy%20Sesh
Skullcandy SkullCrushers Max Bass	Headphone.com Legacy		Headphone.com%20Legacy/over-ear/Skullcandy%20SkullCrushers%20Max%20Bass
Skullcandy Smokin Buds 2	HypetheSonics	GRAS RA0045	HypetheSonics/GRAS%20RA0045%20in-ear/Skullcandy%20Smokin%20Buds%202
Skullcandy Smokin Buds- Mic'd	Headphone.com Legacy		Headphone.com%20Legacy/in-ear/Skullcandy%20Smokin%20Buds-%20Mic'd
Skullcandy Smokin Buds	Headphone.com Legacy		Headphone.com%20Legacy/in-ear/Skullcandy%20Smokin%20Buds
Skullcandy Smokin Buds	Rtings	HMS II.3	Rtings/HMS%20II.3%20in-ear/Skullcandy%20Smokin%20Buds
Skullcandy Spoke	Rtings	HMS II.3	Rtings/HMS%20II.3%20in-ear/Skullcandy%20Spoke
Skullcandy Venue	Rtings	HMS II.3	Rtings/HMS%20II.3%20over-ear/Skullcandy%20Venue
Sleek SA1	Headphone.com Legacy		Headphone.com%20Legacy/in-ear/Sleek%20SA1
Sleek SA6	Headphone.com Legacy		Headphone.com%20Legacy/in-ear/Sleek%20SA6
Smabat M0 + Super Point	Hi End Portable		Hi%20End%20Portable/in-ear/Smabat%20M0%20+%20Super%20Point
Smabat M0	Hi End Portable		Hi%20End%20Portable/in-ear/Smabat%20M0
Smabat M2 Pro	Hi End Portable		Hi%20End%20Portable/in-ear/Smabat%20M2%20Pro
Smabat M2s (gold driver)	Hi End Portable		Hi%20End%20Portable/in-ear/Smabat%20M2s%20(gold%20driver)
Smabat M2s Pro	Hi End Portable		Hi%20End%20Portable/in-ear/Smabat%20M2s%20Pro
Smabat M4 (balanced armature driver)	Hi End Portable		Hi%20End%20Portable/in-ear/Smabat%20M4%20(balanced%20armature%20driver)
Smabat ST-10S	Hi End Portable		Hi%20End%20Portable/in-ear/Smabat%20ST-10S
Smabat X1 (H switch down)	Hi End Portable		Hi%20End%20Portable/in-ear/Smabat%20X1%20(H%20switch%20down)
Smabat X1 (H switch up)	Hi End Portable		Hi%20End%20Portable/in-ear/Smabat%20X1%20(H%20switch%20up)
SMS Audio DJ Pro	Innerfidelity		Innerfidelity/over-ear/SMS%20Audio%20DJ%20Pro
SMS Audio Over Ear ANC	Innerfidelity		Innerfidelity/over-ear/SMS%20Audio%20Over%20Ear%20ANC
SMS Audio Street by 50 Cent	Innerfidelity		Innerfidelity/over-ear/SMS%20Audio%20Street%20by%2050%20Cent
SMS Audio Sync by 50 Cent	Innerfidelity		Innerfidelity/over-ear/SMS%20Audio%20Sync%20by%2050%20Cent
Snab Overtone EP-101M	Filk		Filk/in-ear/Snab%20Overtone%20EP-101M
SoftEars Cerberus	crinacle	711	crinacle/711%20in-ear/SoftEars%20Cerberus
SoftEars Enigma	Super Review		Super%20Review/in-ear/SoftEars%20Enigma
SoftEars RS10	crinacle	711	crinacle/711%20in-ear/SoftEars%20RS10
SoftEars RS10	crinacle	Bruel & Kjaer 4620	crinacle/Bruel%20&%20Kjaer%204620%20in-ear/SoftEars%20RS10
SoftEars RS10	Jaytiss		Jaytiss/in-ear/SoftEars%20RS10
SoftEars RSV	crinacle	711	crinacle/711%20in-ear/SoftEars%20RSV
SoftEars RSV	Jaytiss		Jaytiss/in-ear/SoftEars%20RSV
SoftEars RSV	Super Review		Super%20Review/in-ear/SoftEars%20RSV
SoftEars Studio 2	Jaytiss		Jaytiss/in-ear/SoftEars%20Studio%202
SoftEars Studio 2	Super Review		Super%20Review/in-ear/SoftEars%20Studio%202
SoftEars Studio 4	Harpo		Harpo/in-ear/SoftEars%20Studio%204
SoftEars Studio 4	Jaytiss		Jaytiss/in-ear/SoftEars%20Studio%204
SoftEars Studio 4	Super Review		Super%20Review/in-ear/SoftEars%20Studio%204
SoftEars Studio4 Starry Version	Super Review		Super%20Review/in-ear/SoftEars%20Studio4%20Starry%20Version
SoftEars Turii Ti	Kazi		Kazi/in-ear/SoftEars%20Turii%20Ti
SoftEars Turii	crinacle	711	crinacle/711%20in-ear/SoftEars%20Turii
SoftEars Turii	crinacle	Bruel & Kjaer 4620	crinacle/Bruel%20&%20Kjaer%204620%20in-ear/SoftEars%20Turii
SoftEars Turii	Kazi		Kazi/in-ear/SoftEars%20Turii
SoftEars Twilight	crinacle	711	crinacle/711%20in-ear/SoftEars%20Twilight
SoftEars Twilight	Fahryst		Fahryst/in-ear/SoftEars%20Twilight
SoftEars Twilight	Harpo		Harpo/in-ear/SoftEars%20Twilight
SoftEars Twilight	Jaytiss		Jaytiss/in-ear/SoftEars%20Twilight
SoftEars Twilight	ToneDeafMonk		ToneDeafMonk/in-ear/SoftEars%20Twilight
SoftEars Volume S (high impedance)	Super Review		Super%20Review/in-ear/SoftEars%20Volume%20S%20(high%20impedance)
SoftEars Volume S (high impedance)	ToneDeafMonk		ToneDeafMonk/in-ear/SoftEars%20Volume%20S%20(high%20impedance)
SoftEars Volume S (low impedance)	Super Review		Super%20Review/in-ear/SoftEars%20Volume%20S%20(low%20impedance)
SoftEars Volume S (low impedance)	ToneDeafMonk		ToneDeafMonk/in-ear/SoftEars%20Volume%20S%20(low%20impedance)
SoftEars Volume S	Jaytiss		Jaytiss/in-ear/SoftEars%20Volume%20S
SoftEars Volume	crinacle	711	crinacle/711%20in-ear/SoftEars%20Volume
SoftEars Volume	crinacle	Bruel & Kjaer 4620	crinacle/Bruel%20&%20Kjaer%204620%20in-ear/SoftEars%20Volume
SoftEars Volume	Harpo		Harpo/in-ear/SoftEars%20Volume
SoftEars Volume	Jaytiss		Jaytiss/in-ear/SoftEars%20Volume
SoftEars Volume	RikudouGoku		RikudouGoku/in-ear/SoftEars%20Volume
SoftEars Volume	Super Review		Super%20Review/in-ear/SoftEars%20Volume
SOL REPUBLIC Master Tracks XC	Innerfidelity		Innerfidelity/over-ear/SOL%20REPUBLIC%20Master%20Tracks%20XC
SOL REPUBLIC Tracks B	Innerfidelity		Innerfidelity/over-ear/SOL%20REPUBLIC%20Tracks%20B
SOL REPUBLIC Tracks	Innerfidelity		Innerfidelity/over-ear/SOL%20REPUBLIC%20Tracks
Somic V2	Filk		Filk/over-ear/Somic%20V2
Soncie Meory SW500H	Super Review		Super%20Review/in-ear/Soncie%20Meory%20SW500H
Sonic Sonic	crinacle	711	crinacle/711%20in-ear/Sonic%20Sonic
Sonos Ace (ANC off)	Kuulokenurkka		Kuulokenurkka/over-ear/Sonos%20Ace%20(ANC%20off)
Sonos Ace (ANC on)	Kuulokenurkka		Kuulokenurkka/over-ear/Sonos%20Ace%20(ANC%20on)
Sonos Ace (ANC on, loudness on)	Kuulokenurkka		Kuulokenurkka/over-ear/Sonos%20Ace%20(ANC%20on,%20loudness%20on)
Sonos Ace	Rtings	Bruel & Kjaer 5128	Rtings/Bruel%20&%20Kjaer%205128%20over-ear/Sonos%20Ace
Sony DR-Z7	Innerfidelity		Innerfidelity/over-ear/Sony%20DR-Z7
Sony Float Run	Rtings	HMS II.3	Rtings/HMS%20II.3%20earbud/Sony%20Float%20Run
Sony h.ear on	Rtings	HMS II.3	Rtings/HMS%20II.3%20over-ear/Sony%20h.ear%20on
Sony IER-M7 Q	crinacle	711	crinacle/711%20in-ear/Sony%20IER-M7%20Q
Sony IER-M7	crinacle	711	crinacle/711%20in-ear/Sony%20IER-M7
Sony IER-M7	oratory1990		oratory1990/in-ear/Sony%20IER-M7
Sony IER-M9 (no filter)	crinacle	711	crinacle/711%20in-ear/Sony%20IER-M9%20(no%20filter)
Sony IER-M9	crinacle	711	crinacle/711%20in-ear/Sony%20IER-M9
Sony IER-M9	freeryder05		freeryder05/in-ear/Sony%20IER-M9
Sony IER-M9	HypetheSonics	GRAS RA0045	HypetheSonics/GRAS%20RA0045%20in-ear/Sony%20IER-M9
Sony IER-M9	oratory1990		oratory1990/in-ear/Sony%20IER-M9
Sony IER-M9	ToneDeafMonk		ToneDeafMonk/in-ear/Sony%20IER-M9
Sony IER-NW510N	Super Review		Super%20Review/in-ear/Sony%20IER-NW510N
Sony IER-Z1R (AZLA Sedna eartips)	Super Review		Super%20Review/in-ear/Sony%20IER-Z1R%20(AZLA%20Sedna%20eartips)
Sony IER-Z1R (no filter)	crinacle	711	crinacle/711%20in-ear/Sony%20IER-Z1R%20(no%20filter)
Sony IER-Z1R (Symbio eartips)	Super Review		Super%20Review/in-ear/Sony%20IER-Z1R%20(Symbio%20eartips)
Sony IER-Z1R	crinacle	711	crinacle/711%20in-ear/Sony%20IER-Z1R
Sony IER-Z1R	crinacle	Bruel & Kjaer 4620	crinacle/Bruel%20&%20Kjaer%204620%20in-ear/Sony%20IER-Z1R
Sony IER-Z1R	freeryder05		freeryder05/in-ear/Sony%20IER-Z1R
Sony IER-Z1R	HypetheSonics	GRAS RA0045	HypetheSonics/GRAS%20RA0045%20in-ear/Sony%20IER-Z1R
Sony IER-Z1R	oratory1990		oratory1990/in-ear/Sony%20IER-Z1R
Sony IER-Z1R	Super Review		Super%20Review/in-ear/Sony%20IER-Z1R
Sony INZONE Buds	Rtings	Bruel & Kjaer 5128	Rtings/Bruel%20&%20Kjaer%205128%20in-ear/Sony%20INZONE%20Buds
Sony INZONE H3	Rtings	HMS II.3	Rtings/HMS%20II.3%20over-ear/Sony%20INZONE%20H3
Sony INZONE H7	Rtings	HMS II.3	Rtings/HMS%20II.3%20over-ear/Sony%20INZONE%20H7
Sony INZONE H9	Rtings	HMS II.3	Rtings/HMS%20II.3%20over-ear/Sony%20INZONE%20H9
Sony LinkBuds Fit	DHRME		DHRME/in-ear/Sony%20LinkBuds%20Fit
Sony LinkBuds S (ANC Off)	DHRME		DHRME/in-ear/Sony%20LinkBuds%20S%20(ANC%20Off)
Sony LinkBuds S (ANC on)	DHRME		DHRME/in-ear/Sony%20LinkBuds%20S%20(ANC%20on)
Sony LinkBuds S	HypetheSonics	GRAS RA0045	HypetheSonics/GRAS%20RA0045%20in-ear/Sony%20LinkBuds%20S
Sony LinkBuds S	Rtings	Bruel & Kjaer 5128	Rtings/Bruel%20&%20Kjaer%205128%20in-ear/Sony%20LinkBuds%20S
Sony LinkBuds	Rtings	HMS II.3	Rtings/HMS%20II.3%20earbud/Sony%20LinkBuds
Sony MDR-1000X (wired, ANC off)	Innerfidelity		Innerfidelity/over-ear/Sony%20MDR-1000X%20(wired,%20ANC%20off)
Sony MDR-1000X (wired, ANC on)	Innerfidelity		Innerfidelity/over-ear/Sony%20MDR-1000X%20(wired,%20ANC%20on)
Sony MDR-1000X (wireless, ANC off)	Innerfidelity		Innerfidelity/over-ear/Sony%20MDR-1000X%20(wireless,%20ANC%20off)
Sony MDR-1000X (wireless, ANC on)	Innerfidelity		Innerfidelity/over-ear/Sony%20MDR-1000X%20(wireless,%20ANC%20on)
Sony MDR-1000X	oratory1990		oratory1990/over-ear/Sony%20MDR-1000X
Sony MDR-1000X	Rtings	HMS II.3	Rtings/HMS%20II.3%20over-ear/Sony%20MDR-1000X
Sony MDR-1A	Rtings	HMS II.3	Rtings/HMS%20II.3%20over-ear/Sony%20MDR-1A
Sony MDR-1AM2	crinacle	GRAS 43AG-7	crinacle/GRAS%2043AG-7%20over-ear/Sony%20MDR-1AM2
Sony MDR-1R	Innerfidelity		Innerfidelity/over-ear/Sony%20MDR-1R
Sony MDR-1RBT	Innerfidelity		Innerfidelity/over-ear/Sony%20MDR-1RBT
Sony MDR-3	crinacle	EARS + 711	crinacle/EARS%20+%20711%20over-ear/Sony%20MDR-3
Sony MDR-7502	Headphone.com Legacy		Headphone.com%20Legacy/over-ear/Sony%20MDR-7502
Sony MDR-7502	Innerfidelity		Innerfidelity/over-ear/Sony%20MDR-7502
Sony MDR-7505	Headphone.com Legacy		Headphone.com%20Legacy/over-ear/Sony%20MDR-7505
Sony MDR-7505	Innerfidelity		Innerfidelity/over-ear/Sony%20MDR-7505
Sony MDR-7506	Headphone.com Legacy		Headphone.com%20Legacy/over-ear/Sony%20MDR-7506
Sony MDR-7506	oratory1990		oratory1990/over-ear/Sony%20MDR-7506
Sony MDR-7506	Rtings	HMS II.3	Rtings/HMS%20II.3%20over-ear/Sony%20MDR-7506
Sony MDR-7506	Super Review		Super%20Review/over-ear/Sony%20MDR-7506
Sony MDR-7509HD	Headphone.com Legacy		Headphone.com%20Legacy/over-ear/Sony%20MDR-7509HD
Sony MDR-7509HD	Innerfidelity		Innerfidelity/over-ear/Sony%20MDR-7509HD
Sony MDR-7510	crinacle	GRAS 43AG-7	crinacle/GRAS%2043AG-7%20over-ear/Sony%20MDR-7510
Sony MDR-7520	Innerfidelity		Innerfidelity/over-ear/Sony%20MDR-7520
Sony MDR-7520	Rtings	HMS II.3	Rtings/HMS%20II.3%20over-ear/Sony%20MDR-7520
Sony MDR-7550	crinacle	711	crinacle/711%20in-ear/Sony%20MDR-7550
Sony MDR-7550	Headphone.com Legacy		Headphone.com%20Legacy/in-ear/Sony%20MDR-7550
Sony MDR-7550	Innerfidelity		Innerfidelity/in-ear/Sony%20MDR-7550
Sony MDR-7550	oratory1990		oratory1990/in-ear/Sony%20MDR-7550
Sony MDR-AS40EX	Headphone.com Legacy		Headphone.com%20Legacy/in-ear/Sony%20MDR-AS40EX
Sony MDR-AS50G	Headphone.com Legacy		Headphone.com%20Legacy/in-ear/Sony%20MDR-AS50G
Sony MDR-AS800	crinacle	711	crinacle/711%20in-ear/Sony%20MDR-AS800
Sony MDR-AS800	Super Review		Super%20Review/in-ear/Sony%20MDR-AS800
Sony MDR-CD2000	crinacle	EARS + 711	crinacle/EARS%20+%20711%20over-ear/Sony%20MDR-CD2000
Sony MDR-CD3000	Innerfidelity		Innerfidelity/over-ear/Sony%20MDR-CD3000
Sony MDR-CD380	crinacle	GRAS 43AG-7	crinacle/GRAS%2043AG-7%20over-ear/Sony%20MDR-CD380
Sony MDR-CD900ST (Yaxi stPad microfiber earpads)	crinacle	GRAS 43AG-7	crinacle/GRAS%2043AG-7%20over-ear/Sony%20MDR-CD900ST%20(Yaxi%20stPad%20microfiber%20earpads)
Sony MDR-CD900ST (Yaxi stPad2 earpads)	crinacle	GRAS 43AG-7	crinacle/GRAS%2043AG-7%20over-ear/Sony%20MDR-CD900ST%20(Yaxi%20stPad2%20earpads)
Sony MDR-CD900ST	crinacle	EARS + 711	crinacle/EARS%20+%20711%20over-ear/Sony%20MDR-CD900ST
Sony MDR-CD900ST	crinacle	GRAS 43AG-7	crinacle/GRAS%2043AG-7%20over-ear/Sony%20MDR-CD900ST
Sony MDR-CD900ST	oratory1990		oratory1990/over-ear/Sony%20MDR-CD900ST
Sony MDR-CD900ST	Super Review		Super%20Review/over-ear/Sony%20MDR-CD900ST
Sony MDR-D77 Eggo	Innerfidelity		Innerfidelity/over-ear/Sony%20MDR-D77%20Eggo
Sony MDR-DS3000	Headphone.com Legacy		Headphone.com%20Legacy/over-ear/Sony%20MDR-DS3000
Sony MDR-DS6000	Headphone.com Legacy		Headphone.com%20Legacy/over-ear/Sony%20MDR-DS6000
Sony MDR-EX10	oratory1990		oratory1990/in-ear/Sony%20MDR-EX10
Sony MDR-EX1000 (front tube filters removed)	crinacle	711	crinacle/711%20in-ear/Sony%20MDR-EX1000%20(front%20tube%20filters%20removed)
Sony MDR-EX1000	crinacle	711	crinacle/711%20in-ear/Sony%20MDR-EX1000
Sony MDR-EX1000	Innerfidelity		Innerfidelity/in-ear/Sony%20MDR-EX1000
Sony MDR-EX1000	RikudouGoku		RikudouGoku/in-ear/Sony%20MDR-EX1000
Sony MDR-EX15LP (BGVP W01 eartips)	kr0mka		kr0mka/in-ear/Sony%20MDR-EX15LP%20(BGVP%20W01%20eartips)
Sony MDR-EX15LP (Moondrop KXXS)	kr0mka		kr0mka/in-ear/Sony%20MDR-EX15LP%20(Moondrop%20KXXS)
Sony MDR-EX15LP (SpinFit CP100 eartips)	kr0mka		kr0mka/in-ear/Sony%20MDR-EX15LP%20(SpinFit%20CP100%20eartips)
Sony MDR-EX15LP	kr0mka		kr0mka/in-ear/Sony%20MDR-EX15LP
Sony MDR-EX15LP	oratory1990		oratory1990/in-ear/Sony%20MDR-EX15LP
Sony MDR-EX15LP	Super Review		Super%20Review/in-ear/Sony%20MDR-EX15LP
Sony MDR-EX510 (no filter)	crinacle	711	crinacle/711%20in-ear/Sony%20MDR-EX510%20(no%20filter)
Sony MDR-EX56LP	Headphone.com Legacy		Headphone.com%20Legacy/in-ear/Sony%20MDR-EX56LP
Sony MDR-EX57LP	Headphone.com Legacy		Headphone.com%20Legacy/in-ear/Sony%20MDR-EX57LP
Sony MDR-EX600	Innerfidelity		Innerfidelity/in-ear/Sony%20MDR-EX600
Sony MDR-EX800ST	crinacle	711	crinacle/711%20in-ear/Sony%20MDR-EX800ST
Sony MDR-EX800ST	RikudouGoku		RikudouGoku/in-ear/Sony%20MDR-EX800ST
Sony MDR-F1	oratory1990		oratory1990/over-ear/Sony%20MDR-F1
Sony MDR-G75	Headphone.com Legacy		Headphone.com%20Legacy/over-ear/Sony%20MDR-G75
Sony MDR-M1	Kuulokenurkka		Kuulokenurkka/over-ear/Sony%20MDR-M1
Sony MDR-M1ST	crinacle	GRAS 43AG-7	crinacle/GRAS%2043AG-7%20over-ear/Sony%20MDR-M1ST
Sony MDR-MA900	crinacle	GRAS 43AG-7	crinacle/GRAS%2043AG-7%20over-ear/Sony%20MDR-MA900
Sony MDR-MA900	oratory1990		oratory1990/over-ear/Sony%20MDR-MA900
Sony MDR-MV1	oratory1990		oratory1990/over-ear/Sony%20MDR-MV1
Sony MDR-MV1	Rtings	HMS II.3	Rtings/HMS%20II.3%20over-ear/Sony%20MDR-MV1
Sony MDR-MV1	Super Review		Super%20Review/over-ear/Sony%20MDR-MV1
Sony MDR-Q68LW	Headphone.com Legacy		Headphone.com%20Legacy/over-ear/Sony%20MDR-Q68LW
Sony MDR-R10	oratory1990		oratory1990/over-ear/Sony%20MDR-R10
Sony MDR-SA3000	Innerfidelity		Innerfidelity/over-ear/Sony%20MDR-SA3000
Sony MDR-SA5000	Headphone.com Legacy		Headphone.com%20Legacy/over-ear/Sony%20MDR-SA5000
Sony MDR-SA5000	Innerfidelity		Innerfidelity/over-ear/Sony%20MDR-SA5000
Sony MDR-V500	Headphone.com Legacy		Headphone.com%20Legacy/over-ear/Sony%20MDR-V500
Sony MDR-V6 (Yaxi earpads)	Super Review		Super%20Review/over-ear/Sony%20MDR-V6%20(Yaxi%20earpads)
Sony MDR-V6	crinacle	GRAS 43AG-7	crinacle/GRAS%2043AG-7%20over-ear/Sony%20MDR-V6
Sony MDR-V6	Headphone.com Legacy		Headphone.com%20Legacy/over-ear/Sony%20MDR-V6
Sony MDR-V6	Innerfidelity		Innerfidelity/over-ear/Sony%20MDR-V6
Sony MDR-V6	Super Review		Super%20Review/over-ear/Sony%20MDR-V6
Sony MDR-V600	Innerfidelity		Innerfidelity/over-ear/Sony%20MDR-V600
Sony MDR-V700	Headphone.com Legacy		Headphone.com%20Legacy/over-ear/Sony%20MDR-V700
Sony MDR-XB1000	Innerfidelity		Innerfidelity/over-ear/Sony%20MDR-XB1000
Sony MDR-XB300	Headphone.com Legacy		Headphone.com%20Legacy/over-ear/Sony%20MDR-XB300
Sony MDR-XB300	Innerfidelity		Innerfidelity/over-ear/Sony%20MDR-XB300
Sony MDR-XB41EX	Harpo		Harpo/in-ear/Sony%20MDR-XB41EX
Sony MDR-XB50	oratory1990		oratory1990/in-ear/Sony%20MDR-XB50
Sony MDR-XB500	Headphone.com Legacy		Headphone.com%20Legacy/over-ear/Sony%20MDR-XB500
Sony MDR-XB500	Innerfidelity		Innerfidelity/over-ear/Sony%20MDR-XB500
Sony MDR-XB50AP	Rtings	HMS II.3	Rtings/HMS%20II.3%20in-ear/Sony%20MDR-XB50AP
Sony MDR-XB55AP	kr0mka		kr0mka/in-ear/Sony%20MDR-XB55AP
Sony MDR-XB700	Headphone.com Legacy		Headphone.com%20Legacy/over-ear/Sony%20MDR-XB700
Sony MDR-XB700	Innerfidelity		Innerfidelity/over-ear/Sony%20MDR-XB700
Sony MDR-XB75AP	RikudouGoku		RikudouGoku/in-ear/Sony%20MDR-XB75AP
Sony MDR-XB80BS	oratory1990		oratory1990/in-ear/Sony%20MDR-XB80BS
Sony MDR-XB950B1	Rtings	HMS II.3	Rtings/HMS%20II.3%20over-ear/Sony%20MDR-XB950B1
Sony MDR-XB950N1	Rtings	HMS II.3	Rtings/HMS%20II.3%20over-ear/Sony%20MDR-XB950N1
Sony MDR-Z1000	Headphone.com Legacy		Headphone.com%20Legacy/over-ear/Sony%20MDR-Z1000
Sony MDR-Z1R	crinacle	EARS + 711	crinacle/EARS%20+%20711%20over-ear/Sony%20MDR-Z1R
Sony MDR-Z1R	crinacle	GRAS 43AG-7	crinacle/GRAS%2043AG-7%20over-ear/Sony%20MDR-Z1R
Sony MDR-Z1R	HypetheSonics		HypetheSonics/over-ear/Sony%20MDR-Z1R
Sony MDR-Z1R	Innerfidelity		Innerfidelity/over-ear/Sony%20MDR-Z1R
Sony MDR-Z1R	oratory1990		oratory1990/over-ear/Sony%20MDR-Z1R
Sony MDR-Z7	Innerfidelity		Innerfidelity/over-ear/Sony%20MDR-Z7
Sony MDR-Z7	oratory1990		oratory1990/over-ear/Sony%20MDR-Z7
Sony MDR-Z7M2	crinacle	GRAS 43AG-7	crinacle/GRAS%2043AG-7%20over-ear/Sony%20MDR-Z7M2
Sony MDR-Z7M2	HypetheSonics		HypetheSonics/over-ear/Sony%20MDR-Z7M2
Sony MDR-Z7M2	oratory1990		oratory1990/over-ear/Sony%20MDR-Z7M2
Sony MDR-ZX1000	Innerfidelity		Innerfidelity/over-ear/Sony%20MDR-ZX1000
Sony MDR-ZX110	Auriculares Argentina		Auriculares%20Argentina/over-ear/Sony%20MDR-ZX110
Sony MDR-ZX110NC	Rtings	HMS II.3	Rtings/HMS%20II.3%20over-ear/Sony%20MDR-ZX110NC
Sony MDR-ZX310	oratory1990		oratory1990/over-ear/Sony%20MDR-ZX310
Sony MDR-ZX700	Headphone.com Legacy		Headphone.com%20Legacy/over-ear/Sony%20MDR-ZX700
Sony MDR-ZX700	Innerfidelity		Innerfidelity/over-ear/Sony%20MDR-ZX700
Sony MDR-ZX770BN	Rtings	HMS II.3	Rtings/HMS%20II.3%20over-ear/Sony%20MDR-ZX770BN
Sony MH1	oratory1990		oratory1990/in-ear/Sony%20MH1
Sony MH1	Super Review		Super%20Review/in-ear/Sony%20MH1
Sony MH1C	Innerfidelity		Innerfidelity/in-ear/Sony%20MH1C
Sony MH750	crinacle	711	crinacle/711%20in-ear/Sony%20MH750
Sony MH750	oratory1990		oratory1990/in-ear/Sony%20MH750
Sony MH750	RikudouGoku		RikudouGoku/in-ear/Sony%20MH750
Sony MH755	crinacle	711	crinacle/711%20in-ear/Sony%20MH755
Sony MH755	crinacle	Bruel & Kjaer 4620	crinacle/Bruel%20&%20Kjaer%204620%20in-ear/Sony%20MH755
Sony MH755	HypetheSonics	GRAS RA0045	HypetheSonics/GRAS%20RA0045%20in-ear/Sony%20MH755
Sony MH755	oratory1990		oratory1990/in-ear/Sony%20MH755
Sony MH755	RikudouGoku		RikudouGoku/in-ear/Sony%20MH755
Sony MH755	Rtings	HMS II.3	Rtings/HMS%20II.3%20in-ear/Sony%20MH755
Sony MH755	Super Review		Super%20Review/in-ear/Sony%20MH755
Sony PULSE 3D	oratory1990		oratory1990/over-ear/Sony%20PULSE%203D
Sony PULSE 3D	Rtings	HMS II.3	Rtings/HMS%20II.3%20over-ear/Sony%20PULSE%203D
Sony Pulse Elite	oratory1990		oratory1990/over-ear/Sony%20Pulse%20Elite
Sony Pulse Elite	Rtings	Bruel & Kjaer 5128	Rtings/Bruel%20&%20Kjaer%205128%20over-ear/Sony%20Pulse%20Elite
Sony PULSE Explore	oratory1990		oratory1990/in-ear/Sony%20PULSE%20Explore
Sony PULSE Explore	Rtings	Bruel & Kjaer 5128	Rtings/Bruel%20&%20Kjaer%205128%20in-ear/Sony%20PULSE%20Explore
Sony ULT WEAR (passive)	Kuulokenurkka		Kuulokenurkka/over-ear/Sony%20ULT%20WEAR%20(passive)
Sony ULT WEAR	Kuulokenurkka		Kuulokenurkka/over-ear/Sony%20ULT%20WEAR
Sony ULT WEAR	Rtings	Bruel & Kjaer 5128	Rtings/Bruel%20&%20Kjaer%205128%20over-ear/Sony%20ULT%20WEAR
Sony WF-1000X	oratory1990		oratory1990/in-ear/Sony%20WF-1000X
Sony WF-1000X	Rtings	HMS II.3	Rtings/HMS%20II.3%20in-ear/Sony%20WF-1000X
Sony WF-1000XM3 (ANC on)	crinacle	711	crinacle/711%20in-ear/Sony%20WF-1000XM3%20(ANC%20on)
Sony WF-1000XM3	crinacle	711	crinacle/711%20in-ear/Sony%20WF-1000XM3
Sony WF-1000XM3	HypetheSonics	GRAS RA0045	HypetheSonics/GRAS%20RA0045%20in-ear/Sony%20WF-1000XM3
Sony WF-1000XM3	oratory1990		oratory1990/in-ear/Sony%20WF-1000XM3
Sony WF-1000XM3	RikudouGoku		RikudouGoku/in-ear/Sony%20WF-1000XM3
Sony WF-1000XM3	Rtings	HMS II.3	Rtings/HMS%20II.3%20in-ear/Sony%20WF-1000XM3
Sony WF-1000XM3	Super Review		Super%20Review/in-ear/Sony%20WF-1000XM3
Sony WF-1000XM4 (ANC off)	Super Review		Super%20Review/in-ear/Sony%20WF-1000XM4%20(ANC%20off)
Sony WF-1000XM4 (ANC on)	Super Review		Super%20Review/in-ear/Sony%20WF-1000XM4%20(ANC%20on)
Sony WF-1000XM4 (AZLA Sedna Light Short eartips)	Super Review		Super%20Review/in-ear/Sony%20WF-1000XM4%20(AZLA%20Sedna%20Light%20Short%20eartips)
Sony WF-1000XM4 (Bass Boost preset)	crinacle	711	crinacle/711%20in-ear/Sony%20WF-1000XM4%20(Bass%20Boost%20preset)
Sony WF-1000XM4 (Bass Boost preset)	Super Review		Super%20Review/in-ear/Sony%20WF-1000XM4%20(Bass%20Boost%20preset)
Sony WF-1000XM4 (Bright preset)	crinacle	711	crinacle/711%20in-ear/Sony%20WF-1000XM4%20(Bright%20preset)
Sony WF-1000XM4 (Bright preset)	Super Review		Super%20Review/in-ear/Sony%20WF-1000XM4%20(Bright%20preset)
Sony WF-1000XM4 (EQ off)	Super Review		Super%20Review/in-ear/Sony%20WF-1000XM4%20(EQ%20off)
Sony WF-1000XM4 (Excited preset)	crinacle	711	crinacle/711%20in-ear/Sony%20WF-1000XM4%20(Excited%20preset)
Sony WF-1000XM4 (Excited preset)	Super Review		Super%20Review/in-ear/Sony%20WF-1000XM4%20(Excited%20preset)
Sony WF-1000XM4 (Final Audio Type E eartips)	Super Review		Super%20Review/in-ear/Sony%20WF-1000XM4%20(Final%20Audio%20Type%20E%20eartips)
Sony WF-1000XM4 (Mellow preset)	crinacle	711	crinacle/711%20in-ear/Sony%20WF-1000XM4%20(Mellow%20preset)
Sony WF-1000XM4 (Mellow preset)	Super Review		Super%20Review/in-ear/Sony%20WF-1000XM4%20(Mellow%20preset)
Sony WF-1000XM4 (Relaxed preset)	crinacle	711	crinacle/711%20in-ear/Sony%20WF-1000XM4%20(Relaxed%20preset)
Sony WF-1000XM4 (Relaxed preset)	Super Review		Super%20Review/in-ear/Sony%20WF-1000XM4%20(Relaxed%20preset)
Sony WF-1000XM4 (Sony WF-1000XM3 silicone eartips)	Super Review		Super%20Review/in-ear/Sony%20WF-1000XM4%20(Sony%20WF-1000XM3%20silicone%20eartips)
Sony WF-1000XM4 (Speech preset)	crinacle	711	crinacle/711%20in-ear/Sony%20WF-1000XM4%20(Speech%20preset)
Sony WF-1000XM4 (Speech preset)	Super Review		Super%20Review/in-ear/Sony%20WF-1000XM4%20(Speech%20preset)
Sony WF-1000XM4 (SpinFit eartips)	Super Review		Super%20Review/in-ear/Sony%20WF-1000XM4%20(SpinFit%20eartips)
Sony WF-1000XM4 (Tanchjim APB eartips)	Super Review		Super%20Review/in-ear/Sony%20WF-1000XM4%20(Tanchjim%20APB%20eartips)
Sony WF-1000XM4 (Treble Boost preset)	crinacle	711	crinacle/711%20in-ear/Sony%20WF-1000XM4%20(Treble%20Boost%20preset)
Sony WF-1000XM4 (Treble Boost preset)	Super Review		Super%20Review/in-ear/Sony%20WF-1000XM4%20(Treble%20Boost%20preset)
Sony WF-1000XM4 (Vocal preset)	crinacle	711	crinacle/711%20in-ear/Sony%20WF-1000XM4%20(Vocal%20preset)
Sony WF-1000XM4 (Vocal preset)	Super Review		Super%20Review/in-ear/Sony%20WF-1000XM4%20(Vocal%20preset)
Sony WF-1000XM4	Auriculares Argentina		Auriculares%20Argentina/in-ear/Sony%20WF-1000XM4
Sony WF-1000XM4	crinacle	711	crinacle/711%20in-ear/Sony%20WF-1000XM4
Sony WF-1000XM4	HypetheSonics	GRAS RA0045	HypetheSonics/GRAS%20RA0045%20in-ear/Sony%20WF-1000XM4
Sony WF-1000XM4	oratory1990		oratory1990/in-ear/Sony%20WF-1000XM4
Sony WF-1000XM4	Rtings	HMS II.3	Rtings/HMS%20II.3%20in-ear/Sony%20WF-1000XM4
Sony WF-1000XM5	DHRME		DHRME/in-ear/Sony%20WF-1000XM5
Sony WF-1000XM5	Kazi		Kazi/in-ear/Sony%20WF-1000XM5
Sony WF-1000XM5	oratory1990		oratory1990/in-ear/Sony%20WF-1000XM5
Sony WF-1000XM5	Rtings	Bruel & Kjaer 5128	Rtings/Bruel%20&%20Kjaer%205128%20in-ear/Sony%20WF-1000XM5
Sony WF-1000XM5	Super Review		Super%20Review/in-ear/Sony%20WF-1000XM5
Sony WF-C500	Kazi		Kazi/in-ear/Sony%20WF-C500
Sony WF-C500	oratory1990		oratory1990/in-ear/Sony%20WF-C500
Sony WF-C500	Rtings	HMS II.3	Rtings/HMS%20II.3%20in-ear/Sony%20WF-C500
Sony WF-C700N	Rtings	HMS II.3	Rtings/HMS%20II.3%20in-ear/Sony%20WF-C700N
Sony WF-SP700N	Rtings	HMS II.3	Rtings/HMS%20II.3%20in-ear/Sony%20WF-SP700N
Sony WF-SP800N	crinacle	711	crinacle/711%20in-ear/Sony%20WF-SP800N
Sony WF-SP800N	Rtings	HMS II.3	Rtings/HMS%20II.3%20in-ear/Sony%20WF-SP800N
Sony WF-XB700	crinacle	711	crinacle/711%20in-ear/Sony%20WF-XB700
Sony WF-XB700	oratory1990		oratory1990/in-ear/Sony%20WF-XB700
Sony WF-XB700	Rtings	HMS II.3	Rtings/HMS%20II.3%20in-ear/Sony%20WF-XB700
Sony WH-1000XM2	oratory1990		oratory1990/over-ear/Sony%20WH-1000XM2
Sony WH-1000XM2	Rtings	HMS II.3	Rtings/HMS%20II.3%20over-ear/Sony%20WH-1000XM2
Sony WH-1000XM3 (ANC off)	Kuulokenurkka		Kuulokenurkka/over-ear/Sony%20WH-1000XM3%20(ANC%20off)
Sony WH-1000XM3 (ANC on)	Kuulokenurkka		Kuulokenurkka/over-ear/Sony%20WH-1000XM3%20(ANC%20on)
Sony WH-1000XM3	oratory1990		oratory1990/over-ear/Sony%20WH-1000XM3
Sony WH-1000XM3	Rtings	HMS II.3	Rtings/HMS%20II.3%20over-ear/Sony%20WH-1000XM3
Sony WH-1000XM3	Super Review		Super%20Review/over-ear/Sony%20WH-1000XM3
Sony WH-1000XM4 (ANC Off)	HypetheSonics		HypetheSonics/over-ear/Sony%20WH-1000XM4%20(ANC%20Off)
Sony WH-1000XM4 (ANC on)	HypetheSonics		HypetheSonics/over-ear/Sony%20WH-1000XM4%20(ANC%20on)
Sony WH-1000XM4	crinacle	GRAS 43AG-7	crinacle/GRAS%2043AG-7%20over-ear/Sony%20WH-1000XM4
Sony WH-1000XM4	oratory1990		oratory1990/over-ear/Sony%20WH-1000XM4
Sony WH-1000XM4	Rtings	Bruel & Kjaer 5128	Rtings/Bruel%20&%20Kjaer%205128%20over-ear/Sony%20WH-1000XM4
Sony WH-1000XM5	oratory1990		oratory1990/over-ear/Sony%20WH-1000XM5
Sony WH-1000XM5	Rtings	Bruel & Kjaer 5128	Rtings/Bruel%20&%20Kjaer%205128%20over-ear/Sony%20WH-1000XM5
Sony WH-1000XM5	Super Review		Super%20Review/over-ear/Sony%20WH-1000XM5
Sony WH-1000XM6 (analog cable)	Super Review		Super%20Review/over-ear/Sony%20WH-1000XM6%20(analog%20cable)
Sony WH-1000XM6	Kuulokenurkka		Kuulokenurkka/over-ear/Sony%20WH-1000XM6
Sony WH-1000XM6	Super Review		Super%20Review/over-ear/Sony%20WH-1000XM6
Sony WH-CH400	Rtings	HMS II.3	Rtings/HMS%20II.3%20over-ear/Sony%20WH-CH400
Sony WH-CH500	Rtings	HMS II.3	Rtings/HMS%20II.3%20over-ear/Sony%20WH-CH500
Sony WH-CH510	oratory1990		oratory1990/over-ear/Sony%20WH-CH510
Sony WH-CH510	Rtings	HMS II.3	Rtings/HMS%20II.3%20over-ear/Sony%20WH-CH510
Sony WH-CH520	Rtings	HMS II.3	Rtings/HMS%20II.3%20over-ear/Sony%20WH-CH520
Sony WH-CH700N	Rtings	HMS II.3	Rtings/HMS%20II.3%20over-ear/Sony%20WH-CH700N
Sony WH-CH710N	Rtings	HMS II.3	Rtings/HMS%20II.3%20over-ear/Sony%20WH-CH710N
Sony WH-CH720N	Rtings	Bruel & Kjaer 5128	Rtings/Bruel%20&%20Kjaer%205128%20over-ear/Sony%20WH-CH720N
Sony WH-H900N	oratory1990		oratory1990/over-ear/Sony%20WH-H900N
Sony WH-H900N	Rtings	HMS II.3	Rtings/HMS%20II.3%20over-ear/Sony%20WH-H900N
Sony WH-H910N	Rtings	HMS II.3	Rtings/HMS%20II.3%20over-ear/Sony%20WH-H910N
Sony WH-XB700	Rtings	HMS II.3	Rtings/HMS%20II.3%20over-ear/Sony%20WH-XB700
Sony WH-XB900N	Rtings	HMS II.3	Rtings/HMS%20II.3%20over-ear/Sony%20WH-XB900N
Sony WH-XB910N	Rtings	Bruel & Kjaer 5128	Rtings/Bruel%20&%20Kjaer%205128%20over-ear/Sony%20WH-XB910N
Sony WI-1000X	oratory1990		oratory1990/in-ear/Sony%20WI-1000X
Sony WI-1000X	Rtings	HMS II.3	Rtings/HMS%20II.3%20in-ear/Sony%20WI-1000X
Sony WI-1000XM2	Rtings	HMS II.3	Rtings/HMS%20II.3%20in-ear/Sony%20WI-1000XM2
Sony WI-C100	Kazi		Kazi/in-ear/Sony%20WI-C100
Sony WI-C200	Rtings	HMS II.3	Rtings/HMS%20II.3%20in-ear/Sony%20WI-C200
Sony WI-C300	Rtings	HMS II.3	Rtings/HMS%20II.3%20in-ear/Sony%20WI-C300
Sony WI-C310	Rtings	HMS II.3	Rtings/HMS%20II.3%20in-ear/Sony%20WI-C310
Sony WI-C400	Rtings	HMS II.3	Rtings/HMS%20II.3%20in-ear/Sony%20WI-C400
Sony WI-C600N	Rtings	HMS II.3	Rtings/HMS%20II.3%20in-ear/Sony%20WI-C600N
Sony WI-SP500	Rtings	HMS II.3	Rtings/HMS%20II.3%20in-ear/Sony%20WI-SP500
Sony WI-SP600N	Rtings	HMS II.3	Rtings/HMS%20II.3%20in-ear/Sony%20WI-SP600N
Sony WI-XB400	Rtings	HMS II.3	Rtings/HMS%20II.3%20in-ear/Sony%20WI-XB400
Sony XBA-300	crinacle	711	crinacle/711%20in-ear/Sony%20XBA-300
Sony XBA-40	crinacle	711	crinacle/711%20in-ear/Sony%20XBA-40
Sony XBA-A2	RikudouGoku		RikudouGoku/in-ear/Sony%20XBA-A2
Sony XBA-A3 (modded)	crinacle	711	crinacle/711%20in-ear/Sony%20XBA-A3%20(modded)
Sony XBA-A3	crinacle	711	crinacle/711%20in-ear/Sony%20XBA-A3
Sony XBA-A3	RikudouGoku		RikudouGoku/in-ear/Sony%20XBA-A3
Sony XBA-A3	Super Review		Super%20Review/in-ear/Sony%20XBA-A3
Sony XBA-H3	crinacle	711	crinacle/711%20in-ear/Sony%20XBA-H3
Sony XBA-H3	oratory1990		oratory1990/in-ear/Sony%20XBA-H3
Sony XBA-N1	oratory1990		oratory1990/in-ear/Sony%20XBA-N1
Sony XBA-N3	Jaytiss		Jaytiss/in-ear/Sony%20XBA-N3
Sony XBA-N3	oratory1990		oratory1990/in-ear/Sony%20XBA-N3
Sony XBA-N3	Super Review		Super%20Review/in-ear/Sony%20XBA-N3
Sony XBA-N3AP	crinacle	711	crinacle/711%20in-ear/Sony%20XBA-N3AP
Sony XBA-N3AP	RikudouGoku		RikudouGoku/in-ear/Sony%20XBA-N3AP
Sony XBA-Z5	crinacle	711	crinacle/711%20in-ear/Sony%20XBA-Z5
Sony XBA-Z5	Innerfidelity		Innerfidelity/in-ear/Sony%20XBA-Z5
Sony XBA-Z5	RikudouGoku		RikudouGoku/in-ear/Sony%20XBA-Z5
Sony XEA20 Xperia Ear Duo	oratory1990		oratory1990/earbud/Sony%20XEA20%20Xperia%20Ear%20Duo
Soranik Bastille-R	crinacle	711	crinacle/711%20in-ear/Soranik%20Bastille-R
Soranik Bastille-V	crinacle	711	crinacle/711%20in-ear/Soranik%20Bastille-V
Soranik ION-4 (Vietnamese domestic market edition)	crinacle	711	crinacle/711%20in-ear/Soranik%20ION-4%20(Vietnamese%20domestic%20market%20edition)
Soranik SK3	crinacle	711	crinacle/711%20in-ear/Soranik%20SK3
Soranik SP3 SE	crinacle	711	crinacle/711%20in-ear/Soranik%20SP3%20SE
Soranik SP3	crinacle	711	crinacle/711%20in-ear/Soranik%20SP3
Soratune YI01	ToneDeafMonk		ToneDeafMonk/in-ear/Soratune%20YI01
Soul by Ludacris SL100	Innerfidelity		Innerfidelity/over-ear/Soul%20by%20Ludacris%20SL100
Soul by Ludacris SL150	Innerfidelity		Innerfidelity/over-ear/Soul%20by%20Ludacris%20SL150
Soul by Ludacris SL300	Innerfidelity		Innerfidelity/over-ear/Soul%20by%20Ludacris%20SL300
Soul Combat	Innerfidelity		Innerfidelity/over-ear/Soul%20Combat
Soul Jet Pro ANC Off	Innerfidelity		Innerfidelity/over-ear/Soul%20Jet%20Pro%20ANC%20Off
Soul Jet Pro ANC On	Innerfidelity		Innerfidelity/over-ear/Soul%20Jet%20Pro%20ANC%20On
Sound Intone CX-05	Rtings	HMS II.3	Rtings/HMS%20II.3%20over-ear/Sound%20Intone%20CX-05
Sound Linear Fitz 10 Flat	crinacle	711	crinacle/711%20in-ear/Sound%20Linear%20Fitz%2010%20Flat
Sound Rhyme DTE900 (off-off)	ToneDeafMonk		ToneDeafMonk/in-ear/Sound%20Rhyme%20DTE900%20(off-off)
Sound Rhyme DTE900 (off-on)	ToneDeafMonk		ToneDeafMonk/in-ear/Sound%20Rhyme%20DTE900%20(off-on)
Sound Rhyme DTE900 (on-off)	ToneDeafMonk		ToneDeafMonk/in-ear/Sound%20Rhyme%20DTE900%20(on-off)
Sound Rhyme DTE900 (on-on)	ToneDeafMonk		ToneDeafMonk/in-ear/Sound%20Rhyme%20DTE900%20(on-on)
Sound Rhyme Prado (off-off)	ToneDeafMonk		ToneDeafMonk/in-ear/Sound%20Rhyme%20Prado%20(off-off)
Sound Rhyme Prado (off-on)	ToneDeafMonk		ToneDeafMonk/in-ear/Sound%20Rhyme%20Prado%20(off-on)
Sound Rhyme Prado (on-off)	ToneDeafMonk		ToneDeafMonk/in-ear/Sound%20Rhyme%20Prado%20(on-off)
Sound Rhyme Prado (on-on)	ToneDeafMonk		ToneDeafMonk/in-ear/Sound%20Rhyme%20Prado%20(on-on)
Sound Rhyme SR5	kr0mka		kr0mka/in-ear/Sound%20Rhyme%20SR5
Sound Rhyme SR5	ToneDeafMonk		ToneDeafMonk/in-ear/Sound%20Rhyme%20SR5
Sound Rhyme SR7 (off-off)	ToneDeafMonk		ToneDeafMonk/in-ear/Sound%20Rhyme%20SR7%20(off-off)
Sound Rhyme SR7 (off-on)	ToneDeafMonk		ToneDeafMonk/in-ear/Sound%20Rhyme%20SR7%20(off-on)
Sound Rhyme SR7 (on-off)	ToneDeafMonk		ToneDeafMonk/in-ear/Sound%20Rhyme%20SR7%20(on-off)
Sound Rhyme SR7 (on-on)	ToneDeafMonk		ToneDeafMonk/in-ear/Sound%20Rhyme%20SR7%20(on-on)
SoundMAGIC E10	Innerfidelity		Innerfidelity/in-ear/SoundMAGIC%20E10
SoundMAGIC E11	crinacle	711	crinacle/711%20in-ear/SoundMAGIC%20E11
SoundMAGIC E11C	HypetheSonics	Bruel & Kjaer 5128	HypetheSonics/Bruel%20&%20Kjaer%205128%20in-ear/SoundMAGIC%20E11C
SoundMAGIC E50C	oratory1990		oratory1990/in-ear/SoundMAGIC%20E50C
SoundMAGIC HP100	Innerfidelity		Innerfidelity/over-ear/SoundMAGIC%20HP100
SoundMAGIC HP200	Innerfidelity		Innerfidelity/over-ear/SoundMAGIC%20HP200
SoundMAGIC T60BT	Hi End Portable		Hi%20End%20Portable/in-ear/SoundMAGIC%20T60BT
SoundPeats Air3 Deluxe HS	Regan Cipher		Regan%20Cipher/in-ear/SoundPeats%20Air3%20Deluxe%20HS
SoundPeats Air3	Regan Cipher		Regan%20Cipher/in-ear/SoundPeats%20Air3
SoundPeats Air4 (ANC off)	Regan Cipher		Regan%20Cipher/in-ear/SoundPeats%20Air4%20(ANC%20off)
SoundPeats Air4 (ANC on)	Regan Cipher		Regan%20Cipher/in-ear/SoundPeats%20Air4%20(ANC%20on)
SoundPeats Air4 Pro (ANC Off)	DHRME		DHRME/in-ear/SoundPeats%20Air4%20Pro%20(ANC%20Off)
SoundPeats Air4 Pro (ANC on)	DHRME		DHRME/in-ear/SoundPeats%20Air4%20Pro%20(ANC%20on)
SoundPeats Air4 Pro (ANC on, SoundPEATS Classic)	Regan Cipher		Regan%20Cipher/in-ear/SoundPeats%20Air4%20Pro%20(ANC%20on,%20SoundPEATS%20Classic)
SoundPeats Air4 Pro	Regan Cipher		Regan%20Cipher/in-ear/SoundPeats%20Air4%20Pro
SoundPeats Air5 (ANC off, SoundPEATS Classic)	Regan Cipher		Regan%20Cipher/in-ear/SoundPeats%20Air5%20(ANC%20off,%20SoundPEATS%20Classic)
SoundPeats Air5 (ANC on, SoundPEATS Classic)	Regan Cipher		Regan%20Cipher/in-ear/SoundPeats%20Air5%20(ANC%20on,%20SoundPEATS%20Classic)
SoundPeats Air5 Pro (ANC off, SoundPEATS Classic)	Regan Cipher		Regan%20Cipher/in-ear/SoundPeats%20Air5%20Pro%20(ANC%20off,%20SoundPEATS%20Classic)
SoundPeats Air5 Pro (ANC on, SoundPEATS Classic)	Regan Cipher		Regan%20Cipher/in-ear/SoundPeats%20Air5%20Pro%20(ANC%20on,%20SoundPEATS%20Classic)
SoundPeats Air5 Pro	Kazi		Kazi/in-ear/SoundPeats%20Air5%20Pro
SoundPeats Breezy (ANC off)	Regan Cipher		Regan%20Cipher/earbud/SoundPeats%20Breezy%20(ANC%20off)
SoundPeats Capsule 3 Pro	Fahryst		Fahryst/in-ear/SoundPeats%20Capsule%203%20Pro
SoundPeats Capsule 3 Pro	Kazi		Kazi/in-ear/SoundPeats%20Capsule%203%20Pro
SoundPeats Capsule 3 Pro	Regan Cipher		Regan%20Cipher/in-ear/SoundPeats%20Capsule%203%20Pro
SoundPeats Capsule3 Pro+ (ANC off, SoundPEATS Classic)	Regan Cipher		Regan%20Cipher/in-ear/SoundPeats%20Capsule3%20Pro+%20(ANC%20off,%20SoundPEATS%20Classic)
SoundPeats Capsule3 Pro+ (ANC on, SoundPEATS Classic)	Regan Cipher		Regan%20Cipher/in-ear/SoundPeats%20Capsule3%20Pro+%20(ANC%20on,%20SoundPEATS%20Classic)
SoundPeats Capsule3 Pro+	Jaytiss		Jaytiss/in-ear/SoundPeats%20Capsule3%20Pro+
SoundPeats Clear	Regan Cipher		Regan%20Cipher/in-ear/SoundPeats%20Clear
SoundPeats Engine 4	Harpo		Harpo/in-ear/SoundPeats%20Engine%204
SoundPeats Engine 4	Kazi		Kazi/in-ear/SoundPeats%20Engine%204
SoundPeats Engine 4	Regan Cipher		Regan%20Cipher/in-ear/SoundPeats%20Engine%204
SoundPeats Engine	DHRME		DHRME/in-ear/SoundPeats%20Engine
SoundPeats Free 2 Classic	DHRME		DHRME/in-ear/SoundPeats%20Free%202%20Classic
SoundPeats GoFree 2	Regan Cipher		Regan%20Cipher/earbud/SoundPeats%20GoFree%202
SoundPeats H1	Regan Cipher		Regan%20Cipher/in-ear/SoundPeats%20H1
SoundPeats H2	Regan Cipher		Regan%20Cipher/in-ear/SoundPeats%20H2
SoundPeats Life Classic	Regan Cipher		Regan%20Cipher/in-ear/SoundPeats%20Life%20Classic
SoundPeats Life	Regan Cipher		Regan%20Cipher/in-ear/SoundPeats%20Life
SoundPeats Mini Pro HS (ANC off)	kr0mka		kr0mka/in-ear/SoundPeats%20Mini%20Pro%20HS%20(ANC%20off)
SoundPeats Mini Pro HS (ANC on)	kr0mka		kr0mka/in-ear/SoundPeats%20Mini%20Pro%20HS%20(ANC%20on)
SoundPeats Mini Pro HS	Regan Cipher		Regan%20Cipher/in-ear/SoundPeats%20Mini%20Pro%20HS
SoundPeats Mini Pro	DHRME		DHRME/in-ear/SoundPeats%20Mini%20Pro
SoundPeats Mini	Regan Cipher		Regan%20Cipher/in-ear/SoundPeats%20Mini
SoundPeats Opera05	Kazi		Kazi/in-ear/SoundPeats%20Opera05
SoundPeats Opera05	Regan Cipher		Regan%20Cipher/in-ear/SoundPeats%20Opera05
SoundPeats Q9A	Rtings	HMS II.3	Rtings/HMS%20II.3%20in-ear/SoundPeats%20Q9A
SoundPeats RunFree Lite	Regan Cipher		Regan%20Cipher/earbud/SoundPeats%20RunFree%20Lite
SoundPeats RunFree	Regan Cipher		Regan%20Cipher/earbud/SoundPeats%20RunFree
SoundPeats Space (ANC on)	Regan Cipher		Regan%20Cipher/over-ear/SoundPeats%20Space%20(ANC%20on)
SoundPeats TrueFree 2	Rtings	HMS II.3	Rtings/HMS%20II.3%20in-ear/SoundPeats%20TrueFree%202
SoundPeats TrueFree	Rtings	HMS II.3	Rtings/HMS%20II.3%20in-ear/SoundPeats%20TrueFree
SoundPeats Wings2	Regan Cipher		Regan%20Cipher/earbud/SoundPeats%20Wings2
SPC Gear Viro (breathable earpads)	Filk		Filk/over-ear/SPC%20Gear%20Viro%20(breathable%20earpads)
SPC Gear Viro (leather earpads)	Filk		Filk/over-ear/SPC%20Gear%20Viro%20(leather%20earpads)
SPC Gear Viro (velour earpads)	Filk		Filk/over-ear/SPC%20Gear%20Viro%20(velour%20earpads)
SPC Gear Viro 101M	Filk		Filk/in-ear/SPC%20Gear%20Viro%20101M
Spider Moonlight	Headphone.com Legacy		Headphone.com%20Legacy/over-ear/Spider%20Moonlight
Spider PowerForce	Innerfidelity		Innerfidelity/over-ear/Spider%20PowerForce
Spider realvoice	Innerfidelity		Innerfidelity/in-ear/Spider%20realvoice
Spiral Ear SE 5-Way Ultimate	crinacle	711	crinacle/711%20in-ear/Spiral%20Ear%20SE%205-Way%20Ultimate
Spiral Ear SE 5-Way Ultimate	oratory1990		oratory1990/in-ear/Spiral%20Ear%20SE%205-Way%20Ultimate
Spirit Torino Centauri	kr0mka		kr0mka/over-ear/Spirit%20Torino%20Centauri
Spirit Torino Pulsar	kr0mka		kr0mka/over-ear/Spirit%20Torino%20Pulsar
Spirit Torino Radiante	crinacle	GRAS 43AG-7	crinacle/GRAS%2043AG-7%20over-ear/Spirit%20Torino%20Radiante
Spirit Torino Superleggera	kr0mka		kr0mka/over-ear/Spirit%20Torino%20Superleggera
Status Audio Between 3ANC (ANC Off)	DHRME		DHRME/in-ear/Status%20Audio%20Between%203ANC%20(ANC%20Off)
Status Audio Between 3ANC (ANC on)	DHRME		DHRME/in-ear/Status%20Audio%20Between%203ANC%20(ANC%20on)
Status Audio Between 3ANC	Rtings	HMS II.3	Rtings/HMS%20II.3%20in-ear/Status%20Audio%20Between%203ANC
Status Audio Between Pro	Rtings	HMS II.3	Rtings/HMS%20II.3%20in-ear/Status%20Audio%20Between%20Pro
Status Audio BT One (wired)	oratory1990		oratory1990/over-ear/Status%20Audio%20BT%20One%20(wired)
Status Audio BT One (wireless)	oratory1990		oratory1990/over-ear/Status%20Audio%20BT%20One%20(wireless)
Status Audio BT One	Rtings	HMS II.3	Rtings/HMS%20II.3%20over-ear/Status%20Audio%20BT%20One
Status Audio IEM-2X	Super Review		Super%20Review/in-ear/Status%20Audio%20IEM-2X
Status Audio SM-CB1	Innerfidelity		Innerfidelity/over-ear/Status%20Audio%20SM-CB1
Status Audio SM-OB1	Innerfidelity		Innerfidelity/over-ear/Status%20Audio%20SM-OB1
Stax 4070	Innerfidelity		Innerfidelity/over-ear/Stax%204070
Stax Lambda Nova Basic	oratory1990		oratory1990/over-ear/Stax%20Lambda%20Nova%20Basic
Stax Lambda Nova Signature	Innerfidelity		Innerfidelity/over-ear/Stax%20Lambda%20Nova%20Signature
Stax SR Lambda Pro Classic (bad seal)	oratory1990		oratory1990/over-ear/Stax%20SR%20Lambda%20Pro%20Classic%20(bad%20seal)
Stax SR-001 Mk1 CES (CES-A1)	crinacle	711	crinacle/711%20in-ear/Stax%20SR-001%20Mk1%20CES%20(CES-A1)
Stax SR-001 Mk1	crinacle	711	crinacle/711%20in-ear/Stax%20SR-001%20Mk1
Stax SR-001 Mk2	crinacle	711	crinacle/711%20in-ear/Stax%20SR-001%20Mk2
Stax SR-002	crinacle	711	crinacle/711%20in-ear/Stax%20SR-002
Stax SR-003 SA-1993	Innerfidelity		Innerfidelity/in-ear/Stax%20SR-003%20SA-1993
Stax SR-003MK2 (CES-A1)	oratory1990		oratory1990/in-ear/Stax%20SR-003MK2%20(CES-A1)
Stax SR-003MK2	oratory1990		oratory1990/in-ear/Stax%20SR-003MK2
Stax SR-007 Mk2.5	crinacle	GRAS 43AG-7	crinacle/GRAS%2043AG-7%20over-ear/Stax%20SR-007%20Mk2.5
Stax SR-007	crinacle	EARS + 711	crinacle/EARS%20+%20711%20over-ear/Stax%20SR-007
Stax SR-007	Innerfidelity		Innerfidelity/over-ear/Stax%20SR-007
Stax SR-007	oratory1990		oratory1990/over-ear/Stax%20SR-007
Stax SR-007A v2.9 (blu-tac mod)	oratory1990		oratory1990/over-ear/Stax%20SR-007A%20v2.9%20(blu-tac%20mod)
Stax SR-007A v2.9	oratory1990		oratory1990/over-ear/Stax%20SR-007A%20v2.9
Stax SR-009 (sample 1)	Innerfidelity		Innerfidelity/over-ear/Stax%20SR-009%20(sample%201)
Stax SR-009 (serial number SZ9-1278)	Innerfidelity		Innerfidelity/over-ear/Stax%20SR-009%20(serial%20number%20SZ9-1278)
Stax SR-009	crinacle	EARS + 711	crinacle/EARS%20+%20711%20over-ear/Stax%20SR-009
Stax SR-009	crinacle	GRAS 43AG-7	crinacle/GRAS%2043AG-7%20over-ear/Stax%20SR-009
Stax SR-009	Innerfidelity		Innerfidelity/over-ear/Stax%20SR-009
Stax SR-009	oratory1990		oratory1990/over-ear/Stax%20SR-009
Stax SR-009S	crinacle	EARS + 711	crinacle/EARS%20+%20711%20over-ear/Stax%20SR-009S
Stax SR-009S	crinacle	GRAS 43AG-7	crinacle/GRAS%2043AG-7%20over-ear/Stax%20SR-009S
Stax SR-009S	oratory1990		oratory1990/over-ear/Stax%20SR-009S
Stax SR-1	Innerfidelity		Innerfidelity/over-ear/Stax%20SR-1
Stax SR-207 (EP-507 leather earpads)	Innerfidelity		Innerfidelity/over-ear/Stax%20SR-207%20(EP-507%20leather%20earpads)
Stax SR-207	Innerfidelity		Innerfidelity/over-ear/Stax%20SR-207
Stax SR-3	crinacle	GRAS 43AG-7	crinacle/GRAS%2043AG-7%20over-ear/Stax%20SR-3
Stax SR-3	Innerfidelity		Innerfidelity/over-ear/Stax%20SR-3
Stax SR-40 Electret SR4 Adapter	Innerfidelity		Innerfidelity/over-ear/Stax%20SR-40%20Electret%20SR4%20Adapter
Stax SR-40	crinacle	GRAS 43AG-7	crinacle/GRAS%2043AG-7%20over-ear/Stax%20SR-40
Stax SR-404 (with perfect seal)	oratory1990		oratory1990/over-ear/Stax%20SR-404%20(with%20perfect%20seal)
Stax SR-404 Limited	crinacle	GRAS 43AG-7	crinacle/GRAS%2043AG-7%20over-ear/Stax%20SR-404%20Limited
Stax SR-404 Ltd SSL-0670	Innerfidelity		Innerfidelity/over-ear/Stax%20SR-404%20Ltd%20SSL-0670
Stax SR-404 S 2742	Innerfidelity		Innerfidelity/over-ear/Stax%20SR-404%20S%202742
Stax SR-404	crinacle	GRAS 43AG-7	crinacle/GRAS%2043AG-7%20over-ear/Stax%20SR-404
Stax SR-404	oratory1990		oratory1990/over-ear/Stax%20SR-404
Stax SR-404LE (with perfect seal)	oratory1990		oratory1990/over-ear/Stax%20SR-404LE%20(with%20perfect%20seal)
Stax SR-404LE	oratory1990		oratory1990/over-ear/Stax%20SR-404LE
Stax SR-4070	crinacle	GRAS 43AG-7	crinacle/GRAS%2043AG-7%20over-ear/Stax%20SR-4070
Stax SR-5 Gold	oratory1990		oratory1990/over-ear/Stax%20SR-5%20Gold
Stax SR-507	crinacle	GRAS 43AG-7	crinacle/GRAS%2043AG-7%20over-ear/Stax%20SR-507
Stax SR-507	Innerfidelity		Innerfidelity/over-ear/Stax%20SR-507
Stax SR-84	crinacle	GRAS 43AG-7	crinacle/GRAS%2043AG-7%20over-ear/Stax%20SR-84
Stax SR-Gamma Pro	Innerfidelity		Innerfidelity/over-ear/Stax%20SR-Gamma%20Pro
Stax SR-L300 Limited	crinacle	GRAS 43AG-7	crinacle/GRAS%2043AG-7%20over-ear/Stax%20SR-L300%20Limited
Stax SR-L300 LTD (L700 earpads)	oratory1990		oratory1990/over-ear/Stax%20SR-L300%20LTD%20(L700%20earpads)
Stax SR-L300 LTD	oratory1990		oratory1990/over-ear/Stax%20SR-L300%20LTD
Stax SR-L300	crinacle	EARS + 711	crinacle/EARS%20+%20711%20over-ear/Stax%20SR-L300
Stax SR-L300	crinacle	GRAS 43AG-7	crinacle/GRAS%2043AG-7%20over-ear/Stax%20SR-L300
Stax SR-L300	Innerfidelity		Innerfidelity/over-ear/Stax%20SR-L300
Stax SR-L300	Rtings	HMS II.3	Rtings/HMS%20II.3%20over-ear/Stax%20SR-L300
Stax SR-L500 (blu-tac mod)	oratory1990		oratory1990/over-ear/Stax%20SR-L500%20(blu-tac%20mod)
Stax SR-L500 (Vesper earpads)	oratory1990		oratory1990/over-ear/Stax%20SR-L500%20(Vesper%20earpads)
Stax SR-L500	crinacle	EARS + 711	crinacle/EARS%20+%20711%20over-ear/Stax%20SR-L500
Stax SR-L500	crinacle	GRAS 43AG-7	crinacle/GRAS%2043AG-7%20over-ear/Stax%20SR-L500
Stax SR-L500	oratory1990		oratory1990/over-ear/Stax%20SR-L500
Stax SR-L700 (blu-tac mod)	oratory1990		oratory1990/over-ear/Stax%20SR-L700%20(blu-tac%20mod)
Stax SR-L700	crinacle	EARS + 711	crinacle/EARS%20+%20711%20over-ear/Stax%20SR-L700
Stax SR-L700	crinacle	GRAS 43AG-7	crinacle/GRAS%2043AG-7%20over-ear/Stax%20SR-L700
Stax SR-L700	Kuulokenurkka		Kuulokenurkka/over-ear/Stax%20SR-L700
Stax SR-L700	oratory1990		oratory1990/over-ear/Stax%20SR-L700
Stax SR-Lambda Pro Classic	oratory1990		oratory1990/over-ear/Stax%20SR-Lambda%20Pro%20Classic
Stax SR-Lambda Pro	crinacle	GRAS 43AG-7	crinacle/GRAS%2043AG-7%20over-ear/Stax%20SR-Lambda%20Pro
Stax SR-Lambda Pro	oratory1990		oratory1990/over-ear/Stax%20SR-Lambda%20Pro
Stax SR-Lambda Signature	Innerfidelity		Innerfidelity/over-ear/Stax%20SR-Lambda%20Signature
Stax SR-Lambda Spirit	Kuulokenurkka		Kuulokenurkka/over-ear/Stax%20SR-Lambda%20Spirit
Stax SR-Sigma 07381	Innerfidelity		Innerfidelity/over-ear/Stax%20SR-Sigma%2007381
Stax SR-X Mk2	crinacle	GRAS 43AG-7	crinacle/GRAS%2043AG-7%20over-ear/Stax%20SR-X%20Mk2
Stax SR-X Mk3 Pro	Innerfidelity		Innerfidelity/over-ear/Stax%20SR-X%20Mk3%20Pro
Stax SR-X1 (weak seal)	Kuulokenurkka		Kuulokenurkka/over-ear/Stax%20SR-X1%20(weak%20seal)
Stax SR-X1	Kuulokenurkka		Kuulokenurkka/over-ear/Stax%20SR-X1
Stax SR-X1	oratory1990		oratory1990/over-ear/Stax%20SR-X1
Stax SR-X9000	oratory1990		oratory1990/over-ear/Stax%20SR-X9000
Stealthsonics U2	crinacle	711	crinacle/711%20in-ear/Stealthsonics%20U2
Stealthsonics U4	crinacle	711	crinacle/711%20in-ear/Stealthsonics%20U4
Stealthsonics U9 JDM	crinacle	711	crinacle/711%20in-ear/Stealthsonics%20U9%20JDM
Stealthsonics U9	crinacle	711	crinacle/711%20in-ear/Stealthsonics%20U9
SteelSeries Arctis 1 Wireless	Rtings	HMS II.3	Rtings/HMS%20II.3%20over-ear/SteelSeries%20Arctis%201%20Wireless
SteelSeries Arctis 1	Rtings	HMS II.3	Rtings/HMS%20II.3%20over-ear/SteelSeries%20Arctis%201
SteelSeries Arctis 3 2019 Edition	Rtings	HMS II.3	Rtings/HMS%20II.3%20over-ear/SteelSeries%20Arctis%203%202019%20Edition
SteelSeries Arctis 5 2019 Edition	Rtings	HMS II.3	Rtings/HMS%20II.3%20over-ear/SteelSeries%20Arctis%205%202019%20Edition
SteelSeries Arctis 7 2019 Edition	Rtings	HMS II.3	Rtings/HMS%20II.3%20over-ear/SteelSeries%20Arctis%207%202019%20Edition
SteelSeries Arctis 7 Wireless 2017	Rtings	HMS II.3	Rtings/HMS%20II.3%20over-ear/SteelSeries%20Arctis%207%20Wireless%202017
SteelSeries Arctis 7+	Rtings	HMS II.3	Rtings/HMS%20II.3%20over-ear/SteelSeries%20Arctis%207+
SteelSeries Arctis 7P	Rtings	HMS II.3	Rtings/HMS%20II.3%20over-ear/SteelSeries%20Arctis%207P
SteelSeries Arctis 7P+	Rtings	HMS II.3	Rtings/HMS%20II.3%20over-ear/SteelSeries%20Arctis%207P+
SteelSeries Arctis 7X	Rtings	HMS II.3	Rtings/HMS%20II.3%20over-ear/SteelSeries%20Arctis%207X
SteelSeries Arctis 9	Rtings	HMS II.3	Rtings/HMS%20II.3%20over-ear/SteelSeries%20Arctis%209
SteelSeries Arctis 9X	Rtings	HMS II.3	Rtings/HMS%20II.3%20over-ear/SteelSeries%20Arctis%209X
SteelSeries Arctis Nova 1	Rtings	HMS II.3	Rtings/HMS%20II.3%20over-ear/SteelSeries%20Arctis%20Nova%201
SteelSeries Arctis Nova 3	Rtings	HMS II.3	Rtings/HMS%20II.3%20over-ear/SteelSeries%20Arctis%20Nova%203
SteelSeries Arctis Nova 5	Rtings	Bruel & Kjaer 5128	Rtings/Bruel%20&%20Kjaer%205128%20over-ear/SteelSeries%20Arctis%20Nova%205
SteelSeries Arctis Nova 7	Rtings	Bruel & Kjaer 5128	Rtings/Bruel%20&%20Kjaer%205128%20over-ear/SteelSeries%20Arctis%20Nova%207
SteelSeries Arctis Nova Pro Wireless (Bluetooth, ANC off)	oratory1990		oratory1990/over-ear/SteelSeries%20Arctis%20Nova%20Pro%20Wireless%20(Bluetooth,%20ANC%20off)
SteelSeries Arctis Nova Pro Wireless (Bluetooth, ANC on)	oratory1990		oratory1990/over-ear/SteelSeries%20Arctis%20Nova%20Pro%20Wireless%20(Bluetooth,%20ANC%20on)
SteelSeries Arctis Nova Pro Wireless (wired)	oratory1990		oratory1990/over-ear/SteelSeries%20Arctis%20Nova%20Pro%20Wireless%20(wired)
SteelSeries Arctis Nova Pro Wireless	Rtings	Bruel & Kjaer 5128	Rtings/Bruel%20&%20Kjaer%205128%20over-ear/SteelSeries%20Arctis%20Nova%20Pro%20Wireless
SteelSeries Arctis Nova Pro	Rtings	Bruel & Kjaer 5128	Rtings/Bruel%20&%20Kjaer%205128%20over-ear/SteelSeries%20Arctis%20Nova%20Pro
SteelSeries Arctis Prime	Rtings	HMS II.3	Rtings/HMS%20II.3%20over-ear/SteelSeries%20Arctis%20Prime
SteelSeries Arctis Pro GameDAC	Rtings	HMS II.3	Rtings/HMS%20II.3%20over-ear/SteelSeries%20Arctis%20Pro%20GameDAC
SteelSeries Arctis Pro	Rtings	Bruel & Kjaer 5128	Rtings/Bruel%20&%20Kjaer%205128%20over-ear/SteelSeries%20Arctis%20Pro
SteelSeries Flux InEar Pro	Innerfidelity		Innerfidelity/in-ear/SteelSeries%20Flux%20InEar%20Pro
SteelSeries Flux In-Ear	Innerfidelity		Innerfidelity/in-ear/SteelSeries%20Flux%20In-Ear
SteelSeries GameBuds (ANC off)	Filk		Filk/in-ear/SteelSeries%20GameBuds%20(ANC%20off)
SteelSeries GameBuds (ANC on)	Filk		Filk/in-ear/SteelSeries%20GameBuds%20(ANC%20on)
SteelSeries Siberia 200	Rtings	HMS II.3	Rtings/HMS%20II.3%20over-ear/SteelSeries%20Siberia%20200
SteelSeries Tusq	Rtings	HMS II.3	Rtings/HMS%20II.3%20in-ear/SteelSeries%20Tusq
StereoPravda SB7	crinacle	711	crinacle/711%20in-ear/StereoPravda%20SB7
Sterling TE-400	Innerfidelity		Innerfidelity/over-ear/Sterling%20TE-400
Steven Slate Audio VSX (passive plugin inactive))	oratory1990		oratory1990/over-ear/Steven%20Slate%20Audio%20VSX%20(passive%20plugin%20inactive))
Superlux HD 651	oratory1990		oratory1990/over-ear/Superlux%20HD%20651
Superlux HD 660 Pro 150 Ohm	oratory1990		oratory1990/over-ear/Superlux%20HD%20660%20Pro%20150%20Ohm
Superlux HD 660	oratory1990		oratory1990/over-ear/Superlux%20HD%20660
Superlux HD 662F (Brainwavz round XL pleather earpads)	oratory1990		oratory1990/over-ear/Superlux%20HD%20662F%20(Brainwavz%20round%20XL%20pleather%20earpads)
Superlux HD 662F	oratory1990		oratory1990/over-ear/Superlux%20HD%20662F
Superlux HD 668B (velour earpads)	oratory1990		oratory1990/over-ear/Superlux%20HD%20668B%20(velour%20earpads)
Superlux HD 668B	Headphone.com Legacy		Headphone.com%20Legacy/over-ear/Superlux%20HD%20668B
Superlux HD 668B	Innerfidelity		Innerfidelity/over-ear/Superlux%20HD%20668B
Superlux HD 668B	oratory1990		oratory1990/over-ear/Superlux%20HD%20668B
Superlux HD 668B	Rtings	HMS II.3	Rtings/HMS%20II.3%20over-ear/Superlux%20HD%20668B
Superlux HD 681 (velour earpads)	oratory1990		oratory1990/over-ear/Superlux%20HD%20681%20(velour%20earpads)
Superlux HD 681 EVO	Rtings	HMS II.3	Rtings/HMS%20II.3%20over-ear/Superlux%20HD%20681%20EVO
Superlux HD 681	Headphone.com Legacy		Headphone.com%20Legacy/over-ear/Superlux%20HD%20681
Superlux HD 681	Innerfidelity		Innerfidelity/over-ear/Superlux%20HD%20681
Superlux HD 681	oratory1990		oratory1990/over-ear/Superlux%20HD%20681
Superlux HD 681	Rtings	Bruel & Kjaer 5128	Rtings/Bruel%20&%20Kjaer%205128%20over-ear/Superlux%20HD%20681
Superlux Hd 681B (Brainwavz round hybrid earpads)	oratory1990		oratory1990/over-ear/Superlux%20Hd%20681B%20(Brainwavz%20round%20hybrid%20earpads)
Superlux HD 681B (pleather earpads)	oratory1990		oratory1990/over-ear/Superlux%20HD%20681B%20(pleather%20earpads)
Superlux HD 681B (velour earpads)	oratory1990		oratory1990/over-ear/Superlux%20HD%20681B%20(velour%20earpads)
SWEEAR SR11	Jaytiss		Jaytiss/in-ear/SWEEAR%20SR11
Swimbuds Waterproof Headphones	Rtings	HMS II.3	Rtings/HMS%20II.3%20in-ear/Swimbuds%20Waterproof%20Headphones
Symphonium Audio Aurora	crinacle	711	crinacle/711%20in-ear/Symphonium%20Audio%20Aurora
Symphonium Audio Crimson	Jaytiss		Jaytiss/in-ear/Symphonium%20Audio%20Crimson
Symphonium Audio Crimson	Kazi		Kazi/in-ear/Symphonium%20Audio%20Crimson
Symphonium Audio Giant	Jaytiss		Jaytiss/in-ear/Symphonium%20Audio%20Giant
Symphonium Audio Helios SE	freeryder05		freeryder05/in-ear/Symphonium%20Audio%20Helios%20SE
Symphonium Audio Helios SE	Super Review		Super%20Review/in-ear/Symphonium%20Audio%20Helios%20SE
Symphonium Audio Helios	crinacle	711	crinacle/711%20in-ear/Symphonium%20Audio%20Helios
Symphonium Audio Helios	freeryder05		freeryder05/in-ear/Symphonium%20Audio%20Helios
Symphonium Audio Helios	Hi End Portable		Hi%20End%20Portable/in-ear/Symphonium%20Audio%20Helios
Symphonium Audio Helios	HypetheSonics	GRAS RA0045	HypetheSonics/GRAS%20RA0045%20in-ear/Symphonium%20Audio%20Helios
Symphonium Audio Helios	Super Review		Super%20Review/in-ear/Symphonium%20Audio%20Helios
Symphonium Audio Meteor (AZLA eartips)	freeryder05		freeryder05/in-ear/Symphonium%20Audio%20Meteor%20(AZLA%20eartips)
Symphonium Audio Meteor (Comply eartips)	freeryder05		freeryder05/in-ear/Symphonium%20Audio%20Meteor%20(Comply%20eartips)
Symphonium Audio Meteor (JVC Spiral Dot eartips)	freeryder05		freeryder05/in-ear/Symphonium%20Audio%20Meteor%20(JVC%20Spiral%20Dot%20eartips)
Symphonium Audio Meteor (SpinFit CP145 eartips)	freeryder05		freeryder05/in-ear/Symphonium%20Audio%20Meteor%20(SpinFit%20CP145%20eartips)
Symphonium Audio Meteor	Fahryst		Fahryst/in-ear/Symphonium%20Audio%20Meteor
Symphonium Audio Meteor	freeryder05		freeryder05/in-ear/Symphonium%20Audio%20Meteor
Symphonium Audio Meteor	Jaytiss		Jaytiss/in-ear/Symphonium%20Audio%20Meteor
Symphonium Audio Meteor	Super Review		Super%20Review/in-ear/Symphonium%20Audio%20Meteor
Symphonium Audio Meteor	Ted's Squig Hoard		Ted's%20Squig%20Hoard/in-ear/Symphonium%20Audio%20Meteor
Symphonium Audio Mirage	crinacle	711	crinacle/711%20in-ear/Symphonium%20Audio%20Mirage
Symphonium Audio Titan	Super Review		Super%20Review/in-ear/Symphonium%20Audio%20Titan
Symphonium Audio Titan	ToneDeafMonk		ToneDeafMonk/in-ear/Symphonium%20Audio%20Titan
Symphonium Audio Triton	crinacle	711	crinacle/711%20in-ear/Symphonium%20Audio%20Triton
Symphonium Audio Triton	Super Review		Super%20Review/in-ear/Symphonium%20Audio%20Triton
Symphonium Audio X Elise Audio Europa	Jaytiss		Jaytiss/in-ear/Symphonium%20Audio%20X%20Elise%20Audio%20Europa
Symphonized NRG 3.0	Rtings	HMS II.3	Rtings/HMS%20II.3%20in-ear/Symphonized%20NRG%203.0
SymphonyEars Hexad	Jaytiss		Jaytiss/in-ear/SymphonyEars%20Hexad
SymphonyEars Tetrad MK1	ToneDeafMonk		ToneDeafMonk/in-ear/SymphonyEars%20Tetrad%20MK1
Syun ME1 Gold	Innerfidelity		Innerfidelity/in-ear/Syun%20ME1%20Gold
Syun Mix1 Gold	Innerfidelity		Innerfidelity/in-ear/Syun%20Mix1%20Gold
T+A Solitaire P	Kuulokenurkka		Kuulokenurkka/over-ear/T+A%20Solitaire%20P
T+A Solitaire P	oratory1990		oratory1990/over-ear/T+A%20Solitaire%20P
T+A Solitaire PSE	Kuulokenurkka		Kuulokenurkka/over-ear/T+A%20Solitaire%20PSE
T+A Solitaire PSE	oratory1990		oratory1990/over-ear/T+A%20Solitaire%20PSE
T+A Solitaire T (ANC on)	Kuulokenurkka		Kuulokenurkka/over-ear/T+A%20Solitaire%20T%20(ANC%20on)
T+A Solitaire T (passive)	Kuulokenurkka		Kuulokenurkka/over-ear/T+A%20Solitaire%20T%20(passive)
TAGO STUDIO T3-02	crinacle	711	crinacle/711%20in-ear/TAGO%20STUDIO%20T3-02
Takstar Pro 80	Innerfidelity		Innerfidelity/over-ear/Takstar%20Pro%2080
Takstar Pro 82	oratory1990		oratory1990/over-ear/Takstar%20Pro%2082
Tanchjim 4U (atmophere)	Jaytiss		Jaytiss/in-ear/Tanchjim%204U%20(atmophere)
Tanchjim 4U (atmophere)	Super Review		Super%20Review/in-ear/Tanchjim%204U%20(atmophere)
Tanchjim 4U (monitoring)	Jaytiss		Jaytiss/in-ear/Tanchjim%204U%20(monitoring)
Tanchjim 4U (monitoring)	Super Review		Super%20Review/in-ear/Tanchjim%204U%20(monitoring)
Tanchjim 4U (natural)	Jaytiss		Jaytiss/in-ear/Tanchjim%204U%20(natural)
Tanchjim 4U (natural)	Super Review		Super%20Review/in-ear/Tanchjim%204U%20(natural)
Tanchjim 4U (pop)	Jaytiss		Jaytiss/in-ear/Tanchjim%204U%20(pop)
Tanchjim 4U (pop)	Super Review		Super%20Review/in-ear/Tanchjim%204U%20(pop)
Tanchjim 4U	Jaytiss		Jaytiss/in-ear/Tanchjim%204U
Tanchjim Bunny (analog)	Super Review		Super%20Review/in-ear/Tanchjim%20Bunny%20(analog)
Tanchjim Bunny (analog)	ToneDeafMonk		ToneDeafMonk/in-ear/Tanchjim%20Bunny%20(analog)
Tanchjim Bunny (USB)	Super Review		Super%20Review/in-ear/Tanchjim%20Bunny%20(USB)
Tanchjim Bunny (USB)	ToneDeafMonk		ToneDeafMonk/in-ear/Tanchjim%20Bunny%20(USB)
Tanchjim Bunny	Jaytiss		Jaytiss/in-ear/Tanchjim%20Bunny
Tanchjim Cora	crinacle	711	crinacle/711%20in-ear/Tanchjim%20Cora
Tanchjim Cora	Hi End Portable		Hi%20End%20Portable/in-ear/Tanchjim%20Cora
Tanchjim Darling	crinacle	711	crinacle/711%20in-ear/Tanchjim%20Darling
Tanchjim Darling	crinacle	Bruel & Kjaer 4620	crinacle/Bruel%20&%20Kjaer%204620%20in-ear/Tanchjim%20Darling
Tanchjim Darling	HypetheSonics	GRAS RA0045	HypetheSonics/GRAS%20RA0045%20in-ear/Tanchjim%20Darling
Tanchjim Darling	Super Review		Super%20Review/in-ear/Tanchjim%20Darling
Tanchjim Echo (Tanchjim Echo filter)	RikudouGoku		RikudouGoku/in-ear/Tanchjim%20Echo%20(Tanchjim%20Echo%20filter)
Tanchjim Echo	crinacle	711	crinacle/711%20in-ear/Tanchjim%20Echo
Tanchjim Echo	RikudouGoku		RikudouGoku/in-ear/Tanchjim%20Echo
Tanchjim Echo	Super Review		Super%20Review/in-ear/Tanchjim%20Echo
Tanchjim Fission (gold nozzle, atmosphere switch)	Super Review		Super%20Review/in-ear/Tanchjim%20Fission%20(gold%20nozzle,%20atmosphere%20switch)
Tanchjim Fission (nickel nozzle, atmosphere switch)	Super Review		Super%20Review/in-ear/Tanchjim%20Fission%20(nickel%20nozzle,%20atmosphere%20switch)
Tanchjim Fission (silver nozzle, atmosphere switch)	Super Review		Super%20Review/in-ear/Tanchjim%20Fission%20(silver%20nozzle,%20atmosphere%20switch)
Tanchjim Fission (silver nozzle, monitoring switch)	Super Review		Super%20Review/in-ear/Tanchjim%20Fission%20(silver%20nozzle,%20monitoring%20switch)
Tanchjim Fission (silver nozzle, natural switch)	Super Review		Super%20Review/in-ear/Tanchjim%20Fission%20(silver%20nozzle,%20natural%20switch)
Tanchjim Fission (silver nozzle, pop switch)	Super Review		Super%20Review/in-ear/Tanchjim%20Fission%20(silver%20nozzle,%20pop%20switch)
Tanchjim Fission (USB cable)	ToneDeafMonk		ToneDeafMonk/in-ear/Tanchjim%20Fission%20(USB%20cable)
Tanchjim Fission Gold	Jaytiss		Jaytiss/in-ear/Tanchjim%20Fission%20Gold
Tanchjim Hana (AZLA Sedna Light eartips)	Super Review		Super%20Review/in-ear/Tanchjim%20Hana%20(AZLA%20Sedna%20Light%20eartips)
Tanchjim Hana (Final Audio Type E eartips)	Super Review		Super%20Review/in-ear/Tanchjim%20Hana%20(Final%20Audio%20Type%20E%20eartips)
Tanchjim HANA 2021	Bakkwatan		Bakkwatan/in-ear/Tanchjim%20HANA%202021
Tanchjim Hana 2021	crinacle	711	crinacle/711%20in-ear/Tanchjim%20Hana%202021
Tanchjim HANA 2021	crinacle	Bruel & Kjaer 4620	crinacle/Bruel%20&%20Kjaer%204620%20in-ear/Tanchjim%20HANA%202021
Tanchjim HANA 2021	Harpo		Harpo/in-ear/Tanchjim%20HANA%202021
Tanchjim HANA 2021	Jaytiss		Jaytiss/in-ear/Tanchjim%20HANA%202021
Tanchjim Hana 2021	Super Review		Super%20Review/in-ear/Tanchjim%20Hana%202021
Tanchjim Hana	crinacle	711	crinacle/711%20in-ear/Tanchjim%20Hana
Tanchjim Hana	RikudouGoku		RikudouGoku/in-ear/Tanchjim%20Hana
Tanchjim Hana	Super Review		Super%20Review/in-ear/Tanchjim%20Hana
Tanchjim Kara	Hi End Portable		Hi%20End%20Portable/in-ear/Tanchjim%20Kara
Tanchjim Kara	Jaytiss		Jaytiss/in-ear/Tanchjim%20Kara
Tanchjim Kara	Super Review		Super%20Review/in-ear/Tanchjim%20Kara
Tanchjim Mino	Jaytiss		Jaytiss/in-ear/Tanchjim%20Mino
Tanchjim Ola (no filter)	Super Review		Super%20Review/in-ear/Tanchjim%20Ola%20(no%20filter)
Tanchjim Ola	crinacle	711	crinacle/711%20in-ear/Tanchjim%20Ola
Tanchjim Ola	crinacle	Bruel & Kjaer 4620	crinacle/Bruel%20&%20Kjaer%204620%20in-ear/Tanchjim%20Ola
Tanchjim Ola	Filk		Filk/in-ear/Tanchjim%20Ola
Tanchjim Ola	freeryder05		freeryder05/in-ear/Tanchjim%20Ola
Tanchjim Ola	Harpo		Harpo/in-ear/Tanchjim%20Ola
Tanchjim Ola	kr0mka		kr0mka/in-ear/Tanchjim%20Ola
Tanchjim Ola	Super Review		Super%20Review/in-ear/Tanchjim%20Ola
Tanchjim ONE (3.5 mm cable)	Super Review		Super%20Review/in-ear/Tanchjim%20ONE%20(3.5%20mm%20cable)
Tanchjim One (USB)	Super Review		Super%20Review/in-ear/Tanchjim%20One%20(USB)
Tanchjim One DSP	Fahryst		Fahryst/in-ear/Tanchjim%20One%20DSP
Tanchjim One DSP	kr0mka		kr0mka/in-ear/Tanchjim%20One%20DSP
Tanchjim One	Fahryst		Fahryst/in-ear/Tanchjim%20One
Tanchjim One	Harpo		Harpo/in-ear/Tanchjim%20One
Tanchjim One	ToneDeafMonk		ToneDeafMonk/in-ear/Tanchjim%20One
Tanchjim Origin (D nozzle)	Super Review		Super%20Review/in-ear/Tanchjim%20Origin%20(D%20nozzle)
Tanchjim Origin (D nozzle)	ToneDeafMonk		ToneDeafMonk/in-ear/Tanchjim%20Origin%20(D%20nozzle)
Tanchjim Origin (L nozzle)	Super Review		Super%20Review/in-ear/Tanchjim%20Origin%20(L%20nozzle)
Tanchjim Origin (L nozzle)	ToneDeafMonk		ToneDeafMonk/in-ear/Tanchjim%20Origin%20(L%20nozzle)
Tanchjim Origin (S nozzle)	Super Review		Super%20Review/in-ear/Tanchjim%20Origin%20(S%20nozzle)
Tanchjim Origin (S nozzle)	ToneDeafMonk		ToneDeafMonk/in-ear/Tanchjim%20Origin%20(S%20nozzle)
Tanchjim Origin	Jaytiss		Jaytiss/in-ear/Tanchjim%20Origin
Tanchjim Oxygen	crinacle	711	crinacle/711%20in-ear/Tanchjim%20Oxygen
Tanchjim Oxygen	crinacle	Bruel & Kjaer 4620	crinacle/Bruel%20&%20Kjaer%204620%20in-ear/Tanchjim%20Oxygen
Tanchjim Oxygen	RikudouGoku		RikudouGoku/in-ear/Tanchjim%20Oxygen
Tanchjim Oxygen	Super Review		Super%20Review/in-ear/Tanchjim%20Oxygen
Tanchjim Prism (bass eartips)	Super Review		Super%20Review/in-ear/Tanchjim%20Prism%20(bass%20eartips)
Tanchjim Prism (treble eartips)	Super Review		Super%20Review/in-ear/Tanchjim%20Prism%20(treble%20eartips)
Tanchjim Prism	crinacle	711	crinacle/711%20in-ear/Tanchjim%20Prism
Tanchjim Prism	crinacle	Bruel & Kjaer 4620	crinacle/Bruel%20&%20Kjaer%204620%20in-ear/Tanchjim%20Prism
Tanchjim Tanya DSP	kr0mka		kr0mka/in-ear/Tanchjim%20Tanya%20DSP
Tanchjim Tanya	crinacle	711	crinacle/711%20in-ear/Tanchjim%20Tanya
Tanchjim Tanya	crinacle	Bruel & Kjaer 4620	crinacle/Bruel%20&%20Kjaer%204620%20in-ear/Tanchjim%20Tanya
Tanchjim Tanya	Fahryst		Fahryst/in-ear/Tanchjim%20Tanya
Tanchjim Tanya	Filk		Filk/in-ear/Tanchjim%20Tanya
Tanchjim Tanya	freeryder05		freeryder05/in-ear/Tanchjim%20Tanya
Tanchjim Tanya	Harpo		Harpo/in-ear/Tanchjim%20Tanya
Tanchjim Tanya	RikudouGoku		RikudouGoku/in-ear/Tanchjim%20Tanya
Tanchjim Tanya	Super Review		Super%20Review/in-ear/Tanchjim%20Tanya
Tanchjim Zero	crinacle	711	crinacle/711%20in-ear/Tanchjim%20Zero
Tanchjim Zero	crinacle	Bruel & Kjaer 4620	crinacle/Bruel%20&%20Kjaer%204620%20in-ear/Tanchjim%20Zero
Tanchjim Zero	Filk		Filk/in-ear/Tanchjim%20Zero
Tanchjim Zero	Super Review		Super%20Review/in-ear/Tanchjim%20Zero
TANGZU BaJie	Jaytiss		Jaytiss/in-ear/TANGZU%20BaJie
TANGZU Fudu	Harpo		Harpo/in-ear/TANGZU%20Fudu
TANGZU Fudu	RikudouGoku		RikudouGoku/in-ear/TANGZU%20Fudu
TANGZU Princess Chang Le	Bakkwatan		Bakkwatan/in-ear/TANGZU%20Princess%20Chang%20Le
TANGZU Princess Chang Le	Fahryst		Fahryst/in-ear/TANGZU%20Princess%20Chang%20Le
TANGZU Shimin Li	Fahryst		Fahryst/in-ear/TANGZU%20Shimin%20Li
TANGZU Wan'er 2	Jaytiss		Jaytiss/in-ear/TANGZU%20Wan'er%202
TANGZU Wan'er S.G	Bakkwatan		Bakkwatan/in-ear/TANGZU%20Wan'er%20S.G
TANGZU Wan'er S.G	crinacle	711	crinacle/711%20in-ear/TANGZU%20Wan'er%20S.G
TANGZU Wan'er S.G	crinacle	Bruel & Kjaer 4620	crinacle/Bruel%20&%20Kjaer%204620%20in-ear/TANGZU%20Wan'er%20S.G
TANGZU Wan'er S.G	Fahryst		Fahryst/in-ear/TANGZU%20Wan'er%20S.G
TANGZU Wan'er S.G	Harpo		Harpo/in-ear/TANGZU%20Wan'er%20S.G
TANGZU Wan'er S.G	Kazi		Kazi/in-ear/TANGZU%20Wan'er%20S.G
TANGZU Wan'er S.G	Super Review		Super%20Review/in-ear/TANGZU%20Wan'er%20S.G
TANGZU x HBB XuanNv	Jaytiss		Jaytiss/in-ear/TANGZU%20x%20HBB%20XuanNv
TANGZU x HBB Zetian Wu Heyday Edition	Bakkwatan		Bakkwatan/in-ear/TANGZU%20x%20HBB%20Zetian%20Wu%20Heyday%20Edition
TANGZU x HBB Zetian Wu Heyday Edition	Fahryst		Fahryst/in-ear/TANGZU%20x%20HBB%20Zetian%20Wu%20Heyday%20Edition
TANGZU x HBB Zetian Wu Heyday Edition	Super Review		Super%20Review/in-ear/TANGZU%20x%20HBB%20Zetian%20Wu%20Heyday%20Edition
TANGZU x SeeAudio Shimin Li Encounter Edition	Bakkwatan		Bakkwatan/in-ear/TANGZU%20x%20SeeAudio%20Shimin%20Li%20Encounter%20Edition
TANGZU Yuan Li Dark Force	Fahryst		Fahryst/in-ear/TANGZU%20Yuan%20Li%20Dark%20Force
TANGZU YuXuanJi	Jaytiss		Jaytiss/in-ear/TANGZU%20YuXuanJi
TANGZU Zetian Wu	Bakkwatan		Bakkwatan/in-ear/TANGZU%20Zetian%20Wu
TANGZU Zetian Wu	crinacle	711	crinacle/711%20in-ear/TANGZU%20Zetian%20Wu
TANGZU Zetian Wu	Fahryst		Fahryst/in-ear/TANGZU%20Zetian%20Wu
TANGZU Zetian Wu	Harpo		Harpo/in-ear/TANGZU%20Zetian%20Wu
TANGZU Zetian Wu	Jaytiss		Jaytiss/in-ear/TANGZU%20Zetian%20Wu
TANGZU Zetian Wu	Super Review		Super%20Review/in-ear/TANGZU%20Zetian%20Wu
Tansio Mirai (TSMR) X 10th Anniversary (off-off-off)	Fahryst		Fahryst/in-ear/Tansio%20Mirai%20(TSMR)%20X%2010th%20Anniversary%20(off-off-off)
Tansio Mirai (TSMR) X 10th Anniversary (off-off-on)	Fahryst		Fahryst/in-ear/Tansio%20Mirai%20(TSMR)%20X%2010th%20Anniversary%20(off-off-on)
Tansio Mirai (TSMR) X 10th Anniversary (off-on-off)	Fahryst		Fahryst/in-ear/Tansio%20Mirai%20(TSMR)%20X%2010th%20Anniversary%20(off-on-off)
Tansio Mirai (TSMR) X 10th Anniversary (off-on-on)	Fahryst		Fahryst/in-ear/Tansio%20Mirai%20(TSMR)%20X%2010th%20Anniversary%20(off-on-on)
Tansio Mirai (TSMR) X 10th Anniversary (on-off-off)	Fahryst		Fahryst/in-ear/Tansio%20Mirai%20(TSMR)%20X%2010th%20Anniversary%20(on-off-off)
Tansio Mirai (TSMR) X 10th Anniversary (on-off-on)	Fahryst		Fahryst/in-ear/Tansio%20Mirai%20(TSMR)%20X%2010th%20Anniversary%20(on-off-on)
Tansio Mirai (TSMR) X 10th Anniversary (on-on-off)	Fahryst		Fahryst/in-ear/Tansio%20Mirai%20(TSMR)%20X%2010th%20Anniversary%20(on-on-off)
Tansio Mirai (TSMR) X 10th Anniversary (on-on-on)	Fahryst		Fahryst/in-ear/Tansio%20Mirai%20(TSMR)%20X%2010th%20Anniversary%20(on-on-on)
Tansio Mirai HALO	ToneDeafMonk		ToneDeafMonk/in-ear/Tansio%20Mirai%20HALO
Tansio Mirai Land (off-off-off)	crinacle	711	crinacle/711%20in-ear/Tansio%20Mirai%20Land%20(off-off-off)
Tansio Mirai Land (off-off-on)	crinacle	711	crinacle/711%20in-ear/Tansio%20Mirai%20Land%20(off-off-on)
Tansio Mirai Land (off-on-off)	crinacle	711	crinacle/711%20in-ear/Tansio%20Mirai%20Land%20(off-on-off)
Tansio Mirai Land (on-off-off)	crinacle	711	crinacle/711%20in-ear/Tansio%20Mirai%20Land%20(on-off-off)
Tansio Mirai Land (on-on-on)	crinacle	711	crinacle/711%20in-ear/Tansio%20Mirai%20Land%20(on-on-on)
Tansio Mirai RGB	ToneDeafMonk		ToneDeafMonk/in-ear/Tansio%20Mirai%20RGB
Tansio Mirai Shock (yellow 0, brown 0)	Super Review		Super%20Review/in-ear/Tansio%20Mirai%20Shock%20(yellow%200,%20brown%200)
Tansio Mirai Shock (yellow 0, brown 4)	Super Review		Super%20Review/in-ear/Tansio%20Mirai%20Shock%20(yellow%200,%20brown%204)
Tansio Mirai Shock (yellow 4, brown 0)	Super Review		Super%20Review/in-ear/Tansio%20Mirai%20Shock%20(yellow%204,%20brown%200)
Tansio Mirai Shock (yellow 4, brown 4)	Super Review		Super%20Review/in-ear/Tansio%20Mirai%20Shock%20(yellow%204,%20brown%204)
Tansio Mirai Spark (off-on-off)	Super Review		Super%20Review/in-ear/Tansio%20Mirai%20Spark%20(off-on-off)
Tansio Mirai Spark (on-on-off)	Super Review		Super%20Review/in-ear/Tansio%20Mirai%20Spark%20(on-on-off)
Tansio Mirai Spark (on-on-on)	Super Review		Super%20Review/in-ear/Tansio%20Mirai%20Spark%20(on-on-on)
Tansio Mirai TSMR-12 (off-off-on)	crinacle	711	crinacle/711%20in-ear/Tansio%20Mirai%20TSMR-12%20(off-off-on)
Tansio Mirai TSMR-12 (off-off-on)	crinacle	Bruel & Kjaer 4620	crinacle/Bruel%20&%20Kjaer%204620%20in-ear/Tansio%20Mirai%20TSMR-12%20(off-off-on)
Tansio Mirai TSMR-12 (off-on-off)	crinacle	711	crinacle/711%20in-ear/Tansio%20Mirai%20TSMR-12%20(off-on-off)
Tansio Mirai TSMR-12 (off-on-off)	crinacle	Bruel & Kjaer 4620	crinacle/Bruel%20&%20Kjaer%204620%20in-ear/Tansio%20Mirai%20TSMR-12%20(off-on-off)
Tansio Mirai TSMR-12 (on-off-off)	crinacle	711	crinacle/711%20in-ear/Tansio%20Mirai%20TSMR-12%20(on-off-off)
Tansio Mirai TSMR-12 (on-off-off)	crinacle	Bruel & Kjaer 4620	crinacle/Bruel%20&%20Kjaer%204620%20in-ear/Tansio%20Mirai%20TSMR-12%20(on-off-off)
Tansio Mirai TSMR-12 (on-off-on)	crinacle	Bruel & Kjaer 4620	crinacle/Bruel%20&%20Kjaer%204620%20in-ear/Tansio%20Mirai%20TSMR-12%20(on-off-on)
Tansio Mirai TSMR-12 (on-on-off)	crinacle	Bruel & Kjaer 4620	crinacle/Bruel%20&%20Kjaer%204620%20in-ear/Tansio%20Mirai%20TSMR-12%20(on-on-off)
Tansio Mirai TSMR-12 (on-on-on)	crinacle	711	crinacle/711%20in-ear/Tansio%20Mirai%20TSMR-12%20(on-on-on)
Tansio Mirai TSMR-12 (on-on-on)	crinacle	Bruel & Kjaer 4620	crinacle/Bruel%20&%20Kjaer%204620%20in-ear/Tansio%20Mirai%20TSMR-12%20(on-on-on)
Tansio Mirai TSMR-3 Pro (off-off-off)	crinacle	711	crinacle/711%20in-ear/Tansio%20Mirai%20TSMR-3%20Pro%20(off-off-off)
Tansio Mirai TSMR-3 Pro (off-off-on)	crinacle	711	crinacle/711%20in-ear/Tansio%20Mirai%20TSMR-3%20Pro%20(off-off-on)
Tansio Mirai TSMR-3 Pro (off-on-off)	crinacle	711	crinacle/711%20in-ear/Tansio%20Mirai%20TSMR-3%20Pro%20(off-on-off)
Tansio Mirai TSMR-3 Pro (off-on-on)	crinacle	711	crinacle/711%20in-ear/Tansio%20Mirai%20TSMR-3%20Pro%20(off-on-on)
Tansio Mirai TSMR-3 Pro (on-off-off)	crinacle	711	crinacle/711%20in-ear/Tansio%20Mirai%20TSMR-3%20Pro%20(on-off-off)
Tansio Mirai TSMR-3 Pro (on-off-on)	crinacle	711	crinacle/711%20in-ear/Tansio%20Mirai%20TSMR-3%20Pro%20(on-off-on)
Tansio Mirai TSMR-3 Pro (on-on-off)	crinacle	711	crinacle/711%20in-ear/Tansio%20Mirai%20TSMR-3%20Pro%20(on-on-off)
Tansio Mirai TSMR-3 Pro (on-on-on)	crinacle	711	crinacle/711%20in-ear/Tansio%20Mirai%20TSMR-3%20Pro%20(on-on-on)
Tansio Mirai TSMR-4 Pro (on-on-off)	RikudouGoku		RikudouGoku/in-ear/Tansio%20Mirai%20TSMR-4%20Pro%20(on-on-off)
Tansio Mirai TSMR-5 (off-off-on)	crinacle	711	crinacle/711%20in-ear/Tansio%20Mirai%20TSMR-5%20(off-off-on)
Tansio Mirai TSMR-5 (off-on-off)	crinacle	711	crinacle/711%20in-ear/Tansio%20Mirai%20TSMR-5%20(off-on-off)
Tansio Mirai TSMR-5 (on-off-off)	crinacle	711	crinacle/711%20in-ear/Tansio%20Mirai%20TSMR-5%20(on-off-off)
Tansio Mirai TSMR-5 (on-on-on)	crinacle	711	crinacle/711%20in-ear/Tansio%20Mirai%20TSMR-5%20(on-on-on)
Taobao 3 driver	crinacle	711	crinacle/711%20in-ear/Taobao%203%20driver
Taobao 6 driver	crinacle	711	crinacle/711%20in-ear/Taobao%206%20driver
TaoTronics SoundLiberty 79	Rtings	HMS II.3	Rtings/HMS%20II.3%20in-ear/TaoTronics%20SoundLiberty%2079
TaoTronics SoundLiberty 92	Rtings	HMS II.3	Rtings/HMS%20II.3%20in-ear/TaoTronics%20SoundLiberty%2092
TaoTronics SoundLiberty 94	Rtings	HMS II.3	Rtings/HMS%20II.3%20in-ear/TaoTronics%20SoundLiberty%2094
TaoTronics SoundLiberty 95	Rtings	HMS II.3	Rtings/HMS%20II.3%20earbud/TaoTronics%20SoundLiberty%2095
TaoTronics SoundSurge 60	Rtings	HMS II.3	Rtings/HMS%20II.3%20over-ear/TaoTronics%20SoundSurge%2060
TaoTronics TT-BH041 Bluetooth Headset	Rtings	HMS II.3	Rtings/HMS%20II.3%20over-ear/TaoTronics%20TT-BH041%20Bluetooth%20Headset
Tascam TH-02	Rtings	HMS II.3	Rtings/HMS%20II.3%20over-ear/Tascam%20TH-02
TCL SOCL300	kr0mka		kr0mka/in-ear/TCL%20SOCL300
TDK BA200	Innerfidelity		Innerfidelity/in-ear/TDK%20BA200
TDK MT300	Innerfidelity		Innerfidelity/in-ear/TDK%20MT300
Teac CT-H02	Headphone.com Legacy		Headphone.com%20Legacy/over-ear/Teac%20CT-H02
Teac CT-H02	Innerfidelity		Innerfidelity/over-ear/Teac%20CT-H02
Technics EAH-AZ100	DHRME		DHRME/in-ear/Technics%20EAH-AZ100
Technics EAH-AZ70W	crinacle	711	crinacle/711%20in-ear/Technics%20EAH-AZ70W
Technics EAH-AZ80	DHRME		DHRME/in-ear/Technics%20EAH-AZ80
Technics EAH-AZ80	Regan Cipher		Regan%20Cipher/in-ear/Technics%20EAH-AZ80
Technics EAH-AZ80	Rtings	Bruel & Kjaer 5128	Rtings/Bruel%20&%20Kjaer%205128%20in-ear/Technics%20EAH-AZ80
Technics EAH-TZ700	Jaytiss		Jaytiss/in-ear/Technics%20EAH-TZ700
Tekfusion Ecoofers	Innerfidelity		Innerfidelity/in-ear/Tekfusion%20Ecoofers
Tekfusion Twinwoofers	Innerfidelity		Innerfidelity/in-ear/Tekfusion%20Twinwoofers
tekkusai Lucid	Jaytiss		Jaytiss/in-ear/tekkusai%20Lucid
Teknmotion London Underground	Innerfidelity		Innerfidelity/over-ear/Teknmotion%20London%20Underground
TempoTec IM05	Hi End Portable		Hi%20End%20Portable/in-ear/TempoTec%20IM05
TENHZ 3BA	Super Review		Super%20Review/in-ear/TENHZ%203BA
TENHZ P4 Pro	Super Review		Super%20Review/in-ear/TENHZ%20P4%20Pro
Teufel CAGE (active)	Filk		Filk/over-ear/Teufel%20CAGE%20(active)
Teufel CAGE (passive)	Filk		Filk/over-ear/Teufel%20CAGE%20(passive)
Teufel Real Blue NC (ANC on)	Filk		Filk/over-ear/Teufel%20Real%20Blue%20NC%20(ANC%20on)
Teufel Real Blue NC (ANC on, classic EQ)	Filk		Filk/over-ear/Teufel%20Real%20Blue%20NC%20(ANC%20on,%20classic%20EQ)
Teufel Real Blue NC (passive)	Filk		Filk/over-ear/Teufel%20Real%20Blue%20NC%20(passive)
Teufel Real Blue Pro (ANC on)	Filk		Filk/over-ear/Teufel%20Real%20Blue%20Pro%20(ANC%20on)
Teufel Real Blue Pro (passive)	Filk		Filk/over-ear/Teufel%20Real%20Blue%20Pro%20(passive)
Teufel Real Z	oratory1990		oratory1990/over-ear/Teufel%20Real%20Z
Teufel Zola (passive)	Filk		Filk/over-ear/Teufel%20Zola%20(passive)
Teufel Zola (USB)	Filk		Filk/over-ear/Teufel%20Zola%20(USB)
TForce Yuan Li Dark Soul	crinacle	711	crinacle/711%20in-ear/TForce%20Yuan%20Li%20Dark%20Soul
TForce Yuan Li	Harpo		Harpo/in-ear/TForce%20Yuan%20Li
TForce Yuan Li	RikudouGoku		RikudouGoku/in-ear/TForce%20Yuan%20Li
TFZ 1S	crinacle	711	crinacle/711%20in-ear/TFZ%201S
TFZ 2S	crinacle	711	crinacle/711%20in-ear/TFZ%202S
TFZ 4S	crinacle	711	crinacle/711%20in-ear/TFZ%204S
TFZ 5S	crinacle	711	crinacle/711%20in-ear/TFZ%205S
TFZ Athena	Hi End Portable		Hi%20End%20Portable/in-ear/TFZ%20Athena
TFZ Balance 2M	crinacle	711	crinacle/711%20in-ear/TFZ%20Balance%202M
TFZ Exclusive 1	crinacle	711	crinacle/711%20in-ear/TFZ%20Exclusive%201
TFZ Exclusive 3	crinacle	711	crinacle/711%20in-ear/TFZ%20Exclusive%203
TFZ Exclusive 5	crinacle	711	crinacle/711%20in-ear/TFZ%20Exclusive%205
TFZ Force King	Hi End Portable		Hi%20End%20Portable/in-ear/TFZ%20Force%20King
TFZ Force1	Hi End Portable		Hi%20End%20Portable/in-ear/TFZ%20Force1
TFZ King Pro	crinacle	711	crinacle/711%20in-ear/TFZ%20King%20Pro
TFZ Live 1	Hi End Portable		Hi%20End%20Portable/in-ear/TFZ%20Live%201
TFZ Live 3	Hi End Portable		Hi%20End%20Portable/in-ear/TFZ%20Live%203
TFZ Live X	Hi End Portable		Hi%20End%20Portable/in-ear/TFZ%20Live%20X
TFZ MY LOVE 4	Hi End Portable		Hi%20End%20Portable/in-ear/TFZ%20MY%20LOVE%204
TFZ My Love Edition	RikudouGoku		RikudouGoku/in-ear/TFZ%20My%20Love%20Edition
TFZ MY LOVE III	Hi End Portable		Hi%20End%20Portable/in-ear/TFZ%20MY%20LOVE%20III
TFZ Mylove 2	crinacle	711	crinacle/711%20in-ear/TFZ%20Mylove%202
TFZ No.3	crinacle	711	crinacle/711%20in-ear/TFZ%20No.3
TFZ No.3	Hi End Portable		Hi%20End%20Portable/in-ear/TFZ%20No.3
TFZ No.3	RikudouGoku		RikudouGoku/in-ear/TFZ%20No.3
TFZ No.3	Super Review		Super%20Review/in-ear/TFZ%20No.3
TFZ S2 Pro	crinacle	711	crinacle/711%20in-ear/TFZ%20S2%20Pro
TFZ Secret Garden	crinacle	711	crinacle/711%20in-ear/TFZ%20Secret%20Garden
TFZ T2 Galaxy	oratory1990		oratory1990/in-ear/TFZ%20T2%20Galaxy
TFZ T2 Galaxy	Super Review		Super%20Review/in-ear/TFZ%20T2%20Galaxy
TFZ T2 Pro	Harpo		Harpo/in-ear/TFZ%20T2%20Pro
TFZ T2 Pro	Hi End Portable		Hi%20End%20Portable/in-ear/TFZ%20T2%20Pro
TFZ Tequila 1	crinacle	711	crinacle/711%20in-ear/TFZ%20Tequila%201
TFZ Tequila 1	Hi End Portable		Hi%20End%20Portable/in-ear/TFZ%20Tequila%201
TFZ Tequila Pro	Hi End Portable		Hi%20End%20Portable/in-ear/TFZ%20Tequila%20Pro
TFZ Ti Galaxy	crinacle	711	crinacle/711%20in-ear/TFZ%20Ti%20Galaxy
TFZ Warrior	crinacle	Bruel & Kjaer 4620	crinacle/Bruel%20&%20Kjaer%204620%20in-ear/TFZ%20Warrior
TFZ x Angelears Athena	Jaytiss		Jaytiss/in-ear/TFZ%20x%20Angelears%20Athena
TGXear Serratus	Super Review		Super%20Review/earbud/TGXear%20Serratus
TGXear Sunniva	Super Review		Super%20Review/earbud/TGXear%20Sunniva
TGXear Totem	Super Review		Super%20Review/earbud/TGXear%20Totem
Thermaltake Isurus	Innerfidelity		Innerfidelity/in-ear/Thermaltake%20Isurus
ThieAudio Clairvoyance (100 ohm resistor)	crinacle	711	crinacle/711%20in-ear/ThieAudio%20Clairvoyance%20(100%20ohm%20resistor)
ThieAudio Clairvoyance	crinacle	711	crinacle/711%20in-ear/ThieAudio%20Clairvoyance
ThieAudio Clairvoyance	Super Review		Super%20Review/in-ear/ThieAudio%20Clairvoyance
ThieAudio Elixir	crinacle	711	crinacle/711%20in-ear/ThieAudio%20Elixir
ThieAudio Elixir	Super Review		Super%20Review/in-ear/ThieAudio%20Elixir
ThieAudio Excalibur	crinacle	711	crinacle/711%20in-ear/ThieAudio%20Excalibur
ThieAudio ghost	Auriculares Argentina		Auriculares%20Argentina/over-ear/ThieAudio%20ghost
ThieAudio ghost	oratory1990		oratory1990/over-ear/ThieAudio%20ghost
ThieAudio Hype 10	Jaytiss		Jaytiss/in-ear/ThieAudio%20Hype%2010
ThieAudio Hype 10	ToneDeafMonk		ToneDeafMonk/in-ear/ThieAudio%20Hype%2010
ThieAudio Hype 2	Bakkwatan		Bakkwatan/in-ear/ThieAudio%20Hype%202
ThieAudio Hype 2	Jaytiss		Jaytiss/in-ear/ThieAudio%20Hype%202
ThieAudio Hype 2	Kazi		Kazi/in-ear/ThieAudio%20Hype%202
ThieAudio Hype 2	RikudouGoku		RikudouGoku/in-ear/ThieAudio%20Hype%202
ThieAudio Hype 2	Super Review		Super%20Review/in-ear/ThieAudio%20Hype%202
ThieAudio Hype 4	Jaytiss		Jaytiss/in-ear/ThieAudio%20Hype%204
ThieAudio Hype 4	kr0mka		kr0mka/in-ear/ThieAudio%20Hype%204
ThieAudio Hype 4	Super Review		Super%20Review/in-ear/ThieAudio%20Hype%204
ThieAudio Legacy 2	crinacle	711	crinacle/711%20in-ear/ThieAudio%20Legacy%202
ThieAudio Legacy 2	crinacle	Bruel & Kjaer 4620	crinacle/Bruel%20&%20Kjaer%204620%20in-ear/ThieAudio%20Legacy%202
ThieAudio Legacy 2	Super Review		Super%20Review/in-ear/ThieAudio%20Legacy%202
ThieAudio Legacy 3 (CIEM, off-off)	crinacle	711	crinacle/711%20in-ear/ThieAudio%20Legacy%203%20(CIEM,%20off-off)
ThieAudio Legacy 3 (CIEM, off-on)	crinacle	711	crinacle/711%20in-ear/ThieAudio%20Legacy%203%20(CIEM,%20off-on)
ThieAudio Legacy 3 (CIEM, on-off)	crinacle	711	crinacle/711%20in-ear/ThieAudio%20Legacy%203%20(CIEM,%20on-off)
ThieAudio Legacy 3 (CIEM, on-on)	crinacle	711	crinacle/711%20in-ear/ThieAudio%20Legacy%203%20(CIEM,%20on-on)
ThieAudio Legacy 3 (off-off)	crinacle	711	crinacle/711%20in-ear/ThieAudio%20Legacy%203%20(off-off)
ThieAudio Legacy 3 (off-off)	crinacle	Bruel & Kjaer 4620	crinacle/Bruel%20&%20Kjaer%204620%20in-ear/ThieAudio%20Legacy%203%20(off-off)
ThieAudio Legacy 3 (off-on)	crinacle	711	crinacle/711%20in-ear/ThieAudio%20Legacy%203%20(off-on)
ThieAudio Legacy 3 (off-on)	crinacle	Bruel & Kjaer 4620	crinacle/Bruel%20&%20Kjaer%204620%20in-ear/ThieAudio%20Legacy%203%20(off-on)
ThieAudio Legacy 3 (on-off)	crinacle	711	crinacle/711%20in-ear/ThieAudio%20Legacy%203%20(on-off)
ThieAudio Legacy 3 (on-off)	crinacle	Bruel & Kjaer 4620	crinacle/Bruel%20&%20Kjaer%204620%20in-ear/ThieAudio%20Legacy%203%20(on-off)
ThieAudio Legacy 3 (on-on)	crinacle	711	crinacle/711%20in-ear/ThieAudio%20Legacy%203%20(on-on)
ThieAudio Legacy 3 (on-on)	crinacle	Bruel & Kjaer 4620	crinacle/Bruel%20&%20Kjaer%204620%20in-ear/ThieAudio%20Legacy%203%20(on-on)
ThieAudio Legacy 4 (off-off)	crinacle	711	crinacle/711%20in-ear/ThieAudio%20Legacy%204%20(off-off)
ThieAudio Legacy 4 (off-off)	Super Review		Super%20Review/in-ear/ThieAudio%20Legacy%204%20(off-off)
ThieAudio Legacy 4 (off-on)	crinacle	711	crinacle/711%20in-ear/ThieAudio%20Legacy%204%20(off-on)
ThieAudio Legacy 4 (on-off)	crinacle	711	crinacle/711%20in-ear/ThieAudio%20Legacy%204%20(on-off)
ThieAudio Legacy 4 (on-on)	crinacle	711	crinacle/711%20in-ear/ThieAudio%20Legacy%204%20(on-on)
ThieAudio Legacy 4 (on-on)	Super Review		Super%20Review/in-ear/ThieAudio%20Legacy%204%20(on-on)
ThieAudio Legacy 5	crinacle	711	crinacle/711%20in-ear/ThieAudio%20Legacy%205
ThieAudio Legacy 5	crinacle	Bruel & Kjaer 4620	crinacle/Bruel%20&%20Kjaer%204620%20in-ear/ThieAudio%20Legacy%205
ThieAudio Legacy 5	Super Review		Super%20Review/in-ear/ThieAudio%20Legacy%205
ThieAudio Legacy 9	crinacle	711	crinacle/711%20in-ear/ThieAudio%20Legacy%209
ThieAudio Monarch (100 Ohm resistor)	crinacle	711	crinacle/711%20in-ear/ThieAudio%20Monarch%20(100%20Ohm%20resistor)
ThieAudio Monarch (20 Ohm resistor)	crinacle	711	crinacle/711%20in-ear/ThieAudio%20Monarch%20(20%20Ohm%20resistor)
ThieAudio Monarch MKII (JVC Spring eartips)	Super Review		Super%20Review/in-ear/ThieAudio%20Monarch%20MKII%20(JVC%20Spring%20eartips)
ThieAudio Monarch MKII	crinacle	711	crinacle/711%20in-ear/ThieAudio%20Monarch%20MKII
ThieAudio Monarch MKII	crinacle	Bruel & Kjaer 4620	crinacle/Bruel%20&%20Kjaer%204620%20in-ear/ThieAudio%20Monarch%20MKII
ThieAudio Monarch MKII	Harpo		Harpo/in-ear/ThieAudio%20Monarch%20MKII
ThieAudio Monarch MKII	Jaytiss		Jaytiss/in-ear/ThieAudio%20Monarch%20MKII
ThieAudio Monarch MKII	Super Review		Super%20Review/in-ear/ThieAudio%20Monarch%20MKII
ThieAudio Monarch MKII	ToneDeafMonk		ToneDeafMonk/in-ear/ThieAudio%20Monarch%20MKII
ThieAudio Monarch MKIII	Bakkwatan		Bakkwatan/in-ear/ThieAudio%20Monarch%20MKIII
ThieAudio Monarch MKIII	HypetheSonics	GRAS RA0045	HypetheSonics/GRAS%20RA0045%20in-ear/ThieAudio%20Monarch%20MKIII
ThieAudio Monarch MKIII	Jaytiss		Jaytiss/in-ear/ThieAudio%20Monarch%20MKIII
ThieAudio Monarch MKIII	Rtings	Bruel & Kjaer 5128	Rtings/Bruel%20&%20Kjaer%205128%20in-ear/ThieAudio%20Monarch%20MKIII
ThieAudio Monarch MKIII	Super Review		Super%20Review/in-ear/ThieAudio%20Monarch%20MKIII
ThieAudio Monarch MKIII	ToneDeafMonk		ToneDeafMonk/in-ear/ThieAudio%20Monarch%20MKIII
ThieAudio Monarch	crinacle	711	crinacle/711%20in-ear/ThieAudio%20Monarch
ThieAudio Monarch	oratory1990		oratory1990/in-ear/ThieAudio%20Monarch
ThieAudio Monarch	Super Review		Super%20Review/in-ear/ThieAudio%20Monarch
ThieAudio Oracle MKII	Bakkwatan		Bakkwatan/in-ear/ThieAudio%20Oracle%20MKII
ThieAudio Oracle MKII	Harpo		Harpo/in-ear/ThieAudio%20Oracle%20MKII
ThieAudio Oracle MKII	Jaytiss		Jaytiss/in-ear/ThieAudio%20Oracle%20MKII
ThieAudio Oracle MKII	Super Review		Super%20Review/in-ear/ThieAudio%20Oracle%20MKII
ThieAudio Oracle MKIII	Super Review		Super%20Review/in-ear/ThieAudio%20Oracle%20MKIII
ThieAudio Oracle	crinacle	711	crinacle/711%20in-ear/ThieAudio%20Oracle
ThieAudio Oracle	Jaytiss		Jaytiss/in-ear/ThieAudio%20Oracle
ThieAudio Oracle	Super Review		Super%20Review/in-ear/ThieAudio%20Oracle
ThieAudio Oracle	ToneDeafMonk		ToneDeafMonk/in-ear/ThieAudio%20Oracle
ThieAudio Origin	Jaytiss		Jaytiss/in-ear/ThieAudio%20Origin
ThieAudio Origin	Super Review		Super%20Review/in-ear/ThieAudio%20Origin
ThieAudio Prestige LTD	Bakkwatan		Bakkwatan/in-ear/ThieAudio%20Prestige%20LTD
ThieAudio Prestige LTD	Jaytiss		Jaytiss/in-ear/ThieAudio%20Prestige%20LTD
ThieAudio Prestige	crinacle	Bruel & Kjaer 4620	crinacle/Bruel%20&%20Kjaer%204620%20in-ear/ThieAudio%20Prestige
ThieAudio V16 Divinity	crinacle	711	crinacle/711%20in-ear/ThieAudio%20V16%20Divinity
ThieAudio V16 Divinity	crinacle	Bruel & Kjaer 4620	crinacle/Bruel%20&%20Kjaer%204620%20in-ear/ThieAudio%20V16%20Divinity
ThieAudio Valhalla	Jaytiss		Jaytiss/in-ear/ThieAudio%20Valhalla
ThieAudio Voyager 14 (off-off)	crinacle	711	crinacle/711%20in-ear/ThieAudio%20Voyager%2014%20(off-off)
ThieAudio Voyager 14 (off-on)	crinacle	711	crinacle/711%20in-ear/ThieAudio%20Voyager%2014%20(off-on)
ThieAudio Voyager 14 (on-off)	crinacle	711	crinacle/711%20in-ear/ThieAudio%20Voyager%2014%20(on-off)
ThieAudio Voyager 14 (on-on)	crinacle	711	crinacle/711%20in-ear/ThieAudio%20Voyager%2014%20(on-on)
ThieAudio Voyager 3 (on-off)	RikudouGoku		RikudouGoku/in-ear/ThieAudio%20Voyager%203%20(on-off)
ThieAudio Wraith	crinacle	GRAS 43AG-7	crinacle/GRAS%2043AG-7%20over-ear/ThieAudio%20Wraith
Thinksoud RAIN	Headphone.com Legacy		Headphone.com%20Legacy/in-ear/Thinksoud%20RAIN
Thinksound On1	Innerfidelity		Innerfidelity/over-ear/Thinksound%20On1
Thinksound ov21	oratory1990		oratory1990/over-ear/Thinksound%20ov21
Thinksound Rain2	Innerfidelity		Innerfidelity/in-ear/Thinksound%20Rain2
Thinksound Rain3	Super Review		Super%20Review/in-ear/Thinksound%20Rain3
Thinksound ts01	Headphone.com Legacy		Headphone.com%20Legacy/in-ear/Thinksound%20ts01
Thinksound ts01	Innerfidelity		Innerfidelity/in-ear/Thinksound%20ts01
Thinksound ts02	Headphone.com Legacy		Headphone.com%20Legacy/in-ear/Thinksound%20ts02
Tiandirenhe TD1	crinacle	711	crinacle/711%20in-ear/Tiandirenhe%20TD1
Tiandirenhe TD15	Harpo		Harpo/in-ear/Tiandirenhe%20TD15
Tiandirenhe TD19	Harpo		Harpo/in-ear/Tiandirenhe%20TD19
Timsok TS-1024	crinacle	GRAS 43AG-7	crinacle/GRAS%2043AG-7%20over-ear/Timsok%20TS-1024
Timsok TS-316	ToneDeafMonk		ToneDeafMonk/in-ear/Timsok%20TS-316
Tin HiFi C0	Harpo		Harpo/in-ear/Tin%20HiFi%20C0
Tin HiFi C0	Hi End Portable		Hi%20End%20Portable/in-ear/Tin%20HiFi%20C0
Tin HiFi C0	Super Review		Super%20Review/in-ear/Tin%20HiFi%20C0
Tin HiFi C0	ToneDeafMonk		ToneDeafMonk/in-ear/Tin%20HiFi%20C0
Tin HiFi C1	Super Review		Super%20Review/in-ear/Tin%20HiFi%20C1
Tin HiFi C1	ToneDeafMonk		ToneDeafMonk/in-ear/Tin%20HiFi%20C1
Tin HiFi C2 2025	Super Review		Super%20Review/in-ear/Tin%20HiFi%20C2%202025
Tin HiFi C2	Hi End Portable		Hi%20End%20Portable/in-ear/Tin%20HiFi%20C2
Tin HiFi C2	Super Review		Super%20Review/in-ear/Tin%20HiFi%20C2
Tin HiFi C3 MKII	ToneDeafMonk		ToneDeafMonk/in-ear/Tin%20HiFi%20C3%20MKII
Tin HiFi C3	Hi End Portable		Hi%20End%20Portable/in-ear/Tin%20HiFi%20C3
Tin HiFi C3	Super Review		Super%20Review/in-ear/Tin%20HiFi%20C3
Tin HiFi C3	ToneDeafMonk		ToneDeafMonk/in-ear/Tin%20HiFi%20C3
Tin HiFi C5	Super Review		Super%20Review/in-ear/Tin%20HiFi%20C5
Tin HiFi Dudu (analog)	Super Review		Super%20Review/in-ear/Tin%20HiFi%20Dudu%20(analog)
Tin HiFi Dudu (USB)	Super Review		Super%20Review/in-ear/Tin%20HiFi%20Dudu%20(USB)
Tin HiFi DUDU	Jaytiss		Jaytiss/in-ear/Tin%20HiFi%20DUDU
Tin HiFi DUDU	ToneDeafMonk		ToneDeafMonk/in-ear/Tin%20HiFi%20DUDU
Tin HiFi P1 (front vent sealed)	crinacle	711	crinacle/711%20in-ear/Tin%20HiFi%20P1%20(front%20vent%20sealed)
Tin HiFi P1 Max II	Jaytiss		Jaytiss/in-ear/Tin%20HiFi%20P1%20Max%20II
Tin HiFi P1 Max	crinacle	711	crinacle/711%20in-ear/Tin%20HiFi%20P1%20Max
Tin HiFi P1 Max	Hi End Portable		Hi%20End%20Portable/in-ear/Tin%20HiFi%20P1%20Max
Tin HiFi P1 Max	Super Review		Super%20Review/in-ear/Tin%20HiFi%20P1%20Max
Tin HiFi P1 Plus	crinacle	711	crinacle/711%20in-ear/Tin%20HiFi%20P1%20Plus
Tin HiFi P1 Plus	RikudouGoku		RikudouGoku/in-ear/Tin%20HiFi%20P1%20Plus
Tin HiFi P1 Plus	Super Review		Super%20Review/in-ear/Tin%20HiFi%20P1%20Plus
Tin HiFi P1	crinacle	711	crinacle/711%20in-ear/Tin%20HiFi%20P1
Tin HiFi P1	oratory1990		oratory1990/in-ear/Tin%20HiFi%20P1
Tin HiFi P1	RikudouGoku		RikudouGoku/in-ear/Tin%20HiFi%20P1
Tin HiFi P1	Super Review		Super%20Review/in-ear/Tin%20HiFi%20P1
Tin HiFi P2 Plus Commemorative Edition	crinacle	711	crinacle/711%20in-ear/Tin%20HiFi%20P2%20Plus%20Commemorative%20Edition
Tin HiFi P2	crinacle	711	crinacle/711%20in-ear/Tin%20HiFi%20P2
Tin HiFi P2	crinacle	Bruel & Kjaer 4620	crinacle/Bruel%20&%20Kjaer%204620%20in-ear/Tin%20HiFi%20P2
Tin HiFi P2	Hi End Portable		Hi%20End%20Portable/in-ear/Tin%20HiFi%20P2
Tin HiFi T1 Plus	Hi End Portable		Hi%20End%20Portable/in-ear/Tin%20HiFi%20T1%20Plus
Tin HiFi T1	crinacle	711	crinacle/711%20in-ear/Tin%20HiFi%20T1
Tin HiFi T1	crinacle	Bruel & Kjaer 4620	crinacle/Bruel%20&%20Kjaer%204620%20in-ear/Tin%20HiFi%20T1
Tin HiFi T2 (foam eartips)	oratory1990		oratory1990/in-ear/Tin%20HiFi%20T2%20(foam%20eartips)
Tin HiFi T2 (front vent mod)	oratory1990		oratory1990/in-ear/Tin%20HiFi%20T2%20(front%20vent%20mod)
Tin HiFi T2 (galaxy mod)	crinacle	711	crinacle/711%20in-ear/Tin%20HiFi%20T2%20(galaxy%20mod)
Tin HiFi T2 DLC 2022	Hi End Portable		Hi%20End%20Portable/in-ear/Tin%20HiFi%20T2%20DLC%202022
Tin HiFi T2 DLC	crinacle	Bruel & Kjaer 4620	crinacle/Bruel%20&%20Kjaer%204620%20in-ear/Tin%20HiFi%20T2%20DLC
Tin HiFi T2 DLC	Fahryst		Fahryst/in-ear/Tin%20HiFi%20T2%20DLC
Tin HiFi T2 DLC	Super Review		Super%20Review/in-ear/Tin%20HiFi%20T2%20DLC
Tin HiFi T2 Evo	crinacle	711	crinacle/711%20in-ear/Tin%20HiFi%20T2%20Evo
Tin HiFi T2 Evo	Fahryst		Fahryst/in-ear/Tin%20HiFi%20T2%20Evo
Tin HiFi T2 Evo	Super Review		Super%20Review/in-ear/Tin%20HiFi%20T2%20Evo
Tin HiFi T2 MKII	Hi End Portable		Hi%20End%20Portable/in-ear/Tin%20HiFi%20T2%20MKII
Tin HiFi T2 MKII	Jaytiss		Jaytiss/in-ear/Tin%20HiFi%20T2%20MKII
Tin HiFi T2 Plus (AZLA Sedna Light Short eartips)	Super Review		Super%20Review/in-ear/Tin%20HiFi%20T2%20Plus%20(AZLA%20Sedna%20Light%20Short%20eartips)
Tin HiFi T2 Plus	crinacle	711	crinacle/711%20in-ear/Tin%20HiFi%20T2%20Plus
Tin HiFi T2 Plus	crinacle	Bruel & Kjaer 4620	crinacle/Bruel%20&%20Kjaer%204620%20in-ear/Tin%20HiFi%20T2%20Plus
Tin HiFi T2 Plus	Harpo		Harpo/in-ear/Tin%20HiFi%20T2%20Plus
Tin HiFi T2 Plus	Hi End Portable		Hi%20End%20Portable/in-ear/Tin%20HiFi%20T2%20Plus
Tin HiFi T2 Plus	oratory1990		oratory1990/in-ear/Tin%20HiFi%20T2%20Plus
Tin HiFi T2 Plus	Super Review		Super%20Review/in-ear/Tin%20HiFi%20T2%20Plus
Tin HiFi T2 Pro (Comply eartips with Waxguard)	Super Review		Super%20Review/in-ear/Tin%20HiFi%20T2%20Pro%20(Comply%20eartips%20with%20Waxguard)
Tin HiFi T2 Pro (white grill, Comply eartips with Waxguard)	Super Review		Super%20Review/in-ear/Tin%20HiFi%20T2%20Pro%20(white%20grill,%20Comply%20eartips%20with%20Waxguard)
Tin HiFi T2 Pro	crinacle	711	crinacle/711%20in-ear/Tin%20HiFi%20T2%20Pro
Tin HiFi T2 Pro	Super Review		Super%20Review/in-ear/Tin%20HiFi%20T2%20Pro
Tin HiFi T2	Auriculares Argentina		Auriculares%20Argentina/in-ear/Tin%20HiFi%20T2
Tin HiFi T2	crinacle	711	crinacle/711%20in-ear/Tin%20HiFi%20T2
Tin HiFi T2	crinacle	Bruel & Kjaer 4620	crinacle/Bruel%20&%20Kjaer%204620%20in-ear/Tin%20HiFi%20T2
Tin HiFi T2	oratory1990		oratory1990/in-ear/Tin%20HiFi%20T2
Tin HiFi T2	Rtings	HMS II.3	Rtings/HMS%20II.3%20in-ear/Tin%20HiFi%20T2
Tin HiFi T2	Super Review		Super%20Review/in-ear/Tin%20HiFi%20T2
Tin HiFi T3 Plus	crinacle	711	crinacle/711%20in-ear/Tin%20HiFi%20T3%20Plus
Tin HiFi T3 Plus	RikudouGoku		RikudouGoku/in-ear/Tin%20HiFi%20T3%20Plus
Tin HiFi T3 Plus	Super Review		Super%20Review/in-ear/Tin%20HiFi%20T3%20Plus
Tin HiFi T3	crinacle	711	crinacle/711%20in-ear/Tin%20HiFi%20T3
Tin HiFi T3	crinacle	Bruel & Kjaer 4620	crinacle/Bruel%20&%20Kjaer%204620%20in-ear/Tin%20HiFi%20T3
Tin HiFi T3	oratory1990		oratory1990/in-ear/Tin%20HiFi%20T3
Tin HiFi T3	RikudouGoku		RikudouGoku/in-ear/Tin%20HiFi%20T3
Tin HiFi T3	Rtings	HMS II.3	Rtings/HMS%20II.3%20in-ear/Tin%20HiFi%20T3
Tin HiFi T3	Super Review		Super%20Review/in-ear/Tin%20HiFi%20T3
Tin HiFi T4 Plus	Hi End Portable		Hi%20End%20Portable/in-ear/Tin%20HiFi%20T4%20Plus
Tin HiFi T4 Plus	Jaytiss		Jaytiss/in-ear/Tin%20HiFi%20T4%20Plus
Tin HiFi T4 Plus	Kazi		Kazi/in-ear/Tin%20HiFi%20T4%20Plus
Tin HiFi T4 Plus	Super Review		Super%20Review/in-ear/Tin%20HiFi%20T4%20Plus
Tin HiFi T4	crinacle	711	crinacle/711%20in-ear/Tin%20HiFi%20T4
Tin HiFi T4	Hi End Portable		Hi%20End%20Portable/in-ear/Tin%20HiFi%20T4
Tin HiFi T4	Super Review		Super%20Review/in-ear/Tin%20HiFi%20T4
Tin HiFi T5 (Comply eartips with Waxguard)	Super Review		Super%20Review/in-ear/Tin%20HiFi%20T5%20(Comply%20eartips%20with%20Waxguard)
Tin HiFi T5	crinacle	711	crinacle/711%20in-ear/Tin%20HiFi%20T5
Tin HiFi T5	Super Review		Super%20Review/in-ear/Tin%20HiFi%20T5
Tin HiFi T5S	Hi End Portable		Hi%20End%20Portable/in-ear/Tin%20HiFi%20T5S
Tin HiFi T5S	Jaytiss		Jaytiss/in-ear/Tin%20HiFi%20T5S
Tin HiFi T5S	Super Review		Super%20Review/in-ear/Tin%20HiFi%20T5S
Tin HiFi T7	Super Review		Super%20Review/in-ear/Tin%20HiFi%20T7
Tin HiFi Tin Buds 3	DHRME		DHRME/in-ear/Tin%20HiFi%20Tin%20Buds%203
Tin HiFi Tin Buds 3	Super Review		Super%20Review/in-ear/Tin%20HiFi%20Tin%20Buds%203
Tin HiFi TWS2000	crinacle	711	crinacle/711%20in-ear/Tin%20HiFi%20TWS2000
Tingker H6	ToneDeafMonk		ToneDeafMonk/in-ear/Tingker%20H6
Tingker TK200	RikudouGoku		RikudouGoku/in-ear/Tingker%20TK200
Tipsy Dunmer Pro 4	Jaytiss		Jaytiss/in-ear/Tipsy%20Dunmer%20Pro%204
Tipsy Dunmer Pro	crinacle	711	crinacle/711%20in-ear/Tipsy%20Dunmer%20Pro
Tipsy Spica 260	Jaytiss		Jaytiss/in-ear/Tipsy%20Spica%20260
Tipsy TTROMSO	crinacle	711	crinacle/711%20in-ear/Tipsy%20TTROMSO
Tipsy TTROMSO	crinacle	Bruel & Kjaer 4620	crinacle/Bruel%20&%20Kjaer%204620%20in-ear/Tipsy%20TTROMSO
Tipsy TTROMSO	Harpo		Harpo/in-ear/Tipsy%20TTROMSO
TKZK Ouranos	Fahryst		Fahryst/in-ear/TKZK%20Ouranos
TKZK Ouranos	Hi End Portable		Hi%20End%20Portable/in-ear/TKZK%20Ouranos
Toneking TK12s	Hi End Portable		Hi%20End%20Portable/in-ear/Toneking%20TK12s
Toneking TO200	HypetheSonics		HypetheSonics/earbud/Toneking%20TO200
Torque t096z (bass boost filter)	Innerfidelity		Innerfidelity/in-ear/Torque%20t096z%20(bass%20boost%20filter)
Torque t096z (mid centric filter)	Innerfidelity		Innerfidelity/in-ear/Torque%20t096z%20(mid%20centric%20filter)
Torque t096z (neutral filter)	Innerfidelity		Innerfidelity/in-ear/Torque%20t096z%20(neutral%20filter)
Torque t096z (treble boost filter)	Innerfidelity		Innerfidelity/in-ear/Torque%20t096z%20(treble%20boost%20filter)
Torque t096z (U-shaped filter)	Innerfidelity		Innerfidelity/in-ear/Torque%20t096z%20(U-shaped%20filter)
Torque t096z (warm tilt filter)	Innerfidelity		Innerfidelity/in-ear/Torque%20t096z%20(warm%20tilt%20filter)
Torque t103z (black filter)	Innerfidelity		Innerfidelity/in-ear/Torque%20t103z%20(black%20filter)
Torque t103z (red filter)	Innerfidelity		Innerfidelity/in-ear/Torque%20t103z%20(red%20filter)
Torque t103z (yellow filter)	Innerfidelity		Innerfidelity/in-ear/Torque%20t103z%20(yellow%20filter)
Torque t402v (around-ear earpads, black vent)	Innerfidelity		Innerfidelity/over-ear/Torque%20t402v%20(around-ear%20earpads,%20black%20vent)
Torque t402v (around-ear earpads, blue vent)	Innerfidelity		Innerfidelity/over-ear/Torque%20t402v%20(around-ear%20earpads,%20blue%20vent)
Torque t402v (around-ear earpads, red vent)	Innerfidelity		Innerfidelity/over-ear/Torque%20t402v%20(around-ear%20earpads,%20red%20vent)
Torque t402v (around-ear earpads, yellow vent)	Innerfidelity		Innerfidelity/over-ear/Torque%20t402v%20(around-ear%20earpads,%20yellow%20vent)
Torque t402v (on-ear earpads, black vent)	Innerfidelity		Innerfidelity/over-ear/Torque%20t402v%20(on-ear%20earpads,%20black%20vent)
Torque t402v (on-ear earpads, blue vent)	Innerfidelity		Innerfidelity/over-ear/Torque%20t402v%20(on-ear%20earpads,%20blue%20vent)
Torque t402v (on-ear earpads, red vent)	Innerfidelity		Innerfidelity/over-ear/Torque%20t402v%20(on-ear%20earpads,%20red%20vent)
Torque t402v (on-ear earpads, yellow vent)	Innerfidelity		Innerfidelity/over-ear/Torque%20t402v%20(on-ear%20earpads,%20yellow%20vent)
Toshiba HR-810 Low Gain	Innerfidelity		Innerfidelity/over-ear/Toshiba%20HR-810%20Low%20Gain
TOZO A1	Super Review		Super%20Review/in-ear/TOZO%20A1
TOZO NC2	Rtings	HMS II.3	Rtings/HMS%20II.3%20in-ear/TOZO%20NC2
TOZO NC7	Rtings	HMS II.3	Rtings/HMS%20II.3%20in-ear/TOZO%20NC7
TOZO NC9	Rtings	HMS II.3	Rtings/HMS%20II.3%20in-ear/TOZO%20NC9
TOZO T10	Rtings	HMS II.3	Rtings/HMS%20II.3%20in-ear/TOZO%20T10
TOZO T12	Rtings	HMS II.3	Rtings/HMS%20II.3%20in-ear/TOZO%20T12
TOZO T6	Rtings	HMS II.3	Rtings/HMS%20II.3%20in-ear/TOZO%20T6
T-Peos Altone 200 2014	Innerfidelity		Innerfidelity/in-ear/T-Peos%20Altone%20200%202014
T-Peos H-100	Innerfidelity		Innerfidelity/in-ear/T-Peos%20H-100
T-Peos Popular	Innerfidelity		Innerfidelity/in-ear/T-Peos%20Popular
T-Peos Rich 200	Innerfidelity		Innerfidelity/in-ear/T-Peos%20Rich%20200
T-Peos Spider	Innerfidelity		Innerfidelity/in-ear/T-Peos%20Spider
T-Peos Tank	Innerfidelity		Innerfidelity/in-ear/T-Peos%20Tank
T-Peos U200R	Innerfidelity		Innerfidelity/in-ear/T-Peos%20U200R
Tralucent Audio 1+X plus	crinacle	711	crinacle/711%20in-ear/Tralucent%20Audio%201+X%20plus
Tralucent Audio 1Plus1.2	crinacle	711	crinacle/711%20in-ear/Tralucent%20Audio%201Plus1.2
Tralucent Audio 1Plus2.3	crinacle	711	crinacle/711%20in-ear/Tralucent%20Audio%201Plus2.3
Tralucent Audio 1Plus5.2	crinacle	711	crinacle/711%20in-ear/Tralucent%20Audio%201Plus5.2
Tralucent Audio Audio 1Plus 2.2	crinacle	711	crinacle/711%20in-ear/Tralucent%20Audio%20Audio%201Plus%202.2
Tranya T10	Rtings	HMS II.3	Rtings/HMS%20II.3%20in-ear/Tranya%20T10
TREBLAB X5	Rtings	HMS II.3	Rtings/HMS%20II.3%20in-ear/TREBLAB%20X5
TREBLAB Z2	Rtings	HMS II.3	Rtings/HMS%20II.3%20over-ear/TREBLAB%20Z2
TREBLAB Z7 Pro	Rtings	HMS II.3	Rtings/HMS%20II.3%20over-ear/TREBLAB%20Z7%20Pro
TRI Draco	ToneDeafMonk		ToneDeafMonk/in-ear/TRI%20Draco
TRI i ONE	Fahryst		Fahryst/in-ear/TRI%20i%20ONE
TRI i ONE	Hi End Portable		Hi%20End%20Portable/in-ear/TRI%20i%20ONE
TRI i3 MK3	Jaytiss		Jaytiss/in-ear/TRI%20i3%20MK3
TRI i3 MK3	ToneDeafMonk		ToneDeafMonk/in-ear/TRI%20i3%20MK3
TRI i3 Pro	Fahryst		Fahryst/in-ear/TRI%20i3%20Pro
TRI i3 Pro	Harpo		Harpo/in-ear/TRI%20i3%20Pro
TRI i3 Pro	RikudouGoku		RikudouGoku/in-ear/TRI%20i3%20Pro
TRI i3	crinacle	711	crinacle/711%20in-ear/TRI%20i3
TRI i4	crinacle	Bruel & Kjaer 4620	crinacle/Bruel%20&%20Kjaer%204620%20in-ear/TRI%20i4
TRI Kai	crinacle	711	crinacle/711%20in-ear/TRI%20Kai
TRI Kai	Harpo		Harpo/in-ear/TRI%20Kai
TRI Kai	Hi End Portable		Hi%20End%20Portable/in-ear/TRI%20Kai
TRI Meteor	Harpo		Harpo/in-ear/TRI%20Meteor
TRI Meteor	Hi End Portable		Hi%20End%20Portable/in-ear/TRI%20Meteor
TRI Starlight	crinacle	711	crinacle/711%20in-ear/TRI%20Starlight
TRI Starlight	crinacle	Bruel & Kjaer 4620	crinacle/Bruel%20&%20Kjaer%204620%20in-ear/TRI%20Starlight
TRI Starsea (off-off)	crinacle	711	crinacle/711%20in-ear/TRI%20Starsea%20(off-off)
TRI Starsea (off-on)	crinacle	711	crinacle/711%20in-ear/TRI%20Starsea%20(off-on)
TRI Starsea (on-off)	crinacle	711	crinacle/711%20in-ear/TRI%20Starsea%20(on-off)
TRI Starsea (on-on)	crinacle	711	crinacle/711%20in-ear/TRI%20Starsea%20(on-on)
TRI Starshine	crinacle	711	crinacle/711%20in-ear/TRI%20Starshine
TRI Starshine	crinacle	Bruel & Kjaer 4620	crinacle/Bruel%20&%20Kjaer%204620%20in-ear/TRI%20Starshine
Tripowin Cencibel	crinacle	Bruel & Kjaer 4620	crinacle/Bruel%20&%20Kjaer%204620%20in-ear/Tripowin%20Cencibel
Tripowin Cencibel	Harpo		Harpo/in-ear/Tripowin%20Cencibel
Tripowin Cencibel	Super Review		Super%20Review/in-ear/Tripowin%20Cencibel
Tripowin H1	crinacle	GRAS 43AG-7	crinacle/GRAS%2043AG-7%20over-ear/Tripowin%20H1
Tripowin Kailua	Harpo		Harpo/in-ear/Tripowin%20Kailua
Tripowin Kailua	Hi End Portable		Hi%20End%20Portable/in-ear/Tripowin%20Kailua
Tripowin Kailua	Jaytiss		Jaytiss/in-ear/Tripowin%20Kailua
Tripowin Kailua	Super Review		Super%20Review/in-ear/Tripowin%20Kailua
Tripowin Leá	crinacle	711	crinacle/711%20in-ear/Tripowin%20Le%C3%A1
Tripowin Leá	Harpo		Harpo/in-ear/Tripowin%20Le%C3%A1
Tripowin Leá	Super Review		Super%20Review/in-ear/Tripowin%20Le%C3%A1
Tripowin Olina (Tanchjim Tanya filter)	Fahryst		Fahryst/in-ear/Tripowin%20Olina%20(Tanchjim%20Tanya%20filter)
Tripowin Olina SE	Bakkwatan		Bakkwatan/in-ear/Tripowin%20Olina%20SE
Tripowin Olina SE	crinacle	711	crinacle/711%20in-ear/Tripowin%20Olina%20SE
Tripowin Olina SE	Jaytiss		Jaytiss/in-ear/Tripowin%20Olina%20SE
Tripowin Olina SE	Super Review		Super%20Review/in-ear/Tripowin%20Olina%20SE
Tripowin Olina	crinacle	711	crinacle/711%20in-ear/Tripowin%20Olina
Tripowin Olina	oratory1990		oratory1990/in-ear/Tripowin%20Olina
Tripowin Olina	Super Review		Super%20Review/in-ear/Tripowin%20Olina
Tripowin Piccolo	Bakkwatan		Bakkwatan/in-ear/Tripowin%20Piccolo
Tripowin Piccolo	Harpo		Harpo/in-ear/Tripowin%20Piccolo
Tripowin Piccolo	Hi End Portable		Hi%20End%20Portable/in-ear/Tripowin%20Piccolo
Tripowin Piccolo	Kazi		Kazi/in-ear/Tripowin%20Piccolo
Tripowin Rhombus	crinacle	Bruel & Kjaer 4620	crinacle/Bruel%20&%20Kjaer%204620%20in-ear/Tripowin%20Rhombus
Tripowin Rhombus	Super Review		Super%20Review/in-ear/Tripowin%20Rhombus
Tripowin TC-01	crinacle	711	crinacle/711%20in-ear/Tripowin%20TC-01
Tripowin TP10	crinacle	711	crinacle/711%20in-ear/Tripowin%20TP10
Tripowin x 0diBi Vivace	Filk		Filk/in-ear/Tripowin%20x%200diBi%20Vivace
Tripowin x 0diBi Vivace	Hi End Portable		Hi%20End%20Portable/in-ear/Tripowin%20x%200diBi%20Vivace
Tripowin x 0diBi Vivace	Super Review		Super%20Review/in-ear/Tripowin%20x%200diBi%20Vivace
Tripowin x HBB Mele	crinacle	711	crinacle/711%20in-ear/Tripowin%20x%20HBB%20Mele
Tripowin x HBB Mele	Harpo		Harpo/in-ear/Tripowin%20x%20HBB%20Mele
Tripowin x HBB Mele	Super Review		Super%20Review/in-ear/Tripowin%20x%20HBB%20Mele
TRN Azure Dragon (Atmospheric Immersion)	ToneDeafMonk		ToneDeafMonk/in-ear/TRN%20Azure%20Dragon%20(Atmospheric%20Immersion)
TRN Azure Dragon (Reference nozzle)	ToneDeafMonk		ToneDeafMonk/in-ear/TRN%20Azure%20Dragon%20(Reference%20nozzle)
TRN Azure Dragon (Transparency nozzle)	ToneDeafMonk		ToneDeafMonk/in-ear/TRN%20Azure%20Dragon%20(Transparency%20nozzle)
TRN BA5	crinacle	711	crinacle/711%20in-ear/TRN%20BA5
TRN BAX Pro (off-off-off)	ToneDeafMonk		ToneDeafMonk/in-ear/TRN%20BAX%20Pro%20(off-off-off)
TRN BAX Pro (off-off-on)	ToneDeafMonk		ToneDeafMonk/in-ear/TRN%20BAX%20Pro%20(off-off-on)
TRN BAX Pro (off-on-on)	ToneDeafMonk		ToneDeafMonk/in-ear/TRN%20BAX%20Pro%20(off-on-on)
TRN BAX Pro (on-off-off)	ToneDeafMonk		ToneDeafMonk/in-ear/TRN%20BAX%20Pro%20(on-off-off)
TRN BAX Pro (on-on-off)	ToneDeafMonk		ToneDeafMonk/in-ear/TRN%20BAX%20Pro%20(on-on-off)
TRN BAX Pro (on-on-on)	ToneDeafMonk		ToneDeafMonk/in-ear/TRN%20BAX%20Pro%20(on-on-on)
TRN BAX	crinacle	711	crinacle/711%20in-ear/TRN%20BAX
TRN BAX	crinacle	Bruel & Kjaer 4620	crinacle/Bruel%20&%20Kjaer%204620%20in-ear/TRN%20BAX
TRN Conch (black nozzle)	Fahryst		Fahryst/in-ear/TRN%20Conch%20(black%20nozzle)
TRN Conch (black nozzle)	ToneDeafMonk		ToneDeafMonk/in-ear/TRN%20Conch%20(black%20nozzle)
TRN Conch (blue nozzle)	Fahryst		Fahryst/in-ear/TRN%20Conch%20(blue%20nozzle)
TRN Conch (blue nozzle)	ToneDeafMonk		ToneDeafMonk/in-ear/TRN%20Conch%20(blue%20nozzle)
TRN Conch (red nozzle)	Fahryst		Fahryst/in-ear/TRN%20Conch%20(red%20nozzle)
TRN Conch (red nozzle)	ToneDeafMonk		ToneDeafMonk/in-ear/TRN%20Conch%20(red%20nozzle)
TRN CS4	Fahryst		Fahryst/in-ear/TRN%20CS4
TRN IM1	Super Review		Super%20Review/in-ear/TRN%20IM1
TRN Jaws	ToneDeafMonk		ToneDeafMonk/in-ear/TRN%20Jaws
TRN Kirin (Atmospheric Immersion nozzle)	Hi End Portable		Hi%20End%20Portable/in-ear/TRN%20Kirin%20(Atmospheric%20Immersion%20nozzle)
TRN Kirin (reference nozzle)	Hi End Portable		Hi%20End%20Portable/in-ear/TRN%20Kirin%20(reference%20nozzle)
TRN Kirin (transparency nozzle)	Hi End Portable		Hi%20End%20Portable/in-ear/TRN%20Kirin%20(transparency%20nozzle)
TRN Medusa	Jaytiss		Jaytiss/in-ear/TRN%20Medusa
TRN Medusa	ToneDeafMonk		ToneDeafMonk/in-ear/TRN%20Medusa
TRN MT1	crinacle	711	crinacle/711%20in-ear/TRN%20MT1
TRN MT3	Harpo		Harpo/in-ear/TRN%20MT3
TRN MT4 Pro	ToneDeafMonk		ToneDeafMonk/in-ear/TRN%20MT4%20Pro
TRN MT4	ToneDeafMonk		ToneDeafMonk/in-ear/TRN%20MT4
TRN ORCA (off-off-off)	ToneDeafMonk		ToneDeafMonk/in-ear/TRN%20ORCA%20(off-off-off)
TRN ORCA (off-off-on)	ToneDeafMonk		ToneDeafMonk/in-ear/TRN%20ORCA%20(off-off-on)
TRN ORCA (off-on-on)	ToneDeafMonk		ToneDeafMonk/in-ear/TRN%20ORCA%20(off-on-on)
TRN ORCA (on-off-off)	ToneDeafMonk		ToneDeafMonk/in-ear/TRN%20ORCA%20(on-off-off)
TRN ORCA (on-off-on)	ToneDeafMonk		ToneDeafMonk/in-ear/TRN%20ORCA%20(on-off-on)
TRN ORCA (on-on-off)	ToneDeafMonk		ToneDeafMonk/in-ear/TRN%20ORCA%20(on-on-off)
TRN ORCA (on-on-on)	ToneDeafMonk		ToneDeafMonk/in-ear/TRN%20ORCA%20(on-on-on)
TRN SHELL (black nozzle)	ToneDeafMonk		ToneDeafMonk/in-ear/TRN%20SHELL%20(black%20nozzle)
TRN SHELL (green nozzle)	ToneDeafMonk		ToneDeafMonk/in-ear/TRN%20SHELL%20(green%20nozzle)
TRN SHELL (red nozzle)	ToneDeafMonk		ToneDeafMonk/in-ear/TRN%20SHELL%20(red%20nozzle)
TRN ST5	Harpo		Harpo/in-ear/TRN%20ST5
TRN TA2	crinacle	711	crinacle/711%20in-ear/TRN%20TA2
TRN TA2	crinacle	Bruel & Kjaer 4620	crinacle/Bruel%20&%20Kjaer%204620%20in-ear/TRN%20TA2
TRN TA3	ToneDeafMonk		ToneDeafMonk/in-ear/TRN%20TA3
TRN TA4	ToneDeafMonk		ToneDeafMonk/in-ear/TRN%20TA4
TRN V10 PRO	ToneDeafMonk		ToneDeafMonk/in-ear/TRN%20V10%20PRO
TRN V20	kr0mka		kr0mka/in-ear/TRN%20V20
TRN V30	Super Review		Super%20Review/in-ear/TRN%20V30
TRN V80	Harpo		Harpo/in-ear/TRN%20V80
TRN V90 PRO	ToneDeafMonk		ToneDeafMonk/in-ear/TRN%20V90%20PRO
TRN V90	Super Review		Super%20Review/in-ear/TRN%20V90
TRN VX PRO+	ToneDeafMonk		ToneDeafMonk/in-ear/TRN%20VX%20PRO+
TRN White Tiger (black nozzle)	ToneDeafMonk		ToneDeafMonk/in-ear/TRN%20White%20Tiger%20(black%20nozzle)
TRN White Tiger (green nozzle)	ToneDeafMonk		ToneDeafMonk/in-ear/TRN%20White%20Tiger%20(green%20nozzle)
TRN White Tiger (red nozzle)	ToneDeafMonk		ToneDeafMonk/in-ear/TRN%20White%20Tiger%20(red%20nozzle)
TRN X7	crinacle	711	crinacle/711%20in-ear/TRN%20X7
TRN X7	crinacle	Bruel & Kjaer 4620	crinacle/Bruel%20&%20Kjaer%204620%20in-ear/TRN%20X7
Tronsmart Apollo Air	Regan Cipher		Regan%20Cipher/in-ear/Tronsmart%20Apollo%20Air
Tronsmart Apollo Bold (ANC off)	kr0mka		kr0mka/in-ear/Tronsmart%20Apollo%20Bold%20(ANC%20off)
Tronsmart Apollo Bold (ANC off, classic)	kr0mka		kr0mka/in-ear/Tronsmart%20Apollo%20Bold%20(ANC%20off,%20classic)
Tronsmart Apollo Bold (ANC off, jazz)	kr0mka		kr0mka/in-ear/Tronsmart%20Apollo%20Bold%20(ANC%20off,%20jazz)
Tronsmart Apollo Bold (ANC off, pop)	kr0mka		kr0mka/in-ear/Tronsmart%20Apollo%20Bold%20(ANC%20off,%20pop)
Tronsmart Apollo Bold (ANC off, rock)	kr0mka		kr0mka/in-ear/Tronsmart%20Apollo%20Bold%20(ANC%20off,%20rock)
Tronsmart Apollo Bold (ANC on)	kr0mka		kr0mka/in-ear/Tronsmart%20Apollo%20Bold%20(ANC%20on)
Tronsmart Apollo Bold (ANC on, classic)	kr0mka		kr0mka/in-ear/Tronsmart%20Apollo%20Bold%20(ANC%20on,%20classic)
Tronsmart Apollo Bold (ANC on, jazz)	kr0mka		kr0mka/in-ear/Tronsmart%20Apollo%20Bold%20(ANC%20on,%20jazz)
Tronsmart Apollo Bold (ANC on, pop)	kr0mka		kr0mka/in-ear/Tronsmart%20Apollo%20Bold%20(ANC%20on,%20pop)
Tronsmart Apollo Bold (ANC on, rock)	kr0mka		kr0mka/in-ear/Tronsmart%20Apollo%20Bold%20(ANC%20on,%20rock)
Tronsmart Apollo Bold (classic)	Hi End Portable		Hi%20End%20Portable/in-ear/Tronsmart%20Apollo%20Bold%20(classic)
Tronsmart Apollo Bold (jazz)	Hi End Portable		Hi%20End%20Portable/in-ear/Tronsmart%20Apollo%20Bold%20(jazz)
Tronsmart Apollo Bold (normal)	Hi End Portable		Hi%20End%20Portable/in-ear/Tronsmart%20Apollo%20Bold%20(normal)
Tronsmart Apollo Bold (pop)	Hi End Portable		Hi%20End%20Portable/in-ear/Tronsmart%20Apollo%20Bold%20(pop)
Tronsmart Apollo Bold (rock)	Hi End Portable		Hi%20End%20Portable/in-ear/Tronsmart%20Apollo%20Bold%20(rock)
Tronsmart Onyx Free	kr0mka		kr0mka/in-ear/Tronsmart%20Onyx%20Free
Tronsmart Onyx Neo	kr0mka		kr0mka/in-ear/Tronsmart%20Onyx%20Neo
Tronsmart Onyx Prime	Hi End Portable		Hi%20End%20Portable/in-ear/Tronsmart%20Onyx%20Prime
Tronsmart Onyx Pure	Regan Cipher		Regan%20Cipher/in-ear/Tronsmart%20Onyx%20Pure
TrueFree 01	Regan Cipher		Regan%20Cipher/earbud/TrueFree%2001
TrueFree T3	Regan Cipher		Regan%20Cipher/earbud/TrueFree%20T3
Truthear Gate	Fahryst		Fahryst/in-ear/Truthear%20Gate
Truthear Gate	Filk		Filk/in-ear/Truthear%20Gate
Truthear Gate	Jaytiss		Jaytiss/in-ear/Truthear%20Gate
Truthear Gate	oratory1990		oratory1990/in-ear/Truthear%20Gate
Truthear Gate	Super Review		Super%20Review/in-ear/Truthear%20Gate
Truthear Hexa	Bakkwatan		Bakkwatan/in-ear/Truthear%20Hexa
Truthear Hexa	crinacle	711	crinacle/711%20in-ear/Truthear%20Hexa
Truthear Hexa	crinacle	Bruel & Kjaer 4620	crinacle/Bruel%20&%20Kjaer%204620%20in-ear/Truthear%20Hexa
Truthear Hexa	Fahryst		Fahryst/in-ear/Truthear%20Hexa
Truthear Hexa	Filk		Filk/in-ear/Truthear%20Hexa
Truthear Hexa	Harpo		Harpo/in-ear/Truthear%20Hexa
Truthear Hexa	HypetheSonics	GRAS RA0045	HypetheSonics/GRAS%20RA0045%20in-ear/Truthear%20Hexa
Truthear Hexa	Jaytiss		Jaytiss/in-ear/Truthear%20Hexa
Truthear Hexa	kr0mka		kr0mka/in-ear/Truthear%20Hexa
Truthear Hexa	oratory1990		oratory1990/in-ear/Truthear%20Hexa
Truthear Hexa	Rtings	Bruel & Kjaer 5128	Rtings/Bruel%20&%20Kjaer%205128%20in-ear/Truthear%20Hexa
Truthear Hexa	Super Review		Super%20Review/in-ear/Truthear%20Hexa
Truthear Hola	crinacle	711	crinacle/711%20in-ear/Truthear%20Hola
Truthear Hola	crinacle	Bruel & Kjaer 4620	crinacle/Bruel%20&%20Kjaer%204620%20in-ear/Truthear%20Hola
Truthear Hola	Filk		Filk/in-ear/Truthear%20Hola
Truthear Hola	freeryder05		freeryder05/in-ear/Truthear%20Hola
Truthear Hola	Harpo		Harpo/in-ear/Truthear%20Hola
Truthear Hola	Jaytiss		Jaytiss/in-ear/Truthear%20Hola
Truthear Hola	kr0mka		kr0mka/in-ear/Truthear%20Hola
Truthear Hola	Super Review		Super%20Review/in-ear/Truthear%20Hola
Truthear Hola	ToneDeafMonk		ToneDeafMonk/in-ear/Truthear%20Hola
Truthear Nova (black double flange eartips)	Super Review		Super%20Review/in-ear/Truthear%20Nova%20(black%20double%20flange%20eartips)
Truthear Nova (foam eartips)	Super Review		Super%20Review/in-ear/Truthear%20Nova%20(foam%20eartips)
Truthear Nova (silicone eartips)	Super Review		Super%20Review/in-ear/Truthear%20Nova%20(silicone%20eartips)
Truthear Nova (white double flange eartips)	Super Review		Super%20Review/in-ear/Truthear%20Nova%20(white%20double%20flange%20eartips)
Truthear Nova	crinacle	Bruel & Kjaer 4620	crinacle/Bruel%20&%20Kjaer%204620%20in-ear/Truthear%20Nova
Truthear Nova	Jaytiss		Jaytiss/in-ear/Truthear%20Nova
Truthear Nova	Kazi		Kazi/in-ear/Truthear%20Nova
Truthear Nova	oratory1990		oratory1990/in-ear/Truthear%20Nova
Truthear Nova	Regan Cipher		Regan%20Cipher/in-ear/Truthear%20Nova
Truthear Pure	Super Review		Super%20Review/in-ear/Truthear%20Pure
Truthear x Crinacle Zero Blue 2 (foam eartips)	Super Review		Super%20Review/in-ear/Truthear%20x%20Crinacle%20Zero%20Blue%202%20(foam%20eartips)
Truthear x Crinacle Zero Blue 2 (ohm adapter)	Jaytiss		Jaytiss/in-ear/Truthear%20x%20Crinacle%20Zero%20Blue%202%20(ohm%20adapter)
Truthear x Crinacle Zero Blue 2 (silicone eartips)	Super Review		Super%20Review/in-ear/Truthear%20x%20Crinacle%20Zero%20Blue%202%20(silicone%20eartips)
Truthear x Crinacle Zero Blue 2	Jaytiss		Jaytiss/in-ear/Truthear%20x%20Crinacle%20Zero%20Blue%202
Truthear x Crinacle Zero Blue 2	Kazi		Kazi/in-ear/Truthear%20x%20Crinacle%20Zero%20Blue%202
Truthear x Crinacle Zero RED (Bass+)	Bakkwatan		Bakkwatan/in-ear/Truthear%20x%20Crinacle%20Zero%20RED%20(Bass+)
Truthear x Crinacle Zero RED (Bass+)	crinacle	711	crinacle/711%20in-ear/Truthear%20x%20Crinacle%20Zero%20RED%20(Bass+)
Truthear x Crinacle Zero RED (Bass+)	crinacle	Bruel & Kjaer 4620	crinacle/Bruel%20&%20Kjaer%204620%20in-ear/Truthear%20x%20Crinacle%20Zero%20RED%20(Bass+)
Truthear x Crinacle Zero RED (Bass+)	Fahryst		Fahryst/in-ear/Truthear%20x%20Crinacle%20Zero%20RED%20(Bass+)
Truthear x Crinacle Zero RED (Bass+)	Filk		Filk/in-ear/Truthear%20x%20Crinacle%20Zero%20RED%20(Bass+)
Truthear x Crinacle Zero RED (Bass+)	Harpo		Harpo/in-ear/Truthear%20x%20Crinacle%20Zero%20RED%20(Bass+)
Truthear x Crinacle Zero RED (Bass+)	Jaytiss		Jaytiss/in-ear/Truthear%20x%20Crinacle%20Zero%20RED%20(Bass+)
Truthear x Crinacle Zero RED (Bass+)	Super Review		Super%20Review/in-ear/Truthear%20x%20Crinacle%20Zero%20RED%20(Bass+)
Truthear x Crinacle Zero RED (Bass+)	ToneDeafMonk		ToneDeafMonk/in-ear/Truthear%20x%20Crinacle%20Zero%20RED%20(Bass+)
Truthear x Crinacle Zero RED	Auriculares Argentina		Auriculares%20Argentina/in-ear/Truthear%20x%20Crinacle%20Zero%20RED
Truthear x Crinacle Zero RED	Bakkwatan		Bakkwatan/in-ear/Truthear%20x%20Crinacle%20Zero%20RED
Truthear x Crinacle Zero RED	crinacle	711	crinacle/711%20in-ear/Truthear%20x%20Crinacle%20Zero%20RED
Truthear x Crinacle Zero RED	crinacle	Bruel & Kjaer 4620	crinacle/Bruel%20&%20Kjaer%204620%20in-ear/Truthear%20x%20Crinacle%20Zero%20RED
Truthear x Crinacle Zero RED	DHRME		DHRME/in-ear/Truthear%20x%20Crinacle%20Zero%20RED
Truthear x Crinacle Zero RED	Fahryst		Fahryst/in-ear/Truthear%20x%20Crinacle%20Zero%20RED
Truthear x Crinacle Zero RED	Filk		Filk/in-ear/Truthear%20x%20Crinacle%20Zero%20RED
Truthear x Crinacle Zero RED	freeryder05		freeryder05/in-ear/Truthear%20x%20Crinacle%20Zero%20RED
Truthear x Crinacle Zero RED	Harpo		Harpo/in-ear/Truthear%20x%20Crinacle%20Zero%20RED
Truthear x Crinacle Zero RED	Jaytiss		Jaytiss/in-ear/Truthear%20x%20Crinacle%20Zero%20RED
Truthear x Crinacle Zero RED	Kazi		Kazi/in-ear/Truthear%20x%20Crinacle%20Zero%20RED
Truthear x Crinacle Zero RED	oratory1990		oratory1990/in-ear/Truthear%20x%20Crinacle%20Zero%20RED
Truthear x Crinacle Zero RED	Rtings	Bruel & Kjaer 5128	Rtings/Bruel%20&%20Kjaer%205128%20in-ear/Truthear%20x%20Crinacle%20Zero%20RED
Truthear x Crinacle Zero RED	Super Review		Super%20Review/in-ear/Truthear%20x%20Crinacle%20Zero%20RED
Truthear x Crinacle Zero RED	ToneDeafMonk		ToneDeafMonk/in-ear/Truthear%20x%20Crinacle%20Zero%20RED
Truthear x Crinacle Zero	crinacle	711	crinacle/711%20in-ear/Truthear%20x%20Crinacle%20Zero
Truthear x Crinacle Zero	crinacle	Bruel & Kjaer 4620	crinacle/Bruel%20&%20Kjaer%204620%20in-ear/Truthear%20x%20Crinacle%20Zero
Truthear x Crinacle Zero	Fahryst		Fahryst/in-ear/Truthear%20x%20Crinacle%20Zero
Truthear x Crinacle Zero	Filk		Filk/in-ear/Truthear%20x%20Crinacle%20Zero
Truthear x Crinacle Zero	Harpo		Harpo/in-ear/Truthear%20x%20Crinacle%20Zero
Truthear x Crinacle Zero	kr0mka		kr0mka/in-ear/Truthear%20x%20Crinacle%20Zero
Truthear x Crinacle Zero	oratory1990		oratory1990/in-ear/Truthear%20x%20Crinacle%20Zero
Truthear x Crinacle Zero	Rtings	Bruel & Kjaer 5128	Rtings/Bruel%20&%20Kjaer%205128%20in-ear/Truthear%20x%20Crinacle%20Zero
Truthear x Crinacle Zero	Super Review		Super%20Review/in-ear/Truthear%20x%20Crinacle%20Zero
Turtle Beach Atlas Air	Rtings	Bruel & Kjaer 5128	Rtings/Bruel%20&%20Kjaer%205128%20over-ear/Turtle%20Beach%20Atlas%20Air
Turtle Beach Battle Buds	Rtings	HMS II.3	Rtings/HMS%20II.3%20in-ear/Turtle%20Beach%20Battle%20Buds
Turtle Beach Elite 800	Rtings	HMS II.3	Rtings/HMS%20II.3%20over-ear/Turtle%20Beach%20Elite%20800
Turtle Beach Elite Atlas Aero	Rtings	HMS II.3	Rtings/HMS%20II.3%20over-ear/Turtle%20Beach%20Elite%20Atlas%20Aero
Turtle Beach Elite Atlas	Rtings	HMS II.3	Rtings/HMS%20II.3%20over-ear/Turtle%20Beach%20Elite%20Atlas
Turtle Beach Elite Pro 2 SuperAmp	Rtings	HMS II.3	Rtings/HMS%20II.3%20over-ear/Turtle%20Beach%20Elite%20Pro%202%20SuperAmp
Turtle Beach Recon 200 Gen 2	Rtings	HMS II.3	Rtings/HMS%20II.3%20over-ear/Turtle%20Beach%20Recon%20200%20Gen%202
Turtle Beach Recon 200	Rtings	HMS II.3	Rtings/HMS%20II.3%20over-ear/Turtle%20Beach%20Recon%20200
Turtle Beach Recon 500	Rtings	HMS II.3	Rtings/HMS%20II.3%20over-ear/Turtle%20Beach%20Recon%20500
Turtle Beach Recon 50X	Rtings	HMS II.3	Rtings/HMS%20II.3%20over-ear/Turtle%20Beach%20Recon%2050X
Turtle Beach Recon 70	Rtings	HMS II.3	Rtings/HMS%20II.3%20over-ear/Turtle%20Beach%20Recon%2070
Turtle Beach Stealth 300	Rtings	HMS II.3	Rtings/HMS%20II.3%20over-ear/Turtle%20Beach%20Stealth%20300
Turtle Beach Stealth 500	Rtings	Bruel & Kjaer 5128	Rtings/Bruel%20&%20Kjaer%205128%20over-ear/Turtle%20Beach%20Stealth%20500
Turtle Beach Stealth 600 Gen 2	Rtings	HMS II.3	Rtings/HMS%20II.3%20over-ear/Turtle%20Beach%20Stealth%20600%20Gen%202
Turtle Beach Stealth 600 Gen 3	Rtings	Bruel & Kjaer 5128	Rtings/Bruel%20&%20Kjaer%205128%20over-ear/Turtle%20Beach%20Stealth%20600%20Gen%203
Turtle Beach Stealth 600	Rtings	HMS II.3	Rtings/HMS%20II.3%20over-ear/Turtle%20Beach%20Stealth%20600
Turtle Beach Stealth 700 Gen 2	Rtings	HMS II.3	Rtings/HMS%20II.3%20over-ear/Turtle%20Beach%20Stealth%20700%20Gen%202
Turtle Beach Stealth 700	Rtings	HMS II.3	Rtings/HMS%20II.3%20over-ear/Turtle%20Beach%20Stealth%20700
Turtle Beach Stealth Pro	Rtings	HMS II.3	Rtings/HMS%20II.3%20over-ear/Turtle%20Beach%20Stealth%20Pro
TWISTURA Woodnote (gold nozzle)	Super Review		Super%20Review/in-ear/TWISTURA%20Woodnote%20(gold%20nozzle)
TWISTURA Woodnote (instrumental nozzle)	Jaytiss		Jaytiss/in-ear/TWISTURA%20Woodnote%20(instrumental%20nozzle)
TWISTURA Woodnote (silver nozzle)	Super Review		Super%20Review/in-ear/TWISTURA%20Woodnote%20(silver%20nozzle)
TWISTURA Woodnote (standard nozzle)	Jaytiss		Jaytiss/in-ear/TWISTURA%20Woodnote%20(standard%20nozzle)
TWISTURA Woodnote (steel nozzle)	Super Review		Super%20Review/in-ear/TWISTURA%20Woodnote%20(steel%20nozzle)
TWISTURA Woodnote (vocal nozzle)	Jaytiss		Jaytiss/in-ear/TWISTURA%20Woodnote%20(vocal%20nozzle)
TXN Audio Dest Ti	Kazi		Kazi/in-ear/TXN%20Audio%20Dest%20Ti
TY Hi-Z HM150	HypetheSonics		HypetheSonics/earbud/TY%20Hi-Z%20HM150
TY Hi-Z HP32	HypetheSonics		HypetheSonics/earbud/TY%20Hi-Z%20HP32
UBSound Fighter	Innerfidelity		Innerfidelity/in-ear/UBSound%20Fighter
Ucotech RE-2	Super Review		Super%20Review/in-ear/Ucotech%20RE-2
UFOEar UFO-111	crinacle	Bruel & Kjaer 4620	crinacle/Bruel%20&%20Kjaer%204620%20in-ear/UFOEar%20UFO-111
UiiSii BA-T6	Harpo		Harpo/in-ear/UiiSii%20BA-T6
Ultimate Ears FITS	Rtings	HMS II.3	Rtings/HMS%20II.3%20in-ear/Ultimate%20Ears%20FITS
Ultimate Ears Live	crinacle	711	crinacle/711%20in-ear/Ultimate%20Ears%20Live
Ultimate Ears Reference Monitor	oratory1990		oratory1990/in-ear/Ultimate%20Ears%20Reference%20Monitor
Ultimate Ears Reference Monitors	crinacle	711	crinacle/711%20in-ear/Ultimate%20Ears%20Reference%20Monitors
Ultimate Ears Reference Remastered (CIEM)	freeryder05		freeryder05/in-ear/Ultimate%20Ears%20Reference%20Remastered%20(CIEM)
Ultimate Ears Reference Remastered	crinacle	711	crinacle/711%20in-ear/Ultimate%20Ears%20Reference%20Remastered
Ultimate Ears Reference Remastered	HypetheSonics	GRAS RA0045	HypetheSonics/GRAS%20RA0045%20in-ear/Ultimate%20Ears%20Reference%20Remastered
Ultimate Ears Super.fi 5 Extra Bass	crinacle	711	crinacle/711%20in-ear/Ultimate%20Ears%20Super.fi%205%20Extra%20Bass
Ultimate Ears TF10	Innerfidelity		Innerfidelity/in-ear/Ultimate%20Ears%20TF10
Ultimate Ears TripleFi 10	crinacle	711	crinacle/711%20in-ear/Ultimate%20Ears%20TripleFi%2010
Ultimate Ears UE11	crinacle	711	crinacle/711%20in-ear/Ultimate%20Ears%20UE11
Ultimate Ears UE18+ (2nd Gen)	crinacle	711	crinacle/711%20in-ear/Ultimate%20Ears%20UE18+%20(2nd%20Gen)
Ultimate Ears UE18+ (3rd Gen)	crinacle	711	crinacle/711%20in-ear/Ultimate%20Ears%20UE18+%20(3rd%20Gen)
Ultimate Ears UE18+ (CIEM)	crinacle	711	crinacle/711%20in-ear/Ultimate%20Ears%20UE18+%20(CIEM)
Ultimate Ears UE18+ Pro	HypetheSonics	GRAS RA0045	HypetheSonics/GRAS%20RA0045%20in-ear/Ultimate%20Ears%20UE18+%20Pro
Ultimate Ears UE350	Headphone.com Legacy		Headphone.com%20Legacy/in-ear/Ultimate%20Ears%20UE350
Ultimate Ears UE350	Innerfidelity		Innerfidelity/in-ear/Ultimate%20Ears%20UE350
Ultimate Ears UE4 Pro	crinacle	711	crinacle/711%20in-ear/Ultimate%20Ears%20UE4%20Pro
Ultimate Ears UE5	crinacle	711	crinacle/711%20in-ear/Ultimate%20Ears%20UE5
Ultimate Ears UE500	Headphone.com Legacy		Headphone.com%20Legacy/in-ear/Ultimate%20Ears%20UE500
Ultimate Ears UE500	Innerfidelity		Innerfidelity/in-ear/Ultimate%20Ears%20UE500
Ultimate Ears UE6	crinacle	711	crinacle/711%20in-ear/Ultimate%20Ears%20UE6
Ultimate Ears UE600	Headphone.com Legacy		Headphone.com%20Legacy/in-ear/Ultimate%20Ears%20UE600
Ultimate Ears UE600	Innerfidelity		Innerfidelity/in-ear/Ultimate%20Ears%20UE600
Ultimate Ears UE7	crinacle	711	crinacle/711%20in-ear/Ultimate%20Ears%20UE7
Ultimate Ears UE700	Headphone.com Legacy		Headphone.com%20Legacy/in-ear/Ultimate%20Ears%20UE700
Ultimate Ears UE700	Innerfidelity		Innerfidelity/in-ear/Ultimate%20Ears%20UE700
Ultimate Ears UE900S	crinacle	711	crinacle/711%20in-ear/Ultimate%20Ears%20UE900S
Ultrasone Edition 10	Innerfidelity		Innerfidelity/over-ear/Ultrasone%20Edition%2010
Ultrasone Edition 8 Palladium	Headphone.com Legacy		Headphone.com%20Legacy/over-ear/Ultrasone%20Edition%208%20Palladium
Ultrasone Edition 8	Headphone.com Legacy		Headphone.com%20Legacy/over-ear/Ultrasone%20Edition%208
Ultrasone Edition 8	Innerfidelity		Innerfidelity/over-ear/Ultrasone%20Edition%208
Ultrasone HFI-2400	Headphone.com Legacy		Headphone.com%20Legacy/over-ear/Ultrasone%20HFI-2400
Ultrasone HFI-2400	Innerfidelity		Innerfidelity/over-ear/Ultrasone%20HFI-2400
Ultrasone HFI-450	Headphone.com Legacy		Headphone.com%20Legacy/over-ear/Ultrasone%20HFI-450
Ultrasone HFI-450	Innerfidelity		Innerfidelity/over-ear/Ultrasone%20HFI-450
Ultrasone HFI-580	Headphone.com Legacy		Headphone.com%20Legacy/over-ear/Ultrasone%20HFI-580
Ultrasone HFI-780	Headphone.com Legacy		Headphone.com%20Legacy/over-ear/Ultrasone%20HFI-780
Ultrasone HFI-780	Innerfidelity		Innerfidelity/over-ear/Ultrasone%20HFI-780
Ultrasone PRO 2900	Innerfidelity		Innerfidelity/over-ear/Ultrasone%20PRO%202900
Ultrasone PRO 550	Innerfidelity		Innerfidelity/over-ear/Ultrasone%20PRO%20550
Ultrasone PRO 650	Innerfidelity		Innerfidelity/over-ear/Ultrasone%20PRO%20650
Ultrasone PRO 900	Headphone.com Legacy		Headphone.com%20Legacy/over-ear/Ultrasone%20PRO%20900
Ultrasone PRO 900	Innerfidelity		Innerfidelity/over-ear/Ultrasone%20PRO%20900
Ultrasone PROline 550	Headphone.com Legacy		Headphone.com%20Legacy/over-ear/Ultrasone%20PROline%20550
Ultrasone PROline 650	Headphone.com Legacy		Headphone.com%20Legacy/over-ear/Ultrasone%20PROline%20650
Ultrasone Signature Pro	Headphone.com Legacy		Headphone.com%20Legacy/over-ear/Ultrasone%20Signature%20Pro
Ultrasone Signature Pro	Innerfidelity		Innerfidelity/over-ear/Ultrasone%20Signature%20Pro
Ultrasone Signature Pure	kr0mka		kr0mka/over-ear/Ultrasone%20Signature%20Pure
Ultrasone Tribute 7	kr0mka		kr0mka/over-ear/Ultrasone%20Tribute%207
Ultrasone Tribute 7	oratory1990		oratory1990/over-ear/Ultrasone%20Tribute%207
Ultrasone Zino	Headphone.com Legacy		Headphone.com%20Legacy/over-ear/Ultrasone%20Zino
Ultrasone Zino	Innerfidelity		Innerfidelity/over-ear/Ultrasone%20Zino
Umi Voix	Innerfidelity		Innerfidelity/in-ear/Umi%20Voix
Under Armour True Wireless Flash	Rtings	HMS II.3	Rtings/HMS%20II.3%20in-ear/Under%20Armour%20True%20Wireless%20Flash
Unique Melody 2HT Terminator	crinacle	711	crinacle/711%20in-ear/Unique%20Melody%202HT%20Terminator
Unique Melody 3D Terminator	crinacle	711	crinacle/711%20in-ear/Unique%20Melody%203D%20Terminator
Unique Melody 3DD-Ti Open	crinacle	711	crinacle/711%20in-ear/Unique%20Melody%203DD-Ti%20Open
Unique Melody 3DD-Ti	crinacle	711	crinacle/711%20in-ear/Unique%20Melody%203DD-Ti
Unique Melody 3X	crinacle	711	crinacle/711%20in-ear/Unique%20Melody%203X
Unique Melody 3X	Innerfidelity		Innerfidelity/in-ear/Unique%20Melody%203X
Unique Melody Jet Black	Jaytiss		Jaytiss/in-ear/Unique%20Melody%20Jet%20Black
Unique Melody Legacy	crinacle	711	crinacle/711%20in-ear/Unique%20Melody%20Legacy
Unique Melody Macbeth Ti	crinacle	711	crinacle/711%20in-ear/Unique%20Melody%20Macbeth%20Ti
Unique Melody Maestro V2	crinacle	711	crinacle/711%20in-ear/Unique%20Melody%20Maestro%20V2
Unique Melody Martian	crinacle	711	crinacle/711%20in-ear/Unique%20Melody%20Martian
Unique Melody Mason V3 Ported	crinacle	711	crinacle/711%20in-ear/Unique%20Melody%20Mason%20V3%20Ported
Unique Melody Mason V3	crinacle	711	crinacle/711%20in-ear/Unique%20Melody%20Mason%20V3
Unique Melody Mason V3+	crinacle	711	crinacle/711%20in-ear/Unique%20Melody%20Mason%20V3+
Unique Melody Maven	crinacle	711	crinacle/711%20in-ear/Unique%20Melody%20Maven
Unique Melody Maverick II	crinacle	711	crinacle/711%20in-ear/Unique%20Melody%20Maverick%20II
Unique Melody Mavis 2	crinacle	711	crinacle/711%20in-ear/Unique%20Melody%20Mavis%202
Unique Melody ME1	crinacle	711	crinacle/711%20in-ear/Unique%20Melody%20ME1
Unique Melody Merlin V2	crinacle	711	crinacle/711%20in-ear/Unique%20Melody%20Merlin%20V2
Unique Melody MEST (CIEM)	crinacle	711	crinacle/711%20in-ear/Unique%20Melody%20MEST%20(CIEM)
Unique Melody MEST Mk2 (AZLA eartips)	freeryder05		freeryder05/in-ear/Unique%20Melody%20MEST%20Mk2%20(AZLA%20eartips)
Unique Melody MEST Mk2 (AZLA SoundFit Xelastec eartips)	freeryder05		freeryder05/in-ear/Unique%20Melody%20MEST%20Mk2%20(AZLA%20SoundFit%20Xelastec%20eartips)
Unique Melody MEST Mk2 (Moondrop Spring eartips)	freeryder05		freeryder05/in-ear/Unique%20Melody%20MEST%20Mk2%20(Moondrop%20Spring%20eartips)
Unique Melody MEST Mk2 (SpinFit CP100 eartips)	freeryder05		freeryder05/in-ear/Unique%20Melody%20MEST%20Mk2%20(SpinFit%20CP100%20eartips)
Unique Melody MEST Mk2	crinacle	711	crinacle/711%20in-ear/Unique%20Melody%20MEST%20Mk2
Unique Melody MEST Mk2	freeryder05		freeryder05/in-ear/Unique%20Melody%20MEST%20Mk2
Unique Melody MEST Mk2	Kazi		Kazi/in-ear/Unique%20Melody%20MEST%20Mk2
Unique Melody MEST Mk2	Super Review		Super%20Review/in-ear/Unique%20Melody%20MEST%20Mk2
Unique Melody MEST Mk2	ToneDeafMonk		ToneDeafMonk/in-ear/Unique%20Melody%20MEST%20Mk2
Unique Melody MEST mk3	Kazi		Kazi/in-ear/Unique%20Melody%20MEST%20mk3
Unique Melody MEST	crinacle	711	crinacle/711%20in-ear/Unique%20Melody%20MEST
Unique Melody MEST	Super Review		Super%20Review/in-ear/Unique%20Melody%20MEST
Unique Melody MEXT	crinacle	711	crinacle/711%20in-ear/Unique%20Melody%20MEXT
Unique Melody Mini MEST	crinacle	711	crinacle/711%20in-ear/Unique%20Melody%20Mini%20MEST
Unique Melody Miracle V2	crinacle	711	crinacle/711%20in-ear/Unique%20Melody%20Miracle%20V2
Unique Melody Mirage	crinacle	711	crinacle/711%20in-ear/Unique%20Melody%20Mirage
Unique Melody Stardust	Jaytiss		Jaytiss/in-ear/Unique%20Melody%20Stardust
Unique Melody Stardust	ToneDeafMonk		ToneDeafMonk/in-ear/Unique%20Melody%20Stardust
Unknown Custom Juno (min bass)	crinacle	711	crinacle/711%20in-ear/Unknown%20Custom%20Juno%20(min%20bass)
Unknown Custom Juno	crinacle	711	crinacle/711%20in-ear/Unknown%20Custom%20Juno
Unknown Custom Quad 2.0	crinacle	711	crinacle/711%20in-ear/Unknown%20Custom%20Quad%202.0
Unknown Custom UCD-2	crinacle	711	crinacle/711%20in-ear/Unknown%20Custom%20UCD-2
Unknown Custom UCD-3	crinacle	711	crinacle/711%20in-ear/Unknown%20Custom%20UCD-3
Urbanears Plattan	Headphone.com Legacy		Headphone.com%20Legacy/over-ear/Urbanears%20Plattan
Urbanfun YBF-ISS014	crinacle	Bruel & Kjaer 4620	crinacle/Bruel%20&%20Kjaer%204620%20in-ear/Urbanfun%20YBF-ISS014
Urbanfun YBF-ISS014	RikudouGoku		RikudouGoku/in-ear/Urbanfun%20YBF-ISS014
Valco VMK20 (ANC off)	Kuulokenurkka		Kuulokenurkka/over-ear/Valco%20VMK20%20(ANC%20off)
Valco VMK20 (ANC on)	Kuulokenurkka		Kuulokenurkka/over-ear/Valco%20VMK20%20(ANC%20on)
Valco VMK20 (passive)	Kuulokenurkka		Kuulokenurkka/over-ear/Valco%20VMK20%20(passive)
Valco VMK20 (wired, ANC on)	Kuulokenurkka		Kuulokenurkka/over-ear/Valco%20VMK20%20(wired,%20ANC%20on)
Valco VMK20 (wireled, power off)	Kuulokenurkka		Kuulokenurkka/over-ear/Valco%20VMK20%20(wireled,%20power%20off)
Valco VMK20 (wireless, ANC off)	Kuulokenurkka		Kuulokenurkka/over-ear/Valco%20VMK20%20(wireless,%20ANC%20off)
Valco VMK20 (wireless, ANC on)	Kuulokenurkka		Kuulokenurkka/over-ear/Valco%20VMK20%20(wireless,%20ANC%20on)
Valco VMK20	oratory1990		oratory1990/over-ear/Valco%20VMK20
Valco VMK25 (ANC off)	Kuulokenurkka		Kuulokenurkka/over-ear/Valco%20VMK25%20(ANC%20off)
Valco VMK25 (ANC on)	Kuulokenurkka		Kuulokenurkka/over-ear/Valco%20VMK25%20(ANC%20on)
Valco VMK25 (passive)	Kuulokenurkka		Kuulokenurkka/over-ear/Valco%20VMK25%20(passive)
Valco VMK25 (wired, ANC off)	Kuulokenurkka		Kuulokenurkka/over-ear/Valco%20VMK25%20(wired,%20ANC%20off)
Valco VMK25 (wired, ANC on)	Kuulokenurkka		Kuulokenurkka/over-ear/Valco%20VMK25%20(wired,%20ANC%20on)
Valco VMK25 (wired, power off)	Kuulokenurkka		Kuulokenurkka/over-ear/Valco%20VMK25%20(wired,%20power%20off)
Valco VMK25 (wireless, ANC off)	Kuulokenurkka		Kuulokenurkka/over-ear/Valco%20VMK25%20(wireless,%20ANC%20off)
Valco VMK25 (wireless, ANC on)	Kuulokenurkka		Kuulokenurkka/over-ear/Valco%20VMK25%20(wireless,%20ANC%20on)
Veedix Diamond String	crinacle	711	crinacle/711%20in-ear/Veedix%20Diamond%20String
Veedix Diamond String	crinacle	Bruel & Kjaer 4620	crinacle/Bruel%20&%20Kjaer%204620%20in-ear/Veedix%20Diamond%20String
Velodyne vPulse	Innerfidelity		Innerfidelity/in-ear/Velodyne%20vPulse
Vento Conductor T-500 Pro	RikudouGoku		RikudouGoku/in-ear/Vento%20Conductor%20T-500%20Pro
Venture Electronics Asura 2.0	HypetheSonics		HypetheSonics/earbud/Venture%20Electronics%20Asura%202.0
Venture Electronics Bonus In-Ears (BIE)	crinacle	711	crinacle/711%20in-ear/Venture%20Electronics%20Bonus%20In-Ears%20(BIE)
Venture Electronics Bonus In-Ears (BIE)	RikudouGoku		RikudouGoku/in-ear/Venture%20Electronics%20Bonus%20In-Ears%20(BIE)
Venture Electronics Duke (CIEM)	crinacle	711	crinacle/711%20in-ear/Venture%20Electronics%20Duke%20(CIEM)
Venture Electronics Duke	Innerfidelity		Innerfidelity/in-ear/Venture%20Electronics%20Duke
Venture Electronics Grand Duke	Kazi		Kazi/in-ear/Venture%20Electronics%20Grand%20Duke
Venture Electronics Monk Blood Orange	HypetheSonics		HypetheSonics/earbud/Venture%20Electronics%20Monk%20Blood%20Orange
Venture Electronics Monk IE Biggie	crinacle	711	crinacle/711%20in-ear/Venture%20Electronics%20Monk%20IE%20Biggie
Venture Electronics Monk IE Smalls	crinacle	711	crinacle/711%20in-ear/Venture%20Electronics%20Monk%20IE%20Smalls
Venture Electronics Monk Plus	HypetheSonics		HypetheSonics/earbud/Venture%20Electronics%20Monk%20Plus
Venture Electronics Monk Plus	Innerfidelity		Innerfidelity/earbud/Venture%20Electronics%20Monk%20Plus
Venture Electronics Monk Plus	Super Review		Super%20Review/earbud/Venture%20Electronics%20Monk%20Plus
Venture Electronics Zen	HypetheSonics		HypetheSonics/earbud/Venture%20Electronics%20Zen
Verum One (leather earpads)	oratory1990		oratory1990/over-ear/Verum%20One%20(leather%20earpads)
Verum One (ZMF Ori earpads)	oratory1990		oratory1990/over-ear/Verum%20One%20(ZMF%20Ori%20earpads)
Verum One	crinacle	EARS + 711	crinacle/EARS%20+%20711%20over-ear/Verum%20One
Verum One	oratory1990		oratory1990/over-ear/Verum%20One
violator73 DIY 16 BA	crinacle	711	crinacle/711%20in-ear/violator73%20DIY%2016%20BA
ViSang VS-K1	Innerfidelity		Innerfidelity/in-ear/ViSang%20VS-K1
Vision Ears Elysium	crinacle	711	crinacle/711%20in-ear/Vision%20Ears%20Elysium
Vision Ears Elysium	HypetheSonics	GRAS RA0045	HypetheSonics/GRAS%20RA0045%20in-ear/Vision%20Ears%20Elysium
Vision Ears Elysium	oratory1990		oratory1990/in-ear/Vision%20Ears%20Elysium
Vision Ears Erlkönig 1	crinacle	711	crinacle/711%20in-ear/Vision%20Ears%20Erlk%C3%B6nig%201
Vision Ears Erlkönig 2	crinacle	711	crinacle/711%20in-ear/Vision%20Ears%20Erlk%C3%B6nig%202
Vision Ears Erlkönig 3	crinacle	711	crinacle/711%20in-ear/Vision%20Ears%20Erlk%C3%B6nig%203
Vision Ears Erlkönig 4	crinacle	711	crinacle/711%20in-ear/Vision%20Ears%20Erlk%C3%B6nig%204
Vision Ears Erlkönig	oratory1990		oratory1990/in-ear/Vision%20Ears%20Erlk%C3%B6nig
Vision Ears EVE 20	crinacle	711	crinacle/711%20in-ear/Vision%20Ears%20EVE%2020
Vision Ears EVE 20	HypetheSonics	GRAS RA0045	HypetheSonics/GRAS%20RA0045%20in-ear/Vision%20Ears%20EVE%2020
Vision Ears EXT MK II	Kazi		Kazi/in-ear/Vision%20Ears%20EXT%20MK%20II
Vision Ears EXT MK II	ToneDeafMonk		ToneDeafMonk/in-ear/Vision%20Ears%20EXT%20MK%20II
Vision Ears EXT	crinacle	711	crinacle/711%20in-ear/Vision%20Ears%20EXT
Vision Ears PHöNIX	HypetheSonics	GRAS RA0045	HypetheSonics/GRAS%20RA0045%20in-ear/Vision%20Ears%20PH%C3%B6NIX
Vision Ears VE10	Jaytiss		Jaytiss/in-ear/Vision%20Ears%20VE10
Vision Ears VE2	crinacle	711	crinacle/711%20in-ear/Vision%20Ears%20VE2
Vision Ears VE3.2	crinacle	711	crinacle/711%20in-ear/Vision%20Ears%20VE3.2
Vision Ears VE4.2	crinacle	711	crinacle/711%20in-ear/Vision%20Ears%20VE4.2
Vision Ears VE5	crinacle	711	crinacle/711%20in-ear/Vision%20Ears%20VE5
Vision Ears VE6X1	crinacle	711	crinacle/711%20in-ear/Vision%20Ears%20VE6X1
Vision Ears VE6X2	crinacle	711	crinacle/711%20in-ear/Vision%20Ears%20VE6X2
Vision Ears VE7	crinacle	711	crinacle/711%20in-ear/Vision%20Ears%20VE7
Vision Ears VE7	Super Review		Super%20Review/in-ear/Vision%20Ears%20VE7
Vision Ears VE8 (CIEM)	crinacle	711	crinacle/711%20in-ear/Vision%20Ears%20VE8%20(CIEM)
Vision Ears VE8	crinacle	711	crinacle/711%20in-ear/Vision%20Ears%20VE8
Vision Ears VE8	HypetheSonics	GRAS RA0045	HypetheSonics/GRAS%20RA0045%20in-ear/Vision%20Ears%20VE8
Vision Ears VE8	Super Review		Super%20Review/in-ear/Vision%20Ears%20VE8
Vivo TWS 4 (ANC on, Default)	Regan Cipher		Regan%20Cipher/in-ear/Vivo%20TWS%204%20(ANC%20on,%20Default)
Vivo XE800	oratory1990		oratory1990/in-ear/Vivo%20XE800
VJJB N1	RikudouGoku		RikudouGoku/in-ear/VJJB%20N1
V-MODA BassFit Wireless	Rtings	HMS II.3	Rtings/HMS%20II.3%20in-ear/V-MODA%20BassFit%20Wireless
V-MODA Crossfade 2 Wireless	crinacle	GRAS 43AG-7	crinacle/GRAS%2043AG-7%20over-ear/V-MODA%20Crossfade%202%20Wireless
V-MODA Crossfade 2 Wireless	Rtings	HMS II.3	Rtings/HMS%20II.3%20over-ear/V-MODA%20Crossfade%202%20Wireless
V-MODA Crossfade 3 Wireless	Rtings	Bruel & Kjaer 5128	Rtings/Bruel%20&%20Kjaer%205128%20over-ear/V-MODA%20Crossfade%203%20Wireless
V-MODA Crossfade LP	Innerfidelity		Innerfidelity/over-ear/V-MODA%20Crossfade%20LP
V-MODA Crossfade LP2	crinacle	GRAS 43AG-7	crinacle/GRAS%2043AG-7%20over-ear/V-MODA%20Crossfade%20LP2
V-MODA Crossfade LP2	Innerfidelity		Innerfidelity/over-ear/V-MODA%20Crossfade%20LP2
V-MODA Crossfade LP2	oratory1990		oratory1990/over-ear/V-MODA%20Crossfade%20LP2
V-MODA Crossfade M-100	Headphone.com Legacy		Headphone.com%20Legacy/over-ear/V-MODA%20Crossfade%20M-100
V-MODA Crossfade M-100	Innerfidelity		Innerfidelity/over-ear/V-MODA%20Crossfade%20M-100
V-MODA Crossfade M-100	Rtings	HMS II.3	Rtings/HMS%20II.3%20over-ear/V-MODA%20Crossfade%20M-100
V-MODA Crossfade M-80	Headphone.com Legacy		Headphone.com%20Legacy/over-ear/V-MODA%20Crossfade%20M-80
V-MODA Crossfade M-80	Innerfidelity		Innerfidelity/over-ear/V-MODA%20Crossfade%20M-80
V-MODA Crossfade Wireless (wired)	Innerfidelity		Innerfidelity/over-ear/V-MODA%20Crossfade%20Wireless%20(wired)
V-MODA Crossfade Wireless (wireless)	Innerfidelity		Innerfidelity/over-ear/V-MODA%20Crossfade%20Wireless%20(wireless)
V-MODA LP2	Headphone.com Legacy		Headphone.com%20Legacy/over-ear/V-MODA%20LP2
V-MODA M-200	oratory1990		oratory1990/over-ear/V-MODA%20M-200
V-MODA V-80 True Blood	Innerfidelity		Innerfidelity/over-ear/V-MODA%20V-80%20True%20Blood
V-MODA XS	Headphone.com Legacy		Headphone.com%20Legacy/over-ear/V-MODA%20XS
V-MODA XS	Innerfidelity		Innerfidelity/over-ear/V-MODA%20XS
V-MODA Zn	oratory1990		oratory1990/in-ear/V-MODA%20Zn
VSonic Ares	crinacle	711	crinacle/711%20in-ear/VSonic%20Ares
VSonic GR01	crinacle	711	crinacle/711%20in-ear/VSonic%20GR01
VSonic GR02 Bass Edition	Innerfidelity		Innerfidelity/in-ear/VSonic%20GR02%20Bass%20Edition
VSonic GR07 Bass Edition	crinacle	711	crinacle/711%20in-ear/VSonic%20GR07%20Bass%20Edition
VSonic GR07 Bass Edition	Innerfidelity		Innerfidelity/in-ear/VSonic%20GR07%20Bass%20Edition
VSonic GR07 Bass Edition	Super Review		Super%20Review/in-ear/VSonic%20GR07%20Bass%20Edition
VSonic GR07 Classic	crinacle	711	crinacle/711%20in-ear/VSonic%20GR07%20Classic
VSonic GR07 Classic	Innerfidelity		Innerfidelity/in-ear/VSonic%20GR07%20Classic
VSonic GR07 Mk2	crinacle	711	crinacle/711%20in-ear/VSonic%20GR07%20Mk2
VSonic GR07	Innerfidelity		Innerfidelity/in-ear/VSonic%20GR07
VSonic GR07	Super Review		Super%20Review/in-ear/VSonic%20GR07
VSonic VC1000	Innerfidelity		Innerfidelity/in-ear/VSonic%20VC1000
VSonic VCO2	crinacle	711	crinacle/711%20in-ear/VSonic%20VCO2
VSonic VCO2	Innerfidelity		Innerfidelity/in-ear/VSonic%20VCO2
VSonic VS05	Innerfidelity		Innerfidelity/in-ear/VSonic%20VS05
VSonic VS7	crinacle	711	crinacle/711%20in-ear/VSonic%20VS7
VSonic VS7	crinacle	Bruel & Kjaer 4620	crinacle/Bruel%20&%20Kjaer%204620%20in-ear/VSonic%20VS7
VSonic VS7	oratory1990		oratory1990/in-ear/VSonic%20VS7
VSonic VS7	Super Review		Super%20Review/in-ear/VSonic%20VS7
VSonic VSD1	Innerfidelity		Innerfidelity/in-ear/VSonic%20VSD1
VSonic VSD1S	crinacle	711	crinacle/711%20in-ear/VSonic%20VSD1S
VSonic VSD1S	Innerfidelity		Innerfidelity/in-ear/VSonic%20VSD1S
VSonic VSD2S	crinacle	711	crinacle/711%20in-ear/VSonic%20VSD2S
VSonic VSD3	Innerfidelity		Innerfidelity/in-ear/VSonic%20VSD3
VSonic VSD3S	crinacle	711	crinacle/711%20in-ear/VSonic%20VSD3S
VSonic VSD3S	Innerfidelity		Innerfidelity/in-ear/VSonic%20VSD3S
W+G T2	crinacle	711	crinacle/711%20in-ear/W+G%20T2
W+G T2	crinacle	Bruel & Kjaer 4620	crinacle/Bruel%20&%20Kjaer%204620%20in-ear/W+G%20T2
Walmart Three DOllar Buds	Innerfidelity		Innerfidelity/earbud/Walmart%20Three%20DOllar%20Buds
Warbler Prelude (CIEM)	crinacle	711	crinacle/711%20in-ear/Warbler%20Prelude%20(CIEM)
Warbler Prelude	crinacle	711	crinacle/711%20in-ear/Warbler%20Prelude
Warwick Acoustics Aperio	oratory1990		oratory1990/over-ear/Warwick%20Acoustics%20Aperio
Warwick Acoustics Bravura	oratory1990		oratory1990/over-ear/Warwick%20Acoustics%20Bravura
Warwick Acoustics Sonoma Model One	crinacle	GRAS 43AG-7	crinacle/GRAS%2043AG-7%20over-ear/Warwick%20Acoustics%20Sonoma%20Model%20One
Warwick Acoustics Sonoma Model One	Innerfidelity		Innerfidelity/over-ear/Warwick%20Acoustics%20Sonoma%20Model%20One
Warwick Acoustics Sonoma Model One	oratory1990		oratory1990/over-ear/Warwick%20Acoustics%20Sonoma%20Model%20One
Westone 4R	crinacle	711	crinacle/711%20in-ear/Westone%204R
Westone 4R	Headphone.com Legacy		Headphone.com%20Legacy/in-ear/Westone%204R
Westone 4R	Innerfidelity		Innerfidelity/in-ear/Westone%204R
Westone ADV Alpha	Innerfidelity		Innerfidelity/in-ear/Westone%20ADV%20Alpha
Westone ES60 (CIEM)	crinacle	711	crinacle/711%20in-ear/Westone%20ES60%20(CIEM)
Westone MACH 80	crinacle	711	crinacle/711%20in-ear/Westone%20MACH%2080
Westone Pro X50	crinacle	711	crinacle/711%20in-ear/Westone%20Pro%20X50
Westone UM Pro 10	crinacle	711	crinacle/711%20in-ear/Westone%20UM%20Pro%2010
Westone UM Pro 20	crinacle	711	crinacle/711%20in-ear/Westone%20UM%20Pro%2020
Westone UM Pro 30	crinacle	711	crinacle/711%20in-ear/Westone%20UM%20Pro%2030
Westone UM Pro 50	crinacle	711	crinacle/711%20in-ear/Westone%20UM%20Pro%2050
Westone UM1	Headphone.com Legacy		Headphone.com%20Legacy/in-ear/Westone%20UM1
Westone UM1	Innerfidelity		Innerfidelity/in-ear/Westone%20UM1
Westone UM3X RC	Headphone.com Legacy		Headphone.com%20Legacy/in-ear/Westone%20UM3X%20RC
Westone UM3X RC	Innerfidelity		Innerfidelity/in-ear/Westone%20UM3X%20RC
Westone UM3X	oratory1990		oratory1990/in-ear/Westone%20UM3X
Westone W10	crinacle	711	crinacle/711%20in-ear/Westone%20W10
Westone W10	Innerfidelity		Innerfidelity/in-ear/Westone%20W10
Westone W10	oratory1990		oratory1990/in-ear/Westone%20W10
Westone W2	Headphone.com Legacy		Headphone.com%20Legacy/in-ear/Westone%20W2
Westone W2	Innerfidelity		Innerfidelity/in-ear/Westone%20W2
Westone W20	crinacle	711	crinacle/711%20in-ear/Westone%20W20
Westone W20	Innerfidelity		Innerfidelity/in-ear/Westone%20W20
Westone W30	crinacle	711	crinacle/711%20in-ear/Westone%20W30
Westone W40	crinacle	711	crinacle/711%20in-ear/Westone%20W40
Westone W40	Innerfidelity		Innerfidelity/in-ear/Westone%20W40
Westone W40	Rtings	HMS II.3	Rtings/HMS%20II.3%20in-ear/Westone%20W40
Westone W50	crinacle	711	crinacle/711%20in-ear/Westone%20W50
Westone W60	crinacle	711	crinacle/711%20in-ear/Westone%20W60
Westone W60	HypetheSonics	Bruel & Kjaer 5128	HypetheSonics/Bruel%20&%20Kjaer%205128%20in-ear/Westone%20W60
Westone W60	Innerfidelity		Innerfidelity/in-ear/Westone%20W60
Westone W80	crinacle	711	crinacle/711%20in-ear/Westone%20W80
Whizzer A15 Pro	crinacle	711	crinacle/711%20in-ear/Whizzer%20A15%20Pro
Whizzer A15	crinacle	711	crinacle/711%20in-ear/Whizzer%20A15
Whizzer A-HE03 Kylin	crinacle	711	crinacle/711%20in-ear/Whizzer%20A-HE03%20Kylin
Whizzer A-HE03 Kylin	crinacle	Bruel & Kjaer 4620	crinacle/Bruel%20&%20Kjaer%204620%20in-ear/Whizzer%20A-HE03%20Kylin
Whizzer BS1	Harpo		Harpo/in-ear/Whizzer%20BS1
Whizzer HE01	crinacle	711	crinacle/711%20in-ear/Whizzer%20HE01
Whizzer HE01	crinacle	Bruel & Kjaer 4620	crinacle/Bruel%20&%20Kjaer%204620%20in-ear/Whizzer%20HE01
Whizzer Kylin HE01B	Fahryst		Fahryst/in-ear/Whizzer%20Kylin%20HE01B
Whizzer Kylin HE10	Fahryst		Fahryst/in-ear/Whizzer%20Kylin%20HE10
Wicked Audio Deuce	Innerfidelity		Innerfidelity/in-ear/Wicked%20Audio%20Deuce
Willsound MK2	Super Review		Super%20Review/earbud/Willsound%20MK2
Wiss Audio On Ear Force 1 HP P244	Innerfidelity		Innerfidelity/over-ear/Wiss%20Audio%20On%20Ear%20Force%201%20HP%20P244
Woodees iESW100B	Headphone.com Legacy		Headphone.com%20Legacy/in-ear/Woodees%20iESW100B
Woodees iESW100L 24K Blues	Headphone.com Legacy		Headphone.com%20Legacy/in-ear/Woodees%20iESW100L%2024K%20Blues
Woodees iESW101B	Headphone.com Legacy		Headphone.com%20Legacy/in-ear/Woodees%20iESW101B
Woodees iESW101V Vintage	Headphone.com Legacy		Headphone.com%20Legacy/in-ear/Woodees%20iESW101V%20Vintage
Wyze Buds Pro	Rtings	HMS II.3	Rtings/HMS%20II.3%20in-ear/Wyze%20Buds%20Pro
Wyze Buds	Rtings	HMS II.3	Rtings/HMS%20II.3%20in-ear/Wyze%20Buds
Wyze Noise-Cancelling Headphones	Rtings	HMS II.3	Rtings/HMS%20II.3%20over-ear/Wyze%20Noise-Cancelling%20Headphones
Wyze Wireless Gaming Headset	Rtings	HMS II.3	Rtings/HMS%20II.3%20over-ear/Wyze%20Wireless%20Gaming%20Headset
Xbox Stereo Headset	Rtings	HMS II.3	Rtings/HMS%20II.3%20over-ear/Xbox%20Stereo%20Headset
Xbox Wireless Headset	Rtings	HMS II.3	Rtings/HMS%20II.3%20over-ear/Xbox%20Wireless%20Headset
Xenns Mangird Tea Pro 2024	Jaytiss		Jaytiss/in-ear/Xenns%20Mangird%20Tea%20Pro%202024
Xenns Mangird Tea	Super Review		Super%20Review/in-ear/Xenns%20Mangird%20Tea
Xenns Mangird Tea2	crinacle	711	crinacle/711%20in-ear/Xenns%20Mangird%20Tea2
Xenns Mangird Tea2	crinacle	Bruel & Kjaer 4620	crinacle/Bruel%20&%20Kjaer%204620%20in-ear/Xenns%20Mangird%20Tea2
Xenns Mangird Tea2	Jaytiss		Jaytiss/in-ear/Xenns%20Mangird%20Tea2
Xenns Mangird Tea2	Super Review		Super%20Review/in-ear/Xenns%20Mangird%20Tea2
Xenns Mangird Top Pro	Jaytiss		Jaytiss/in-ear/Xenns%20Mangird%20Top%20Pro
Xenns Mangird Top Pro	Super Review		Super%20Review/in-ear/Xenns%20Mangird%20Top%20Pro
Xenns Mangird Top	Bakkwatan		Bakkwatan/in-ear/Xenns%20Mangird%20Top
Xenns Mangird Top	Super Review		Super%20Review/in-ear/Xenns%20Mangird%20Top
Xenns Mangird Top	ToneDeafMonk		ToneDeafMonk/in-ear/Xenns%20Mangird%20Top
Xenns Mangrid Tea PRO	ToneDeafMonk		ToneDeafMonk/in-ear/Xenns%20Mangrid%20Tea%20PRO
Xenns UP	crinacle	711	crinacle/711%20in-ear/Xenns%20UP
Xenns UP	crinacle	Bruel & Kjaer 4620	crinacle/Bruel%20&%20Kjaer%204620%20in-ear/Xenns%20UP
Xenns UP	Jaytiss		Jaytiss/in-ear/Xenns%20UP
Xenns UP	ToneDeafMonk		ToneDeafMonk/in-ear/Xenns%20UP
XFYRO xS2	Rtings	HMS II.3	Rtings/HMS%20II.3%20in-ear/XFYRO%20xS2
Xiaomi Crystal	Innerfidelity		Innerfidelity/in-ear/Xiaomi%20Crystal
Xiaomi Hybrid	Innerfidelity		Innerfidelity/in-ear/Xiaomi%20Hybrid
Xiaomi Mi ANC	oratory1990		oratory1990/in-ear/Xiaomi%20Mi%20ANC
Xiaomi Mi True Wireless Earbuds Basic 2	Super Review		Super%20Review/in-ear/Xiaomi%20Mi%20True%20Wireless%20Earbuds%20Basic%202
Xiaomi Piston 2	Innerfidelity		Innerfidelity/in-ear/Xiaomi%20Piston%202
Xiaomi Piston 3 Youth Edition	Innerfidelity		Innerfidelity/in-ear/Xiaomi%20Piston%203%20Youth%20Edition
Xiaomi Piston 3	Innerfidelity		Innerfidelity/in-ear/Xiaomi%20Piston%203
XINHS HS3 (off-off)	Fahryst		Fahryst/in-ear/XINHS%20HS3%20(off-off)
XINHS HS3 (on-on)	Fahryst		Fahryst/in-ear/XINHS%20HS3%20(on-on)
XINHS x Akros Erasmus (off-off)	Fahryst		Fahryst/in-ear/XINHS%20x%20Akros%20Erasmus%20(off-off)
XINHS x Akros Erasmus (off-off)	Harpo		Harpo/in-ear/XINHS%20x%20Akros%20Erasmus%20(off-off)
XINHS x Akros Erasmus (off-on)	Harpo		Harpo/in-ear/XINHS%20x%20Akros%20Erasmus%20(off-on)
XINHS x Akros Erasmus (on-off)	Harpo		Harpo/in-ear/XINHS%20x%20Akros%20Erasmus%20(on-off)
XINHS x Akros Erasmus (on-on)	Fahryst		Fahryst/in-ear/XINHS%20x%20Akros%20Erasmus%20(on-on)
XINHS x Akros Erasmus (on-on)	Harpo		Harpo/in-ear/XINHS%20x%20Akros%20Erasmus%20(on-on)
XK-Audio Avalon mk2 (alternative earpads)	Kuulokenurkka		Kuulokenurkka/over-ear/XK-Audio%20Avalon%20mk2%20(alternative%20earpads)
XK-Audio Avalon mk2	Kuulokenurkka		Kuulokenurkka/over-ear/XK-Audio%20Avalon%20mk2
XPG PRECOG S	Filk		Filk/over-ear/XPG%20PRECOG%20S
XSL X8	ToneDeafMonk		ToneDeafMonk/in-ear/XSL%20X8
XTZ EarPhone-12	Innerfidelity		Innerfidelity/in-ear/XTZ%20EarPhone-12
Yamaha EPH-100	crinacle	711	crinacle/711%20in-ear/Yamaha%20EPH-100
Yamaha HP1 (sample 1)	Innerfidelity		Innerfidelity/over-ear/Yamaha%20HP1%20(sample%201)
Yamaha HP1 (serial number 051712)	Innerfidelity		Innerfidelity/over-ear/Yamaha%20HP1%20(serial%20number%20051712)
Yamaha HP1	Innerfidelity		Innerfidelity/over-ear/Yamaha%20HP1
Yamaha HP3	Innerfidelity		Innerfidelity/over-ear/Yamaha%20HP3
Yamaha HP-300	crinacle	GRAS 43AG-7	crinacle/GRAS%2043AG-7%20over-ear/Yamaha%20HP-300
Yamaha HP-50S	crinacle	GRAS 43AG-7	crinacle/GRAS%2043AG-7%20over-ear/Yamaha%20HP-50S
Yamaha HPH-200	oratory1990		oratory1990/over-ear/Yamaha%20HPH-200
Yamaha HPH-MT220	Innerfidelity		Innerfidelity/over-ear/Yamaha%20HPH-MT220
Yamaha PRO 300	Innerfidelity		Innerfidelity/over-ear/Yamaha%20PRO%20300
Yamaha PRO 400	Innerfidelity		Innerfidelity/over-ear/Yamaha%20PRO%20400
Yamaha PRO 500	Innerfidelity		Innerfidelity/over-ear/Yamaha%20PRO%20500
Yamaha RH5Ma	oratory1990		oratory1990/over-ear/Yamaha%20RH5Ma
Yamaha YH-100	Innerfidelity		Innerfidelity/over-ear/Yamaha%20YH-100
Yamaha YH-3	Innerfidelity		Innerfidelity/over-ear/Yamaha%20YH-3
Yamaha YH-5000SE (leather earpads)	Kuulokenurkka		Kuulokenurkka/over-ear/Yamaha%20YH-5000SE%20(leather%20earpads)
Yamaha YH-5000SE (suede earpads)	Kuulokenurkka		Kuulokenurkka/over-ear/Yamaha%20YH-5000SE%20(suede%20earpads)
Yamaha YH-5000SE	oratory1990		oratory1990/over-ear/Yamaha%20YH-5000SE
Yamaha YH-5M	Innerfidelity		Innerfidelity/in-ear/Yamaha%20YH-5M
Yamaha YH-E700A (ANC on)	oratory1990		oratory1990/over-ear/Yamaha%20YH-E700A%20(ANC%20on)
Yanyin Aladdin	crinacle	711	crinacle/711%20in-ear/Yanyin%20Aladdin
Yanyin Aladdin	crinacle	Bruel & Kjaer 4620	crinacle/Bruel%20&%20Kjaer%204620%20in-ear/Yanyin%20Aladdin
Yanyin Aladdin	Hi End Portable		Hi%20End%20Portable/in-ear/Yanyin%20Aladdin
Yanyin Cannon II	Jaytiss		Jaytiss/in-ear/Yanyin%20Cannon%20II
Yanyin Canon (off-off-off)	crinacle	711	crinacle/711%20in-ear/Yanyin%20Canon%20(off-off-off)
Yanyin Canon (off-off-off)	ToneDeafMonk		ToneDeafMonk/in-ear/Yanyin%20Canon%20(off-off-off)
Yanyin Canon (off-off-on)	crinacle	711	crinacle/711%20in-ear/Yanyin%20Canon%20(off-off-on)
Yanyin Canon (off-off-on)	ToneDeafMonk		ToneDeafMonk/in-ear/Yanyin%20Canon%20(off-off-on)
Yanyin Canon (off-on-off)	crinacle	711	crinacle/711%20in-ear/Yanyin%20Canon%20(off-on-off)
Yanyin Canon (off-on-off)	ToneDeafMonk		ToneDeafMonk/in-ear/Yanyin%20Canon%20(off-on-off)
Yanyin Canon (off-on-on)	ToneDeafMonk		ToneDeafMonk/in-ear/Yanyin%20Canon%20(off-on-on)
Yanyin Canon (on-off-off)	crinacle	711	crinacle/711%20in-ear/Yanyin%20Canon%20(on-off-off)
Yanyin Canon (on-off-off)	ToneDeafMonk		ToneDeafMonk/in-ear/Yanyin%20Canon%20(on-off-off)
Yanyin Canon (on-on-on)	crinacle	711	crinacle/711%20in-ear/Yanyin%20Canon%20(on-on-on)
Yanyin Canon 2 (off-off)	ToneDeafMonk		ToneDeafMonk/in-ear/Yanyin%20Canon%202%20(off-off)
Yanyin Canon 2 (off-on)	ToneDeafMonk		ToneDeafMonk/in-ear/Yanyin%20Canon%202%20(off-on)
Yanyin Canon 2 (on-off)	ToneDeafMonk		ToneDeafMonk/in-ear/Yanyin%20Canon%202%20(on-off)
Yanyin Canon 2 (on-on)	ToneDeafMonk		ToneDeafMonk/in-ear/Yanyin%20Canon%202%20(on-on)
Yanyin Canon II (off-off)	Super Review		Super%20Review/in-ear/Yanyin%20Canon%20II%20(off-off)
Yanyin Canon II (off-on)	Super Review		Super%20Review/in-ear/Yanyin%20Canon%20II%20(off-on)
Yanyin Canon II (on-off)	Super Review		Super%20Review/in-ear/Yanyin%20Canon%20II%20(on-off)
Yanyin Canon II (on-on)	Super Review		Super%20Review/in-ear/Yanyin%20Canon%20II%20(on-on)
Yanyin Canon Pro (off-off)	Hi End Portable		Hi%20End%20Portable/in-ear/Yanyin%20Canon%20Pro%20(off-off)
Yanyin Canon Pro (off-off)	Super Review		Super%20Review/in-ear/Yanyin%20Canon%20Pro%20(off-off)
Yanyin Canon Pro (off-on)	Hi End Portable		Hi%20End%20Portable/in-ear/Yanyin%20Canon%20Pro%20(off-on)
Yanyin Canon Pro (off-on)	Super Review		Super%20Review/in-ear/Yanyin%20Canon%20Pro%20(off-on)
Yanyin Canon Pro (on-off)	Hi End Portable		Hi%20End%20Portable/in-ear/Yanyin%20Canon%20Pro%20(on-off)
Yanyin Canon Pro (on-off)	Super Review		Super%20Review/in-ear/Yanyin%20Canon%20Pro%20(on-off)
Yanyin Canon Pro (on-on)	Hi End Portable		Hi%20End%20Portable/in-ear/Yanyin%20Canon%20Pro%20(on-on)
Yanyin Canon Pro (on-on)	Super Review		Super%20Review/in-ear/Yanyin%20Canon%20Pro%20(on-on)
Yanyin Canon	crinacle	Bruel & Kjaer 4620	crinacle/Bruel%20&%20Kjaer%204620%20in-ear/Yanyin%20Canon
Yanyin Carmen	Jaytiss		Jaytiss/in-ear/Yanyin%20Carmen
Yanyin Mahina	crinacle	711	crinacle/711%20in-ear/Yanyin%20Mahina
Yanyin Mahina	Super Review		Super%20Review/in-ear/Yanyin%20Mahina
Yanyin Moonlight (2023 version)	Bakkwatan		Bakkwatan/in-ear/Yanyin%20Moonlight%20(2023%20version)
Yanyin Moonlight	crinacle	711	crinacle/711%20in-ear/Yanyin%20Moonlight
Yincrow RW-9	Super Review		Super%20Review/earbud/Yincrow%20RW-9
Yincrow X6	HypetheSonics		HypetheSonics/earbud/Yincrow%20X6
Yincrow X6	kr0mka		kr0mka/earbud/Yincrow%20X6
Yincrow X6	Super Review		Super%20Review/earbud/Yincrow%20X6
Yinfu MD51	Super Review		Super%20Review/in-ear/Yinfu%20MD51
Yinyoo Ash	crinacle	711	crinacle/711%20in-ear/Yinyoo%20Ash
Yinyoo ST7	kr0mka		kr0mka/in-ear/Yinyoo%20ST7
Yinyoo Topaz (no filter)	crinacle	711	crinacle/711%20in-ear/Yinyoo%20Topaz%20(no%20filter)
Yinyoo V2	Super Review		Super%20Review/in-ear/Yinyoo%20V2
Ylife True Wireless Earbuds	Rtings	HMS II.3	Rtings/HMS%20II.3%20in-ear/Ylife%20True%20Wireless%20Earbuds
YU9 Audio U-556	kr0mka		kr0mka/in-ear/YU9%20Audio%20U-556
Yuin G1A	Headphone.com Legacy		Headphone.com%20Legacy/over-ear/Yuin%20G1A
Yuin G2A	Headphone.com Legacy		Headphone.com%20Legacy/over-ear/Yuin%20G2A
Yuin PK1	Headphone.com Legacy		Headphone.com%20Legacy/earbud/Yuin%20PK1
Yuin PK1	Innerfidelity		Innerfidelity/earbud/Yuin%20PK1
Yuin PK2	Headphone.com Legacy		Headphone.com%20Legacy/earbud/Yuin%20PK2
Yuin PK2	Innerfidelity		Innerfidelity/earbud/Yuin%20PK2
Yutai BAS02	Innerfidelity		Innerfidelity/in-ear/Yutai%20BAS02
ZEMPIREAUDIO ZE51B	Jaytiss		Jaytiss/in-ear/ZEMPIREAUDIO%20ZE51B
Zero Audio Carbo Basso ZH-DX210-CB	crinacle	711	crinacle/711%20in-ear/Zero%20Audio%20Carbo%20Basso%20ZH-DX210-CB
Zero Audio Carbo Doppio ZH-BX700	crinacle	711	crinacle/711%20in-ear/Zero%20Audio%20Carbo%20Doppio%20ZH-BX700
Zero Audio Carbo Singolo ZH-BS150-CS	crinacle	711	crinacle/711%20in-ear/Zero%20Audio%20Carbo%20Singolo%20ZH-BS150-CS
Zero Audio Carbo Tenore	crinacle	711	crinacle/711%20in-ear/Zero%20Audio%20Carbo%20Tenore
Zero Audio Carbo Tenore	HypetheSonics	Bruel & Kjaer 5128	HypetheSonics/Bruel%20&%20Kjaer%205128%20in-ear/Zero%20Audio%20Carbo%20Tenore
Zero Audio Duoza ZH-DWX10	crinacle	711	crinacle/711%20in-ear/Zero%20Audio%20Duoza%20ZH-DWX10
ZiiGaat Arcanis	Jaytiss		Jaytiss/in-ear/ZiiGaat%20Arcanis
ZiiGaat Arcanis	Super Review		Super%20Review/in-ear/ZiiGaat%20Arcanis
ZiiGaat Cincotres	Harpo		Harpo/in-ear/ZiiGaat%20Cincotres
ZiiGaat Cincotres	Jaytiss		Jaytiss/in-ear/ZiiGaat%20Cincotres
ZiiGaat Cinno	Hi End Portable		Hi%20End%20Portable/in-ear/ZiiGaat%20Cinno
ZiiGaat Cinno	Jaytiss		Jaytiss/in-ear/ZiiGaat%20Cinno
ZiiGaat Cinno	ToneDeafMonk		ToneDeafMonk/in-ear/ZiiGaat%20Cinno
ZiiGaat Doscinco	Harpo		Harpo/in-ear/ZiiGaat%20Doscinco
ZiiGaat Doscinco	Jaytiss		Jaytiss/in-ear/ZiiGaat%20Doscinco
ZiiGaat Estrella	Super Review		Super%20Review/in-ear/ZiiGaat%20Estrella
ZiiGaat Estrella	ToneDeafMonk		ToneDeafMonk/in-ear/ZiiGaat%20Estrella
ZiiGaat Luna	Jaytiss		Jaytiss/in-ear/ZiiGaat%20Luna
ZiiGaat Lush	Jaytiss		Jaytiss/in-ear/ZiiGaat%20Lush
ZiiGaat Lush	Super Review		Super%20Review/in-ear/ZiiGaat%20Lush
ZiiGaat Nuo	Fahryst		Fahryst/in-ear/ZiiGaat%20Nuo
ZiiGaat Nuo	Jaytiss		Jaytiss/in-ear/ZiiGaat%20Nuo
ZiiGaat Nuo	ToneDeafMonk		ToneDeafMonk/in-ear/ZiiGaat%20Nuo
ZiiGaat Odyssey	Jaytiss		Jaytiss/in-ear/ZiiGaat%20Odyssey
ZiiGaat Odyssey	ToneDeafMonk		ToneDeafMonk/in-ear/ZiiGaat%20Odyssey
ZiiGaat x Fresh Reviews Arete	Jaytiss		Jaytiss/in-ear/ZiiGaat%20x%20Fresh%20Reviews%20Arete
ZiiGaat x Fresh Reviews Arete	ToneDeafMonk		ToneDeafMonk/in-ear/ZiiGaat%20x%20Fresh%20Reviews%20Arete
ZiiGaat x HBB Arcadia	Jaytiss		Jaytiss/in-ear/ZiiGaat%20x%20HBB%20Arcadia
ZiiGaat x HBB Jupiter	Jaytiss		Jaytiss/in-ear/ZiiGaat%20x%20HBB%20Jupiter
ZiiGaat x Jays Audio Estrella	Jaytiss		Jaytiss/in-ear/ZiiGaat%20x%20Jays%20Audio%20Estrella
Zipbuds Pro Mic	Innerfidelity		Innerfidelity/in-ear/Zipbuds%20Pro%20Mic
ZMF Aeolus (universal perforated earpads)	crinacle	EARS + 711	crinacle/EARS%20+%20711%20over-ear/ZMF%20Aeolus%20(universal%20perforated%20earpads)
ZMF Aeolus (universal perforated suede earpads)	crinacle	GRAS 43AG-7	crinacle/GRAS%2043AG-7%20over-ear/ZMF%20Aeolus%20(universal%20perforated%20suede%20earpads)
ZMF Aeolus (ZMF BE2 perforated suede earpads)	Kuulokenurkka		Kuulokenurkka/over-ear/ZMF%20Aeolus%20(ZMF%20BE2%20perforated%20suede%20earpads)
ZMF Aeolus (ZMF Universe perforated leather earpads)	Kuulokenurkka		Kuulokenurkka/over-ear/ZMF%20Aeolus%20(ZMF%20Universe%20perforated%20leather%20earpads)
ZMF Aeolus (ZMF Universe perforated suede earpads)	Kuulokenurkka		Kuulokenurkka/over-ear/ZMF%20Aeolus%20(ZMF%20Universe%20perforated%20suede%20earpads)
ZMF Aeolus	crinacle	EARS + 711	crinacle/EARS%20+%20711%20over-ear/ZMF%20Aeolus
ZMF Atrium (perforated lambskin BE2 earpads)	crinacle	GRAS 43AG-7	crinacle/GRAS%2043AG-7%20over-ear/ZMF%20Atrium%20(perforated%20lambskin%20BE2%20earpads)
ZMF Atrium (solid mesh, perforated lambskin earpads)	Super Review		Super%20Review/over-ear/ZMF%20Atrium%20(solid%20mesh,%20perforated%20lambskin%20earpads)
ZMF Atrium (solid mesh, perforated suede earpads)	Super Review		Super%20Review/over-ear/ZMF%20Atrium%20(solid%20mesh,%20perforated%20suede%20earpads)
ZMF Atrium (ZMF Auteur perforated leather earpads)	Kuulokenurkka		Kuulokenurkka/over-ear/ZMF%20Atrium%20(ZMF%20Auteur%20perforated%20leather%20earpads)
ZMF Atrium (ZMF BE2 perforated suede earpads)	Kuulokenurkka		Kuulokenurkka/over-ear/ZMF%20Atrium%20(ZMF%20BE2%20perforated%20suede%20earpads)
ZMF Atrium (ZMF Universe perforated leather earpads)	Kuulokenurkka		Kuulokenurkka/over-ear/ZMF%20Atrium%20(ZMF%20Universe%20perforated%20leather%20earpads)
ZMF Atrium (ZMF Universe perforated suede earpads)	Kuulokenurkka		Kuulokenurkka/over-ear/ZMF%20Atrium%20(ZMF%20Universe%20perforated%20suede%20earpads)
ZMF Atrium Closed (ZMF Caldera thin lambskin earpads)	kr0mka		kr0mka/over-ear/ZMF%20Atrium%20Closed%20(ZMF%20Caldera%20thin%20lambskin%20earpads)
ZMF Atticus (Eikon suede earpads)	crinacle	GRAS 43AG-7	crinacle/GRAS%2043AG-7%20over-ear/ZMF%20Atticus%20(Eikon%20suede%20earpads)
ZMF Atticus (ZMF Eikon suede earpads)	Kuulokenurkka		Kuulokenurkka/over-ear/ZMF%20Atticus%20(ZMF%20Eikon%20suede%20earpads)
ZMF Atticus (ZMF Ori leather earpads)	Kuulokenurkka		Kuulokenurkka/over-ear/ZMF%20Atticus%20(ZMF%20Ori%20leather%20earpads)
ZMF Atticus	crinacle	EARS + 711	crinacle/EARS%20+%20711%20over-ear/ZMF%20Atticus
ZMF Atticus	Innerfidelity		Innerfidelity/over-ear/ZMF%20Atticus
ZMF Atticus	oratory1990		oratory1990/over-ear/ZMF%20Atticus
ZMF Auteur (perforated lambskin Auteur earpads)	crinacle	GRAS 43AG-7	crinacle/GRAS%2043AG-7%20over-ear/ZMF%20Auteur%20(perforated%20lambskin%20Auteur%20earpads)
ZMF Auteur (ZMF Auteur perforated hybrid earpads)	Kuulokenurkka		Kuulokenurkka/over-ear/ZMF%20Auteur%20(ZMF%20Auteur%20perforated%20hybrid%20earpads)
ZMF Auteur (ZMF Auteur perforated leather earpads)	Kuulokenurkka		Kuulokenurkka/over-ear/ZMF%20Auteur%20(ZMF%20Auteur%20perforated%20leather%20earpads)
ZMF Auteur (ZMF Auteur perforated suede earpads)	Kuulokenurkka		Kuulokenurkka/over-ear/ZMF%20Auteur%20(ZMF%20Auteur%20perforated%20suede%20earpads)
ZMF Auteur (ZMF Eikon perforated leather earpads)	Kuulokenurkka		Kuulokenurkka/over-ear/ZMF%20Auteur%20(ZMF%20Eikon%20perforated%20leather%20earpads)
ZMF Auteur (ZMF Eikon perforated suede earpads)	Kuulokenurkka		Kuulokenurkka/over-ear/ZMF%20Auteur%20(ZMF%20Eikon%20perforated%20suede%20earpads)
ZMF Auteur (ZMF Universe perforated leather earpads)	Kuulokenurkka		Kuulokenurkka/over-ear/ZMF%20Auteur%20(ZMF%20Universe%20perforated%20leather%20earpads)
ZMF Auteur (ZMF Universe perforated suede earpads)	Kuulokenurkka		Kuulokenurkka/over-ear/ZMF%20Auteur%20(ZMF%20Universe%20perforated%20suede%20earpads)
ZMF Auteur Blackwood (universal perforated earpads)	crinacle	EARS + 711	crinacle/EARS%20+%20711%20over-ear/ZMF%20Auteur%20Blackwood%20(universal%20perforated%20earpads)
ZMF Auteur Blackwood	crinacle	EARS + 711	crinacle/EARS%20+%20711%20over-ear/ZMF%20Auteur%20Blackwood
ZMF Auteur Classic (ZMF Auteur perforated hybrid earpads)	Kuulokenurkka		Kuulokenurkka/over-ear/ZMF%20Auteur%20Classic%20(ZMF%20Auteur%20perforated%20hybrid%20earpads)
ZMF Auteur Classic (ZMF Auteur perforated lambskin earpads)	kr0mka		kr0mka/over-ear/ZMF%20Auteur%20Classic%20(ZMF%20Auteur%20perforated%20lambskin%20earpads)
ZMF Auteur Classic (ZMF Auteur perforated leather earpads)	Kuulokenurkka		Kuulokenurkka/over-ear/ZMF%20Auteur%20Classic%20(ZMF%20Auteur%20perforated%20leather%20earpads)
ZMF Auteur Classic (ZMF Auteur perforated suede earpads)	Kuulokenurkka		Kuulokenurkka/over-ear/ZMF%20Auteur%20Classic%20(ZMF%20Auteur%20perforated%20suede%20earpads)
ZMF Auteur Classic (ZMF BE2 perforated suede earpads)	Kuulokenurkka		Kuulokenurkka/over-ear/ZMF%20Auteur%20Classic%20(ZMF%20BE2%20perforated%20suede%20earpads)
ZMF Auteur Classic (ZMF Caldera hybrid earpads)	Super Review		Super%20Review/over-ear/ZMF%20Auteur%20Classic%20(ZMF%20Caldera%20hybrid%20earpads)
ZMF Auteur Classic (ZMF Caldera lambskin earpads)	Super Review		Super%20Review/over-ear/ZMF%20Auteur%20Classic%20(ZMF%20Caldera%20lambskin%20earpads)
ZMF Auteur Classic (ZMF Caldera suede earpads)	Super Review		Super%20Review/over-ear/ZMF%20Auteur%20Classic%20(ZMF%20Caldera%20suede%20earpads)
ZMF Auteur Classic (ZMF Eikon perforated leather earpads)	Kuulokenurkka		Kuulokenurkka/over-ear/ZMF%20Auteur%20Classic%20(ZMF%20Eikon%20perforated%20leather%20earpads)
ZMF Auteur Classic (ZMF Eikon perforated suede earpads)	kr0mka		kr0mka/over-ear/ZMF%20Auteur%20Classic%20(ZMF%20Eikon%20perforated%20suede%20earpads)
ZMF Auteur Classic (ZMF Eikon perforated suede earpads)	Kuulokenurkka		Kuulokenurkka/over-ear/ZMF%20Auteur%20Classic%20(ZMF%20Eikon%20perforated%20suede%20earpads)
ZMF Auteur Classic (ZMF Universe perforated lambskin earpads)	kr0mka		kr0mka/over-ear/ZMF%20Auteur%20Classic%20(ZMF%20Universe%20perforated%20lambskin%20earpads)
ZMF Auteur Classic (ZMF Universe perforated leather earpads)	Kuulokenurkka		Kuulokenurkka/over-ear/ZMF%20Auteur%20Classic%20(ZMF%20Universe%20perforated%20leather%20earpads)
ZMF Auteur Classic (ZMF Universe perforated suede earpads)	kr0mka		kr0mka/over-ear/ZMF%20Auteur%20Classic%20(ZMF%20Universe%20perforated%20suede%20earpads)
ZMF Auteur Classic (ZMF Universe perforated suede earpads)	Kuulokenurkka		Kuulokenurkka/over-ear/ZMF%20Auteur%20Classic%20(ZMF%20Universe%20perforated%20suede%20earpads)
ZMF Auteur Classic	Super Review		Super%20Review/over-ear/ZMF%20Auteur%20Classic
ZMF Auteur Cocobolo	crinacle	EARS + 711	crinacle/EARS%20+%20711%20over-ear/ZMF%20Auteur%20Cocobolo
ZMF Auteur Teak	crinacle	EARS + 711	crinacle/EARS%20+%20711%20over-ear/ZMF%20Auteur%20Teak
ZMF Bokeh (hybrid earpads, burst mesh)	Kuulokenurkka		Kuulokenurkka/over-ear/ZMF%20Bokeh%20(hybrid%20earpads,%20burst%20mesh)
ZMF Bokeh (hybrid earpads, no mesh)	Kuulokenurkka		Kuulokenurkka/over-ear/ZMF%20Bokeh%20(hybrid%20earpads,%20no%20mesh)
ZMF Bokeh (hybrid earpads, solid mesh)	Kuulokenurkka		Kuulokenurkka/over-ear/ZMF%20Bokeh%20(hybrid%20earpads,%20solid%20mesh)
ZMF Bokeh (protein earpads, burst mesh)	Kuulokenurkka		Kuulokenurkka/over-ear/ZMF%20Bokeh%20(protein%20earpads,%20burst%20mesh)
ZMF Bokeh (protein earpads, no mesh)	Kuulokenurkka		Kuulokenurkka/over-ear/ZMF%20Bokeh%20(protein%20earpads,%20no%20mesh)
ZMF Bokeh (suede earpads, no mesh)	Kuulokenurkka		Kuulokenurkka/over-ear/ZMF%20Bokeh%20(suede%20earpads,%20no%20mesh)
ZMF Bokeh Closed (hybrid earpads, black mesh)	Super Review		Super%20Review/over-ear/ZMF%20Bokeh%20Closed%20(hybrid%20earpads,%20black%20mesh)
ZMF Bokeh Closed (hybrid earpads, burst mesh)	Super Review		Super%20Review/over-ear/ZMF%20Bokeh%20Closed%20(hybrid%20earpads,%20burst%20mesh)
ZMF Bokeh Closed (hybrid earpads, green mesh)	Super Review		Super%20Review/over-ear/ZMF%20Bokeh%20Closed%20(hybrid%20earpads,%20green%20mesh)
ZMF Bokeh Closed (hybrid earpads, no mesh)	Super Review		Super%20Review/over-ear/ZMF%20Bokeh%20Closed%20(hybrid%20earpads,%20no%20mesh)
ZMF Bokeh Closed (hybrid earpads, red mesh)	Super Review		Super%20Review/over-ear/ZMF%20Bokeh%20Closed%20(hybrid%20earpads,%20red%20mesh)
ZMF Bokeh Closed (hybrid earpads, solid mesh)	Super Review		Super%20Review/over-ear/ZMF%20Bokeh%20Closed%20(hybrid%20earpads,%20solid%20mesh)
ZMF Bokeh Closed (lambskin earpads, red mesh)	Super Review		Super%20Review/over-ear/ZMF%20Bokeh%20Closed%20(lambskin%20earpads,%20red%20mesh)
ZMF Bokeh Closed (protein earpads, burst mesh)	Super Review		Super%20Review/over-ear/ZMF%20Bokeh%20Closed%20(protein%20earpads,%20burst%20mesh)
ZMF Bokeh Closed (protein earpads, red mesh)	Super Review		Super%20Review/over-ear/ZMF%20Bokeh%20Closed%20(protein%20earpads,%20red%20mesh)
ZMF Bokeh Closed (suede earpads, burst mesh)	Super Review		Super%20Review/over-ear/ZMF%20Bokeh%20Closed%20(suede%20earpads,%20burst%20mesh)
ZMF Bokeh Closed (suede earpads, red mesh)	Super Review		Super%20Review/over-ear/ZMF%20Bokeh%20Closed%20(suede%20earpads,%20red%20mesh)
ZMF Bokeh S2 (suede earpads)	kr0mka		kr0mka/over-ear/ZMF%20Bokeh%20S2%20(suede%20earpads)
ZMF Bokeh S2 (thin hybrid earpads)	kr0mka		kr0mka/over-ear/ZMF%20Bokeh%20S2%20(thin%20hybrid%20earpads)
ZMF Bokeh S2 (thin protein earpads)	kr0mka		kr0mka/over-ear/ZMF%20Bokeh%20S2%20(thin%20protein%20earpads)
ZMF Bokeh	kr0mka		kr0mka/over-ear/ZMF%20Bokeh
ZMF Caldera (cowhide earpads)	Kuulokenurkka		Kuulokenurkka/over-ear/ZMF%20Caldera%20(cowhide%20earpads)
ZMF Caldera (lambskin earpads)	Kuulokenurkka		Kuulokenurkka/over-ear/ZMF%20Caldera%20(lambskin%20earpads)
ZMF Caldera (suede earpads)	Kuulokenurkka		Kuulokenurkka/over-ear/ZMF%20Caldera%20(suede%20earpads)
ZMF Caldera (thick earpads)	Kuulokenurkka		Kuulokenurkka/over-ear/ZMF%20Caldera%20(thick%20earpads)
ZMF Caldera (thin lambskin earpads)	kr0mka		kr0mka/over-ear/ZMF%20Caldera%20(thin%20lambskin%20earpads)
ZMF Eikon (Eikon lambskin earpads)	crinacle	GRAS 43AG-7	crinacle/GRAS%2043AG-7%20over-ear/ZMF%20Eikon%20(Eikon%20lambskin%20earpads)
ZMF Eikon (Protein earpads)	oratory1990		oratory1990/over-ear/ZMF%20Eikon%20(Protein%20earpads)
ZMF Eikon (ZMF Auteur leather earpads)	Kuulokenurkka		Kuulokenurkka/over-ear/ZMF%20Eikon%20(ZMF%20Auteur%20leather%20earpads)
ZMF Eikon (ZMF Eikon leather earpads)	Kuulokenurkka		Kuulokenurkka/over-ear/ZMF%20Eikon%20(ZMF%20Eikon%20leather%20earpads)
ZMF Eikon (ZMF Eikon suede earpads)	Kuulokenurkka		Kuulokenurkka/over-ear/ZMF%20Eikon%20(ZMF%20Eikon%20suede%20earpads)
ZMF Eikon (ZMF Universe leather earpads)	Kuulokenurkka		Kuulokenurkka/over-ear/ZMF%20Eikon%20(ZMF%20Universe%20leather%20earpads)
ZMF Eikon	crinacle	EARS + 711	crinacle/EARS%20+%20711%20over-ear/ZMF%20Eikon
ZMF Eikon	Innerfidelity		Innerfidelity/over-ear/ZMF%20Eikon
ZMF Verite (perforated hybid BE2 earpads)	crinacle	GRAS 43AG-7	crinacle/GRAS%2043AG-7%20over-ear/ZMF%20Verite%20(perforated%20hybid%20BE2%20earpads)
ZMF Verite (perforated Verite lambskin earpads)	crinacle	GRAS 43AG-7	crinacle/GRAS%2043AG-7%20over-ear/ZMF%20Verite%20(perforated%20Verite%20lambskin%20earpads)
ZMF Verite (ZMF Auteur perforated hybrid earpads)	Kuulokenurkka		Kuulokenurkka/over-ear/ZMF%20Verite%20(ZMF%20Auteur%20perforated%20hybrid%20earpads)
ZMF Verite (ZMF BE2 perforated hybrid earpads)	Kuulokenurkka		Kuulokenurkka/over-ear/ZMF%20Verite%20(ZMF%20BE2%20perforated%20hybrid%20earpads)
ZMF Verite (ZMF BE2 perforated leather earpads)	Kuulokenurkka		Kuulokenurkka/over-ear/ZMF%20Verite%20(ZMF%20BE2%20perforated%20leather%20earpads)
ZMF Verite (ZMF Universe perforated leather earpads)	Kuulokenurkka		Kuulokenurkka/over-ear/ZMF%20Verite%20(ZMF%20Universe%20perforated%20leather%20earpads)
ZMF Verite (ZMF Universe perforated suede earpads)	Kuulokenurkka		Kuulokenurkka/over-ear/ZMF%20Verite%20(ZMF%20Universe%20perforated%20suede%20earpads)
ZMF Verite Closed (Auteur lambskin earpads)	crinacle	GRAS 43AG-7	crinacle/GRAS%2043AG-7%20over-ear/ZMF%20Verite%20Closed%20(Auteur%20lambskin%20earpads)
ZMF Verite Closed (hybrid Universe earpads)	crinacle	GRAS 43AG-7	crinacle/GRAS%2043AG-7%20over-ear/ZMF%20Verite%20Closed%20(hybrid%20Universe%20earpads)
ZMF Verite Closed (ZMF Auteur hybrid earpads)	Kuulokenurkka		Kuulokenurkka/over-ear/ZMF%20Verite%20Closed%20(ZMF%20Auteur%20hybrid%20earpads)
ZMF Verite Closed (ZMF Auteur leather earpads)	Kuulokenurkka		Kuulokenurkka/over-ear/ZMF%20Verite%20Closed%20(ZMF%20Auteur%20leather%20earpads)
ZMF Verite Closed (ZMF Eikon leather earpads)	Kuulokenurkka		Kuulokenurkka/over-ear/ZMF%20Verite%20Closed%20(ZMF%20Eikon%20leather%20earpads)
ZMF Verite Closed (ZMF Eikon suede earpads)	Kuulokenurkka		Kuulokenurkka/over-ear/ZMF%20Verite%20Closed%20(ZMF%20Eikon%20suede%20earpads)
ZMF Verite Closed (ZMF Universe hybrid earpads)	Kuulokenurkka		Kuulokenurkka/over-ear/ZMF%20Verite%20Closed%20(ZMF%20Universe%20hybrid%20earpads)
ZMF Verite Closed (ZMF Universe leather earpads)	Kuulokenurkka		Kuulokenurkka/over-ear/ZMF%20Verite%20Closed%20(ZMF%20Universe%20leather%20earpads)
ZMF Verite Closed	crinacle	EARS + 711	crinacle/EARS%20+%20711%20over-ear/ZMF%20Verite%20Closed
ZMF Verite	crinacle	EARS + 711	crinacle/EARS%20+%20711%20over-ear/ZMF%20Verite
ZMF Verite	oratory1990		oratory1990/over-ear/ZMF%20Verite
Zoukbox ZDY10 Bass	Innerfidelity		Innerfidelity/in-ear/Zoukbox%20ZDY10%20Bass
Zoukbox ZLX30	Innerfidelity		Innerfidelity/in-ear/Zoukbox%20ZLX30
